Date,Close,High,Low,Open,Volume,Daily_Return,MA50,MA200
2010-06-30,1.5886670351028442,2.0280001163482666,1.553333044052124,1.7193330526351929,257806500,,,
2010-07-01,1.4639999866485596,1.7280000448226929,1.3513330221176147,1.6666669845581055,123282000,-0.07847273575876412,,
2010-07-02,1.2799999713897705,1.5399999618530273,1.24733304977417,1.5333329439163208,77097000,-0.12568307167816883,,
2010-07-06,1.0740000009536743,1.3333330154418945,1.0553330183029175,1.3333330154418945,103003500,-0.1609374805004331,,
2010-07-07,1.053333044052124,1.108667016029358,0.9986670017242432,1.0933330059051514,103825500,-0.01924297661377916,,
2010-07-08,1.1640000343322754,1.1679999828338623,1.0379999876022339,1.0759999752044678,115671000,0.10506362722128282,,
2010-07-09,1.159999966621399,1.1933330297470093,1.1033329963684082,1.1720000505447388,60759000,-0.0034364841863351314,,
2010-07-12,1.136667013168335,1.2046669721603394,1.1333329677581787,1.196666955947876,33037500,-0.02011461562453598,,
2010-07-13,1.2093329429626465,1.2426669597625732,1.1266670227050781,1.1593329906463623,40201500,0.0639289510054164,,
2010-07-14,1.3226670026779175,1.3433330059051514,1.184000015258789,1.1959999799728394,62928000,0.09371617665324083,,
2010-07-15,1.3259999752044678,1.4333330392837524,1.2666670083999634,1.329332947731018,56097000,0.0025198878627819,,
2010-07-16,1.3760000467300415,1.4199999570846558,1.3366669416427612,1.3799999952316284,39319500,0.037707445294532294,,
2010-07-19,1.4606670141220093,1.4833329916000366,1.3946670293807983,1.4246670007705688,37297500,0.061531224212653335,,
2010-07-20,1.3533329963684082,1.4566669464111328,1.3366669416427612,1.4566669464111328,27379500,-0.07348287920236107,,
2010-07-21,1.3480000495910645,1.3933329582214355,1.2999999523162842,1.3773330450057983,18787500,-0.0039406020481688175,,
2010-07-22,1.399999976158142,1.4166669845581055,1.3580000400543213,1.3666670322418213,14367000,0.03857561176118107,,
2010-07-23,1.4193329811096191,1.4373329877853394,1.4040000438690186,1.4126670360565186,9804000,0.01380928948622584,,
2010-07-26,1.3966670036315918,1.4333330392837524,1.3533329963684082,1.4333330392837524,13833000,-0.015969457329390924,,
2010-07-27,1.3700000047683716,1.4119999408721924,1.3506669998168945,1.3940000534057617,9295500,-0.019093312001988383,,
2010-07-28,1.3813329935073853,1.3933329582214355,1.3673330545425415,1.3700000047683716,7008000,0.008272254525232503,,
2010-07-29,1.3566670417785645,1.3919999599456787,1.3333330154418945,1.3846670389175415,9240000,-0.017856629679271374,,
2010-07-30,1.329332947731018,1.3626669645309448,1.303333044052124,1.3466670513153076,6403500,-0.020147975299607768,,
2010-08-02,1.3946670293807983,1.3980000019073486,1.3553329706192017,1.3666670322418213,10771500,0.049148019509556384,,
2010-08-03,1.463333010673523,1.463333010673523,1.3880000114440918,1.399999976158142,18457500,0.049234677414874195,,
2010-08-04,1.4173330068588257,1.4786670207977295,1.3899999856948853,1.463333010673523,13695000,-0.03143508926483185,,
2010-08-05,1.363332986831665,1.4366669654846191,1.3366669416427612,1.4359999895095825,11943000,-0.03809974068609223,,
2010-08-06,1.305999994277954,1.343999981880188,1.301332950592041,1.340000033378601,11128500,-0.042053550458681865,,
2010-08-09,1.3066669702529907,1.3320000171661377,1.2966669797897339,1.3266669511795044,12190500,0.0005107013613774303,,
2010-08-10,1.2686669826507568,1.309999942779541,1.254667043685913,1.309999942779541,19219500,-0.029081616408254796,,
2010-08-11,1.1933330297470093,1.2586669921875,1.190000057220459,1.246000051498413,11964000,-0.05938040000563782,,
2010-08-12,1.1733330488204956,1.1933330297470093,1.1593329906463623,1.1866669654846191,10365000,-0.016759764816661193,,
2010-08-13,1.2213330268859863,1.2300000190734863,1.1773329973220825,1.2120000123977661,9510000,0.040909082134644725,,
2010-08-16,1.2519999742507935,1.2533329725265503,1.2173329591751099,1.2300000190734863,7287000,0.02510940643519488,,
2010-08-17,1.2766669988632202,1.2933330535888672,1.2519999742507935,1.2640000581741333,6718500,0.019702096741006425,,
2010-08-18,1.2513329982757568,1.305999994277954,1.2400000095367432,1.305999994277954,9019500,-0.019843859526424312,,
2010-08-19,1.25266695022583,1.2833329439163208,1.222000002861023,1.2359999418258667,8686500,0.0010660247527327638,,
2010-08-20,1.273332953453064,1.2740000486373901,1.2339999675750732,1.2433329820632935,4440000,0.016497603950921036,,
2010-08-23,1.3420000076293945,1.3593330383300781,1.2666670083999634,1.2726670503616333,16321500,0.05392702198597554,,
2010-08-24,1.2799999713897705,1.3140000104904175,1.2633329629898071,1.2833329439163208,10096500,-0.04619972867894784,,
2010-08-25,1.3266669511795044,1.3320000171661377,1.237333059310913,1.2773330211639404,7549500,0.0364585787756424,,
2010-08-26,1.3166669607162476,1.3513330221176147,1.3066669702529907,1.3259999752044678,6507000,-0.0075376796372036425,,
2010-08-27,1.3133330345153809,1.324666976928711,1.2999999523162842,1.3166669607162476,5694000,-0.0025320952832696975,,
2010-08-30,1.324666976928711,1.3459999561309814,1.307332992553711,1.3133330345153809,10992000,0.008629907354391841,,
2010-08-31,1.2986669540405273,1.3193329572677612,1.2886669635772705,1.3106670379638672,3016500,-0.01962759194651742,,
2010-09-01,1.363332986831665,1.3793330192565918,1.3066669702529907,1.3079999685287476,7423500,0.04979416207515186,,
2010-09-02,1.4040000438690186,1.4160000085830688,1.3539999723434448,1.3580000400543213,7306500,0.029829144772519856,,
2010-09-03,1.4033329486846924,1.4199999570846558,1.3773330450057983,1.391332983970642,6519000,-0.00047513900532925035,,
2010-09-07,1.369333028793335,1.399999976158142,1.3666670322418213,1.3739999532699585,3651000,-0.024227978059821575,,
2010-09-08,1.3933329582214355,1.3966670036315918,1.3733329772949219,1.3773330450057983,4326000,0.017526729380981543,,
2010-09-09,1.380666971206665,1.4033329486846924,1.3793330192565918,1.399999976158142,5643000,-0.009090423749782306,1.317999975681305,
2010-09-10,1.3446669578552246,1.3953330516815186,1.3173329830169678,1.3833329677581787,5799000,-0.026074364131400518,1.3131199741363526,
2010-09-13,1.3813329935073853,1.3933329582214355,1.3666670322418213,1.3926670551300049,5412000,0.02726774495198714,1.311466634273529,
2010-09-14,1.4079999923706055,1.440000057220459,1.3686670064926147,1.369333028793335,9820500,0.01930526454414827,1.3140266346931457,
2010-09-15,1.4653329849243164,1.4666670560836792,1.3860000371932983,1.3986669778823853,10269000,0.04071945515935771,1.3218532943725585,
2010-09-16,1.3960000276565552,1.5440000295639038,1.3893330097198486,1.476667046546936,40267500,-0.04731549619170161,1.3287066340446472,
2010-09-17,1.348667025566101,1.4213329553604126,1.3200000524520874,1.401332974433899,17977500,-0.033906161284188,1.3323999738693237,
2010-09-20,1.4040000438690186,1.4233330488204956,1.343999981880188,1.378000020980835,14212500,0.041027931471588897,1.3372799754142761,
2010-09-21,1.3846670389175415,1.4366669654846191,1.378000020980835,1.3926670551300049,11940000,-0.013769946116383935,1.3422399759292603,
2010-09-22,1.324666976928711,1.3966670036315918,1.3200000524520874,1.391332983970642,14443500,-0.04333176157333496,1.3445466566085815,
2010-09-23,1.3040000200271606,1.3426669836044312,1.2999999523162842,1.3259999752044678,10021500,-0.015601624605655506,1.3441733169555663,
2010-09-24,1.340000033378601,1.3459999561309814,1.309999942779541,1.3300000429153442,8683500,0.02760737177802386,1.344453318119049,
2010-09-27,1.3686670064926147,1.3873330354690552,1.3366669416427612,1.3600000143051147,6279000,0.021393262985027306,1.3443066573143005,
2010-09-28,1.4266669750213623,1.4326670169830322,1.3839999437332153,1.4026670455932617,18217500,0.042376975738883216,1.3436266565322876,
2010-09-29,1.4653329849243164,1.4686670303344727,1.408666968345642,1.4126670360565186,29539500,0.02710233753211755,1.3458666563034059,
2010-09-30,1.3606669902801514,1.476667046546936,1.3459999561309814,1.4666670560836792,32937000,-0.07142812979779545,1.3461199951171876,
2010-10-01,1.3733329772949219,1.3833329677581787,1.3539999723434448,1.3793330192565918,8965500,0.009308660462294727,1.3455866551399231,
2010-10-04,1.3993330001831055,1.4113329648971558,1.3533329963684082,1.3619999885559082,9654000,0.018932060409265317,1.3451866555213927,
2010-10-05,1.4079999923706055,1.418666958808899,1.4006669521331787,1.409999966621399,4980000,0.006193659540913998,1.3454133152961731,
2010-10-06,1.3639999628067017,1.4173330068588257,1.3546669483184814,1.4040000438690186,4701000,-0.03125002116642228,1.3452933144569397,
2010-10-07,1.3619999885559082,1.3760000467300415,1.3559999465942383,1.3713330030441284,2115000,-0.00146625682208823,1.3449066543579102,
2010-10-08,1.3619999885559082,1.3860000371932983,1.3593330383300781,1.3619999885559082,4017000,0.0,1.345013313293457,
2010-10-11,1.3493330478668213,1.3799999952316284,1.3380000591278076,1.3626669645309448,2568000,-0.009300250216974892,1.3454133152961731,
2010-10-12,1.3493330478668213,1.3519999980926514,1.335332989692688,1.3466670513153076,3660000,0.0,1.3445066356658935,
2010-10-13,1.369333028793335,1.3899999856948853,1.3573329448699951,1.3760000467300415,4773000,0.014822123387648434,1.3426266360282897,
2010-10-14,1.3833329677581787,1.4019999504089355,1.3600000143051147,1.399999976158142,4422000,0.01022391096282882,1.3419466352462768,
2010-10-15,1.369333028793335,1.3933329582214355,1.350000023841858,1.3926670551300049,4270500,-0.01012044048045202,1.3420666360855102,
2010-10-18,1.348667025566101,1.3760000467300415,1.3480000495910645,1.3680000305175781,2442000,-0.015092021292617885,1.3429199767112732,
2010-10-19,1.3366669416427612,1.3606669902801514,1.3333330154418945,1.3466670513153076,3678000,-0.008897736576826909,1.3435199761390686,
2010-10-20,1.3766670227050781,1.3793330192565918,1.3359999656677246,1.343999981880188,4687500,0.029925241521389756,1.345679976940155,
2010-10-21,1.3833329677581787,1.3966670036315918,1.363332986831665,1.3739999532699585,6256500,0.004842089585324949,1.3494799757003784,
2010-10-22,1.3813329935073853,1.3953330516815186,1.3700000047683716,1.3786669969558716,2416500,-0.0014457649007199036,1.3536399745941161,
2010-10-25,1.3899999856948853,1.3986669778823853,1.3819999694824219,1.3960000276565552,1777500,0.006274368474681324,1.3570133137702942,
2010-10-26,1.4240000247955322,1.4579999446868896,1.3673330545425415,1.386667013168335,9913500,0.02446046003637159,1.360453314781189,
2010-10-27,1.399999976158142,1.425333023071289,1.3766670227050781,1.4166669845581055,5347500,-0.01685396644626902,1.3629199743270874,
2010-10-28,1.4126670360565186,1.4333330392837524,1.397333025932312,1.4259999990463257,3363000,0.009047900081496474,1.3661466550827026,
2010-10-29,1.4559999704360962,1.4566669464111328,1.4033329486846924,1.4093329906463623,4209000,0.030674556193044822,1.370213315486908,
2010-11-01,1.4273329973220825,1.5166670083999634,1.420667052268982,1.4626669883728027,6837000,-0.019688855560503482,1.3732933163642884,
2010-11-02,1.4166669845581055,1.4586670398712158,1.4033329486846924,1.4453330039978027,4837500,-0.007472687021170432,1.3747866559028625,
2010-11-03,1.4513330459594727,1.5,1.4106669425964355,1.418666958808899,5589000,0.024470155498245383,1.3782133173942566,
2010-11-04,1.659999966621399,1.6886670589447021,1.476667046546936,1.5066670179367065,28110000,0.14377604178645087,1.3848799777030945,
2010-11-05,1.6293330192565918,1.664667010307312,1.581333041191101,1.6579999923706055,15165000,-0.01847406504906357,1.3911332988739014,
2010-11-08,1.6653330326080322,1.6666669845581055,1.6019999980926514,1.6333329677581787,7642500,0.022094938803772557,1.3981732988357545,
2010-11-09,1.6419999599456787,1.7126669883728027,1.6033329963684082,1.6666669845581055,14346000,-0.014011054969474968,1.4045199584960937,
2010-11-10,1.957332968711853,1.9980000257492065,1.6033329963684082,1.6319999694824219,45907500,0.1920420319478,1.4176932787895202,
2010-11-11,1.869333028793335,1.940000057220459,1.8220000267028809,1.9066669940948486,29179500,-0.04495910574501383,1.4278132796287537,
2010-11-12,1.9893330335617065,2.0333330631256104,1.8713330030441284,1.8833329677581787,40936500,0.06419402156812715,1.4395199394226075,
2010-11-15,2.053333044052124,2.196000099182129,2.01466703414917,2.01466703414917,39343500,0.032171591890691076,1.452519941329956,
2010-11-16,1.9780000448226929,2.0933330059051514,1.8946670293807983,2.066667079925537,20214000,-0.0366881541441354,1.4646932816505431,
2010-11-17,1.965999960899353,2.049999952316284,1.9073330163955688,2.0133330821990967,11250000,-0.006066776365728277,1.4761466217041015,
2010-11-18,1.9926669597625732,2.049333095550537,1.9279999732971191,2.0446670055389404,14341500,0.01356408921342056,1.4883866214752197,
2010-11-19,2.065999984741211,2.0913329124450684,1.9800000190734863,2.010667085647583,17257500,0.03680144573048749,1.5028132820129394,
2010-11-22,2.2266669273376465,2.2300000190734863,2.0999999046325684,2.1046669483184814,22945500,0.07776715575172699,1.5197199606895446,
2010-11-23,2.3046669960021973,2.378667116165161,2.1459999084472656,2.2193329334259033,23667000,0.03502996685625215,1.5376533007621764,
2010-11-24,2.3646669387817383,2.3980000019073486,2.2886669635772705,2.351332902908325,21375000,0.02603410509354287,1.555639979839325,
2010-11-26,2.3546669483184814,2.4000000953674316,2.316667079925537,2.373332977294922,5259000,-0.004228921333170432,1.5748133182525634,
2010-11-29,2.2886669635772705,2.396667003631592,2.2219998836517334,2.3606669902801514,17184000,-0.02802943524065815,1.5936133170127869,
2010-11-30,2.355333089828491,2.355333089828491,2.2273330688476562,2.249332904815674,33339000,0.029128801748865785,1.6126399779319762,
2010-12-01,2.2899999618530273,2.427999973297119,2.2300000190734863,2.3913331031799316,19488000,-0.027738381572273152,1.630746636390686,
2010-12-02,2.1566669940948486,2.2866671085357666,2.0799999237060547,2.2673330307006836,30105000,-0.058224004357750325,1.6473866367340089,
2010-12-03,2.0993330478668213,2.1500000953674316,2.058000087738037,2.134000062942505,17401500,-0.026584515080451898,1.663293297290802,
2010-12-06,2.02066707611084,2.0966670513153076,1.9706670045852661,2.0899999141693115,19116000,-0.03747188748155783,1.6769066381454467,
2010-12-07,2.1040000915527344,2.1600000858306885,2.00333309173584,2.0326669216156006,19669500,0.04124034900508433,1.691613299846649,
2010-12-08,2.1579999923706055,2.1659998893737793,2.101332902908325,2.1653330326080322,9900000,0.025665350982955415,1.706239960193634,
2010-12-09,2.136667013168335,2.181333065032959,2.109999895095825,2.167332887649536,6090000,-0.009885532566121902,1.7196666407585144,
2010-12-10,2.101332902908325,2.194667100906372,2.0753331184387207,2.136667013168335,6441000,-0.016537022400891055,1.734479959011078,
2010-12-13,2.0366671085357666,2.118000030517578,2.0266671180725098,2.109333038330078,6156000,-0.0307737028640529,1.7477466416358949,
2010-12-14,1.9019999504089355,2.0260000228881836,1.8506669998168945,2.0193328857421875,26485500,-0.06612133989027202,1.7577999806404114,
2010-12-15,1.9733330011367798,1.9980000257492065,1.9019999504089355,1.9113329648971558,11143500,0.03750423374748646,1.7691066408157348,
2010-12-16,2.053999900817871,2.060667037963867,1.976667046546936,2.0,11851500,0.040878503341616135,1.7829066395759583,
2010-12-17,2.0906670093536377,2.1026670932769775,2.047333002090454,2.0893330574035645,12195000,0.017851562953419053,1.7974799799919128,
2010-12-20,2.113332986831665,2.1459999084472656,2.0840001106262207,2.109333038330078,7851000,0.010841505307454424,1.812506639957428,
2010-12-21,2.1506669521331787,2.179332971572876,2.114000082015991,2.119999885559082,11665500,0.017665917077026805,1.8285333180427552,
2010-12-22,2.175333023071289,2.190666913986206,2.113332986831665,2.1500000953674316,12499500,0.011469033321800381,1.8450533175468444,
2010-12-23,2.00600004196167,2.1653330326080322,1.9946670532226562,2.0840001106262207,23289000,-0.07784232543417324,1.8577866578102111,
2010-12-27,1.7033330202102661,1.9053330421447754,1.670667052268982,1.8680000305175781,139528500,-0.15088086511475107,1.8641866588592528,
2010-12-28,1.7606669664382935,1.7833329439163208,1.6666669845581055,1.7233330011367798,60844500,0.033659857202175125,1.8720133376121522,
2010-12-29,1.848667025566101,1.8673330545425415,1.7666670083999634,1.8020000457763672,49788000,0.04998109285018604,1.8820133376121522,
2010-12-30,1.7666670083999634,1.8600000143051147,1.7586669921875,1.8466670513153076,30616500,-0.04435629349802872,1.890613338947296,
2010-12-31,1.775333046913147,1.8166669607162476,1.7666670083999634,1.7713329792022705,21268500,0.004905303869930933,1.8985866594314575,
2011-01-03,1.7746670246124268,1.7999999523162842,1.726667046546936,1.7893329858779907,19245000,-0.0003751534405773693,1.9064133405685424,
2011-01-04,1.777999997138977,1.7966669797897339,1.7346669435501099,1.7773330211639404,17811000,0.0018780833138420938,1.9143466806411744,
2011-01-05,1.7886669635772705,1.7933330535888672,1.746000051498413,1.7653330564498901,21700500,0.005999418703857007,1.922320020198822,
2011-01-06,1.858667016029358,1.8666670322418213,1.7873330116271973,1.7886669635772705,30918000,0.03913531913849955,1.9310133600234984,
2011-01-07,1.8826669454574585,1.9053330421447754,1.8600000143051147,1.8666670322418213,33718500,0.01291244166982164,1.9406666994094848,
2011-01-10,1.8966670036315918,1.9119999408721924,1.8700000047683716,1.878000020980835,20140500,0.0074362904219000825,1.9503466987609863,
2011-01-11,1.797333002090454,1.9140000343322754,1.7946670055389404,1.906000018119812,25653000,-0.05237292648152814,1.9571733593940734,
2011-01-12,1.797333002090454,1.8266669511795044,1.7680000066757202,1.8006670475006104,14466000,0.0,1.964573359489441,
2011-01-13,1.7480000257492065,1.7979999780654907,1.74399995803833,1.797333002090454,10854000,-0.027447877651981645,1.971200020313263,
2011-01-14,1.7166670560836792,1.7719999551773071,1.707332968711853,1.7433329820632935,17880000,-0.017925039590372838,1.976506700515747,
2011-01-18,1.7093329429626465,1.7093329429626465,1.649999976158142,1.698667049407959,24325500,-0.004272297936307123,1.977493360042572,
2011-01-19,1.6019999980926514,1.6979999542236328,1.5833330154418945,1.6846669912338257,35572500,-0.0627922987805779,1.9769466996192933,
2011-01-20,1.5080000162124634,1.6299999952316284,1.4913330078125,1.6019999980926514,34198500,-0.058676642941388746,1.973800039291382,
2011-01-21,1.5360000133514404,1.5726670026779175,1.5140000581741333,1.5413329601287842,18255000,0.018567637160444184,1.9716800403594972,
2011-01-24,1.6326669454574585,1.6540000438690186,1.5486669540405273,1.5686670541763306,24676500,0.0629342000428097,1.965186719894409,
2011-01-25,1.6453330516815186,1.6593329906463623,1.6013330221176147,1.6433329582214355,19072500,0.007757924088131141,1.9607067203521729,
2011-01-26,1.649999976158142,1.658666968345642,1.6066670417785645,1.647333025932312,16198500,0.002836461877340879,1.9539200592041015,
2011-01-27,1.6613329648971558,1.6720000505447388,1.6353329420089722,1.6493330001831055,13435500,0.006868478122891375,1.9460800576210022,
2011-01-28,1.6006669998168945,1.658666968345642,1.5833330154418945,1.658666968345642,15726000,-0.03651643972767182,1.9385333967208862,
2011-01-31,1.6066670417785645,1.6080000400543213,1.5666669607162476,1.6033329963684082,12454500,0.003748463585715456,1.9313467383384704,
2011-02-01,1.593999981880188,1.6486669778823853,1.5693329572677612,1.6206669807434082,10617000,-0.007884060336704302,1.9233733987808228,
2011-02-02,1.5959999561309814,1.6119999885559082,1.5779999494552612,1.6106669902801514,8542500,0.0012546890047229198,1.9139733982086182,
2011-02-03,1.5753329992294312,1.5933330059051514,1.5433330535888672,1.5880000591278076,7680000,-0.012949221472192907,1.9009467196464538,
2011-02-04,1.5640000104904175,1.5779999494552612,1.5479999780654907,1.5626670122146606,8160000,-0.007194027386309587,1.8861333799362183,
2011-02-07,1.5379999876022339,1.5506670475006104,1.525333046913147,1.5506670475006104,13426500,-0.016624055443599906,1.869600040912628,
2011-02-08,1.6326669454574585,1.6833330392837524,1.5333329439163208,1.585332989692688,52573500,0.061551988698525184,1.8551600408554076,
2011-02-09,1.547333002090454,1.6119999885559082,1.519333004951477,1.608667016029358,39534000,-0.05226659583231452,1.8403333616256714,
2011-02-10,1.5479999780654907,1.5759999752044678,1.5206669569015503,1.5506670475006104,12541500,0.0004310487620542425,1.8241866993904114,
2011-02-11,1.5499999523162842,1.5833330154418945,1.5293329954147339,1.5499999523162842,9517500,0.0012919730485350112,1.8093866991996765,
2011-02-14,1.5386669635772705,1.6093330383300781,1.536666989326477,1.5759999752044678,19246500,-0.007311605863005277,1.7970266985893248,
2011-02-15,1.5226670503616333,1.5446670055389404,1.503999948501587,1.534000039100647,14305500,-0.010398555109312757,1.785493378639221,
2011-02-16,1.6486669778823853,1.664667010307312,1.5379999876022339,1.5399999618530273,61726500,0.08274949371947526,1.778053376674652,
2011-02-17,1.5733330249786377,1.6993329524993896,1.5700000524520874,1.6419999599456787,39276000,-0.045693856863991744,1.76744003534317,
2011-02-18,1.5453330278396606,1.565999984741211,1.5306669473648071,1.5553330183029175,35560500,-0.017796611838969856,1.7551866960525513,
2011-02-22,1.4579999446868896,1.5333329439163208,1.4520000219345093,1.525333046913147,30969000,-0.05651408568861083,1.7416133546829224,
2011-02-23,1.4553329944610596,1.5,1.4073330163955688,1.4786670207977295,24084000,-0.0018291840377283597,1.728693356513977,
2011-02-24,1.5019999742507935,1.5053329467773438,1.4333330392837524,1.4520000219345093,15829500,0.03206618689148577,1.7180000138282776,
2011-02-25,1.5740000009536743,1.590000033378601,1.512666940689087,1.5206669569015503,20194500,0.04793610381970548,1.7114400148391724,
2011-02-28,1.5926669836044312,1.6066670417785645,1.5666669607162476,1.5826669931411743,15768000,0.011859582363053844,1.7038266944885254,
2011-03-01,1.5959999561309814,1.6213330030441284,1.5800000429153442,1.6033329963684082,16596000,0.002092698951420058,1.6946666955947876,
2011-03-02,1.6013330221176147,1.6186670064926147,1.5820000171661377,1.5880000591278076,9949500,0.0033415201335980083,1.6848800158500672,
2011-03-03,1.6239999532699585,1.6526670455932617,1.6039999723434448,1.6319999694824219,9603000,0.014155038857794233,1.675093355178833,
2011-03-04,1.6633330583572388,1.6660000085830688,1.585332989692688,1.6319999694824219,23701500,0.024219892992042302,1.6653466773033143,
2011-03-07,1.6626670360565186,1.6933330297470093,1.6466670036315918,1.6619999408721924,30504000,-0.00040041427504478033,1.655093357563019,
2011-03-08,1.6440000534057617,1.6640000343322754,1.600000023841858,1.6399999856948853,20998500,-0.011227132219467584,1.6478533577919006,
2011-03-09,1.6480000019073486,1.6660000085830688,1.6180000305175781,1.6440000534057617,13872000,0.0024330586202234716,1.6467466974258422,
2011-03-10,1.6006669998168945,1.6326669454574585,1.5820000171661377,1.6293330192565918,15255000,-0.02872148181776224,1.6435466980934144,
2011-03-11,1.6046669483184814,1.6166670322418213,1.5686670541763306,1.590000033378601,13962000,0.002498926073970731,1.638666696548462,
2011-03-14,1.5499999523162842,1.600000023841858,1.5466669797897339,1.5880000591278076,17490000,-0.034067502954106654,1.6343333554267883,
2011-03-15,1.5299999713897705,1.5306669473648071,1.4533330202102661,1.4800000190734863,19782000,-0.012903213897927035,1.629426693916321,
2011-03-16,1.5213329792022705,1.5499999523162842,1.512666940689087,1.5240000486373901,17545500,-0.005664700882070828,1.6243600130081177,
2011-03-17,1.5206669569015503,1.562000036239624,1.5093330144882202,1.5493329763412476,13839000,-0.00043778864313415156,1.6192133522033691,
2011-03-18,1.5306669473648071,1.5460000038146973,1.5006669759750366,1.5460000038146973,10318500,0.006576055603675579,1.6140533518791198,
2011-03-21,1.5153330564498901,1.536666989326477,1.50266695022583,1.536666989326477,6175500,-0.010017784039379585,1.6071866726875306,
2011-03-22,1.4793330430984497,1.5240000486373901,1.4666670560836792,1.5153330564498901,8743500,-0.02375716229393221,1.5991199946403503,
2011-03-23,1.480666995048523,1.4846669435501099,1.4513330459594727,1.4739999771118164,6342000,0.0009017252445597812,1.590799994468689,
2011-03-24,1.4886670112609863,1.4919999837875366,1.4653329849243164,1.4759999513626099,6933000,0.005402981385562056,1.5846266746520996,
2011-03-25,1.5166670083999634,1.5333329439163208,1.4933329820632935,1.495332956314087,8520000,0.018808771153771664,1.5790133547782899,
2011-03-28,1.5499999523162842,1.5693329572677612,1.5033329725265503,1.5133329629898071,15871500,0.021977760267552826,1.5750533533096314,
2011-03-29,1.5946669578552246,1.600000023841858,1.547333002090454,1.553333044052124,11331000,0.02881742381487884,1.5726133513450622,
2011-03-30,1.5806670188903809,1.6326669454574585,1.534000039100647,1.6073329448699951,18349500,-0.008779224336392555,1.570040032863617,
2011-03-31,1.850000023841858,1.9140000343322754,1.7666670083999634,1.7699999809265137,172767000,0.17039199384355297,1.5750000333786012,
2011-04-01,1.7773330211639404,1.8786669969558716,1.7713329792022705,1.8300000429153442,42972000,-0.039279460400768684,1.5803866934776307,
2011-04-04,1.722000002861023,1.7999999523162842,1.6820000410079956,1.7886669635772705,39139500,-0.03113261141498458,1.5841066932678223,
2011-04-05,1.7799999713897705,1.7999999523162842,1.7126669883728027,1.726667046546936,47713500,0.033681747057133116,1.5870533537864686,
2011-04-06,1.7660000324249268,1.8006670475006104,1.7200000286102295,1.7993329763412476,19324500,-0.007865134376329852,1.5894666934013366,
2011-04-07,1.815999984741211,1.8626669645309448,1.7633329629898071,1.7899999618530273,42154500,0.028312543260618384,1.592786693572998,
2011-04-08,1.7660000324249268,1.840000033378601,1.7573330402374268,1.8386670351028442,29196000,-0.027533013621368174,1.5948800349235535,
2011-04-11,1.6846669912338257,1.7686669826507568,1.6679999828338623,1.76466703414917,20541000,-0.046054948866235956,1.596560034751892,
2011-04-12,1.6433329582214355,1.6806670427322388,1.6200000047683716,1.6720000505447388,20361000,-0.024535432359909737,1.5972933530807496,
2011-04-13,1.6619999408721924,1.7126669883728027,1.6540000438690186,1.675333023071289,18172500,0.01135922124446398,1.5986533522605897,1.5821033370494844
2011-04-14,1.6759999990463257,1.685333013534546,1.613332986831665,1.6579999923706055,14751000,0.008423621343082832,1.6002533531188965,1.5825400018692017
2011-04-15,1.7053329944610596,1.745332956314087,1.694000005722046,1.7100000381469727,14152500,0.01750178725025342,1.6028533530235292,1.5837466669082643
2011-04-18,1.668666958808899,1.7079999446868896,1.6239999532699585,1.675333023071289,15508500,-0.021500807039594227,1.6049466919898987,1.58569000184536
2011-04-19,1.6773329973220825,1.684000015258789,1.6433329582214355,1.684000015258789,8230500,0.005193390129429654,1.6077333521842956,1.5887066668272019
2011-04-20,1.7166670560836792,1.7393330335617065,1.6866669654846191,1.713333010673523,12558000,0.023450357695457447,1.60941335439682,1.5920233368873595
2011-04-21,1.7826670408248901,1.7986669540405273,1.7059999704360962,1.7233330011367798,20791500,0.038446584331722544,1.6141200351715088,1.5951166719198226
2011-04-25,1.7593330144882202,1.781999945640564,1.7313330173492432,1.7799999713897705,12013500,-0.013089391233638725,1.6183466958999633,1.5981133371591567
2011-04-26,1.7953330278396606,1.8166669607162476,1.753999948501587,1.7773330211639404,21000000,0.020462307621682774,1.6232533574104309,1.6014066672325133
2011-04-27,1.8053330183029175,1.8240000009536743,1.775333046913147,1.7953330278396606,14953500,0.005569991922495854,1.6285866785049439,1.604386667609215
2011-04-28,1.843999981880188,1.8459999561309814,1.7813329696655273,1.8046669960021973,24000000,0.021418188879976707,1.635013337135315,1.6069933325052261
2011-04-29,1.840000033378601,1.8580000400543213,1.8279999494552612,1.8459999561309814,10890000,-0.0021691694907222114,1.6388399982452393,1.6095633327960968
2011-05-02,1.8300000429153442,1.8533329963684082,1.8040000200271606,1.840000033378601,11769000,-0.005434777327093299,1.6439733386039734,1.6118333327770233
2011-05-03,1.7913329601287842,1.8259999752044678,1.7666670083999634,1.8253329992294312,13708500,-0.02112955293976937,1.6488933372497558,1.6134866625070572
2011-05-04,1.7793329954147339,1.7999999523162842,1.7166670560836792,1.7853330373764038,15667500,-0.006698902426932163,1.6553199982643128,1.6156166625022887
2011-05-05,1.762666940689087,1.829332947731018,1.7446670532226562,1.8133330345153809,18277500,-0.009366461909375401,1.6614666771888733,1.617689996957779
2011-05-06,1.8079999685287476,1.8466670513153076,1.7746670246124268,1.7933330535888672,14725500,0.025718430857923913,1.6675866770744323,1.619729996919632
2011-05-09,1.8606669902801514,1.8666670322418213,1.7899999618530273,1.7999999523162842,13746000,0.029129990413805817,1.6733200168609619,1.6219366669654847
2011-05-10,1.8886669874191284,1.9299999475479126,1.8606669902801514,1.8826669454574585,23029500,0.01504836560504641,1.6792400169372559,1.6243966668844223
2011-05-11,1.8046669960021973,1.886667013168335,1.7946670055389404,1.8799999952316284,14437500,-0.04447580858694289,1.6834133577346801,1.6265700018405915
2011-05-12,1.8446669578552246,1.8493330478668213,1.7766669988632202,1.8046669960021973,9420000,0.022164732851898794,1.6882800364494324,1.6288866716623307
2011-05-13,1.8366669416427612,1.8793330192565918,1.8200000524520874,1.8666670322418213,9922500,-0.004336834992569538,1.6925333762168884,1.6312866711616516
2011-05-16,1.773332953453064,1.8660000562667847,1.7699999809265137,1.8660000562667847,11335500,-0.034483110004174033,1.6947333741188049,1.633506671190262
2011-05-17,1.730666995048523,1.7999999523162842,1.7146669626235962,1.7999999523162842,18513000,-0.024059756134041876,1.696093373298645,1.6351866710186005
2011-05-18,1.7566670179367065,1.76466703414917,1.7013330459594727,1.7400000095367432,10942500,0.015023122855275073,1.698346712589264,1.6366533410549164
2011-05-19,1.8799999952316284,1.8960000276565552,1.773332953453064,1.8020000457763672,39826500,0.07020851193516608,1.7029867124557496,1.6389666759967805
2011-05-20,1.8646670579910278,1.8853329420089722,1.8233330249786377,1.8839999437332153,12637500,-0.008155817701856694,1.7082667136192322,1.6414733463525772
2011-05-23,1.7879999876022339,1.841333031654358,1.7746670246124268,1.841333031654358,12954000,-0.04111568875539329,1.7119333744049072,1.6438833463191986
2011-05-24,1.7813329696655273,1.8333330154418945,1.773332953453064,1.801332950592041,9205500,-0.003728757261149185,1.7165600347518921,1.6462566763162614
2011-05-25,1.9320000410079956,1.934000015258789,1.7446670532226562,1.7933330535888672,70396500,0.08458108276677678,1.7246000361442566,1.6495733416080476
2011-05-26,1.9653329849243164,1.9839999675750732,1.8733329772949219,1.9213329553604126,50053500,0.017253076195034467,1.7334800362586975,1.653433341383934
2011-05-27,1.9700000286102295,1.9780000448226929,1.9213329553604126,1.9693330526351929,25306500,0.002374683436197955,1.742466697692871,1.6574166762828826
2011-05-31,2.0093328952789307,2.018666982650757,1.9700000286102295,1.9793330430984497,49357500,0.01996592187688906,1.7520400166511536,1.6613566756248475
2011-06-01,1.901332974433899,2.006666898727417,1.8919999599456787,2.0,22948500,-0.05374914286168564,1.7597600150108337,1.664603340625763
2011-06-02,1.9173330068588257,1.9546669721603394,1.9006669521331787,1.901332974433899,14794500,0.00841516590732394,1.7685200142860413,1.667806670665741
2011-06-03,2.0086669921875,2.0999999046325684,1.9666670560836792,1.9966670274734497,93138000,0.04763595317138325,1.7790800142288208,1.6715933406352996
2011-06-06,1.9133330583572388,2.0086669921875,1.8839999437332153,2.006666898727417,34966500,-0.04746129358477669,1.787573335170746,1.6748966711759568
2011-06-07,1.891332983970642,1.9593329429626465,1.8839999437332153,1.929332971572876,18331500,-0.011498298370219762,1.7950666546821594,1.6779866713285445
2011-06-08,1.8079999685287476,1.9066669940948486,1.801332950592041,1.8960000276565552,25438500,-0.04406046748412651,1.8002266550064088,1.6803166711330413
2011-06-09,1.841333031654358,1.8733329772949219,1.8066669702529907,1.8286670446395874,24048000,0.01843642904083409,1.8051599764823913,1.6831233364343643
2011-06-10,1.8573329448699951,1.886667013168335,1.8233330249786377,1.8346669673919678,23499000,0.008689309831835246,1.8106932950019836,1.6857766664028169
2011-06-13,1.8953330516815186,1.925333023071289,1.858667016029358,1.8713330030441284,25701000,0.020459501844556582,1.811599955558777,1.688669996857643
2011-06-14,1.9066669940948486,1.9800000190734863,1.901332974433899,1.9026670455932617,23601000,0.005979921261476839,1.814186635017395,1.6916366666555405
2011-06-15,1.8213330507278442,1.8966670036315918,1.8046669960021973,1.8960000276565552,20175000,-0.04475555701718903,1.8161732959747314,1.6941199970245362
2011-06-16,1.7666670083999634,1.8666670322418213,1.715999960899353,1.8446669578552246,27633000,-0.03001430315341569,1.8159066367149352,1.6964599972963332
2011-06-17,1.7666670083999634,1.8466670513153076,1.7426669597625732,1.7913329601287842,25710000,0.0,1.815919976234436,1.698476667404175
2011-06-20,1.7339999675750732,1.7640000581741333,1.7000000476837158,1.75266695022583,23067000,-0.018490774248666186,1.8142799758911132,1.700126667022705
2011-06-21,1.835332989692688,1.848667025566101,1.7333329916000366,1.7493330240249634,22440000,0.058438883513547424,1.8156666350364685,1.702286667227745
2011-06-22,1.8140000104904175,1.8833329677581787,1.8066669702529907,1.824666976928711,22134000,-0.01162349247906369,1.8182532954216004,1.7045100021362305
2011-06-23,1.8473329544067383,1.8480000495910645,1.74733304977417,1.8133330345153809,17550000,0.018375382427538778,1.8223332953453064,1.706780002117157
2011-06-24,1.8380000591278076,1.8646670579910278,1.8173329830169678,1.8426669836044312,54127500,-0.005052091587857688,1.8258532977104187,1.7090666675567627
2011-06-27,1.8306670188903809,1.8853329420089722,1.820667028427124,1.848667025566101,27141000,-0.003989684440438235,1.8289466381072998,1.7114966678619385
2011-06-28,1.8739999532699585,1.8833329677581787,1.8446669578552246,1.852666974067688,13338000,0.02367057139962192,1.8323199772834777,1.7139600026607513
2011-06-29,1.8860000371932983,1.9393329620361328,1.8713330030441284,1.899999976158142,21927000,0.006403460097424762,1.8366666388511659,1.7163500028848648
2011-06-30,1.9420000314712524,1.9553329944610596,1.8933329582214355,1.899999976158142,14200500,0.02969246721823615,1.8419599795341492,1.7187333381175995
2011-07-01,1.9346669912338257,1.9733330011367798,1.9199999570846558,1.937999963760376,12823500,-0.003776024777852993,1.846319978237152,1.721426672935486
2011-07-05,1.942667007446289,1.968000054359436,1.9140000343322754,1.9346669912338257,14940000,0.0041350869419451985,1.84951997756958,1.7243966728448867
2011-07-06,1.9306670427322388,1.942667007446289,1.9033329486846924,1.942667007446289,13903500,-0.006177056936703118,1.8529466581344605,1.727030007839203
2011-07-07,1.9819999933242798,2.0,1.934000015258789,1.942667007446289,19918500,0.02658819436799198,1.8566799974441528,1.7300166726112365
2011-07-08,1.920667052268982,1.9926669597625732,1.906000018119812,1.9926669597625732,18609000,-0.030944975409625597,1.858986678123474,1.732996672987938
2011-07-11,1.8899999856948853,1.9019999504089355,1.8666670322418213,1.8933329582214355,14637000,-0.015966883243958452,1.859906678199768,1.7359266728162766
2011-07-12,1.878000020980835,1.9393329620361328,1.8666670322418213,1.891332983970642,15681000,-0.006349187727447747,1.8606666779518128,1.7386166727542878
2011-07-13,1.9093329906463623,1.935333013534546,1.8600000143051147,1.8953330516815186,15990000,0.016684222212714817,1.8622533369064331,1.7413200026750564
2011-07-14,1.8406670093536377,1.9306670427322388,1.8166669607162476,1.9019999504089355,17385000,-0.03596333464571799,1.86324001789093,1.7433900028467177
2011-07-15,1.8386670351028442,1.8553329706192017,1.8266669511795044,1.852666974067688,10635000,-0.0010865486481966835,1.8644266986846925,1.7452566730976105
2011-07-18,1.8153330087661743,1.8300000429153442,1.775333046913147,1.8226670026779175,12778500,-0.012690729692320102,1.865480020046234,1.7475300031900405
2011-07-19,1.8593330383300781,1.8739999532699585,1.8359999656677246,1.8386670351028442,15391500,0.02423799344331279,1.8665066814422608,1.7499600034952163
2011-07-20,1.9126670360565186,2.0293331146240234,1.8533329963684082,1.8666670322418213,45724500,0.02868447805044183,1.867546682357788,1.7525266736745835
2011-07-21,1.9133330583572388,1.944000005722046,1.8733329772949219,1.9273329973220825,15172500,0.0003482165417005856,1.8680400037765503,1.7550533390045167
2011-07-22,1.952666997909546,1.9693330526351929,1.9033329486846924,1.9133330583572388,8752500,0.020557811082864363,1.8710000038146972,1.7579966741800308
2011-07-25,1.8993330001831055,1.9500000476837158,1.8960000276565552,1.934000015258789,10099500,-0.02731341175097335,1.8720933246612548,1.760683339238167
2011-07-26,1.8666670322418213,1.9179999828338623,1.8646670579910278,1.8873330354690552,11409000,-0.01719865233644391,1.8726933264732362,1.7632066744565964
2011-07-27,1.8426669836044312,1.899999976158142,1.8339999914169312,1.899999976158142,14377500,-0.012857166394890873,1.8740800070762633,1.7656733441352843
2011-07-28,1.878000020980835,1.9033329486846924,1.8359999656677246,1.840000033378601,14080500,0.019174944626884738,1.8770266675949097,1.7683166790008544
2011-07-29,1.878000020980835,1.8933329582214355,1.8333330154418945,1.8533329963684082,14223000,0.0,1.8794533276557923,1.770860013961792
2011-08-01,1.9179999828338623,1.9320000410079956,1.880666971206665,1.9113329648971558,17473500,0.02129923397558664,1.880213327407837,1.7735333490371703
2011-08-02,1.8226670026779175,1.946666955947876,1.8179999589920044,1.9126670360565186,23241000,-0.04970436966067615,1.8793733263015746,1.7758000189065932
2011-08-03,1.8133330345153809,1.8553329706192017,1.75600004196167,1.8333330154418945,26917500,-0.005121049620596008,1.8798799872398377,1.7781233489513397
2011-08-04,1.649999976158142,1.792667031288147,1.6446670293807983,1.7673330307006836,45967500,-0.09007339261366853,1.8772533273696899,1.7796900141239167
2011-08-05,1.6160000562667847,1.6920000314712524,1.5219999551773071,1.6660000085830688,29466000,-0.020606012353116987,1.8709333276748656,1.780886679291725
2011-08-08,1.5759999752044678,1.6293330192565918,1.5399999618530273,1.5399999618530273,39127500,-0.024752524548002475,1.8631466674804686,1.7818500143289566
2011-08-09,1.670667052268982,1.696666955947876,1.5800000429153442,1.6100000143051147,20001000,0.06006794324487985,1.8571600079536439,1.7832966846227647
2011-08-10,1.5880000591278076,1.6959999799728394,1.5753329992294312,1.6959999799728394,23463000,-0.0494814290069957,1.8487333512306214,1.7842866849899293
2011-08-11,1.6866669654846191,1.7166670560836792,1.600000023841858,1.602666974067688,12547500,0.06213281025380013,1.8444400310516358,1.7856000196933746
2011-08-12,1.753999948501587,1.8093329668045044,1.6906670331954956,1.7066669464111328,15136500,0.03992073384660233,1.841173369884491,1.787370019555092
2011-08-15,1.7486670017242432,1.7833329439163208,1.7286670207977295,1.7746670246124268,11079000,-0.0030404486510388073,1.8359733700752259,1.7890500193834304
2011-08-16,1.7400000095367432,1.769333004951477,1.722000002861023,1.7419999837875366,8065500,-0.0049563422761189635,1.8325067090988159,1.7904700195789338
2011-08-17,1.722000002861023,1.7766669988632202,1.7006670236587524,1.7593330144882202,9655500,-0.010344831366128848,1.8291200494766235,1.7919433546066283
2011-08-18,1.6173330545425415,1.6766669750213623,1.564666986465454,1.6666669845581055,15849000,-0.06078219985167377,1.8253067111968995,1.7929466849565505
2011-08-19,1.4866670370101929,1.6146670579910278,1.4666670560836792,1.5906670093536377,20629500,-0.08079103878162386,1.8182133913040162,1.7931233549118042
2011-08-22,1.463333010673523,1.5866669416427612,1.4453330039978027,1.5406670570373535,14791500,-0.01569552950040276,1.8103333926200866,1.7921400201320647
2011-08-23,1.5306669473648071,1.5406670570373535,1.4333330392837524,1.4620000123977661,13035000,0.04601408988941791,1.8030400705337524,1.791646689772606
2011-08-24,1.591333031654358,1.5953329801559448,1.5219999551773071,1.5399999618530273,10264500,0.03963375860045404,1.7967333912849426,1.7912766897678376
2011-08-25,1.5406670570373535,1.591333031654358,1.5266669988632202,1.591333031654358,10197000,-0.03183869976250775,1.7911200714111328,1.7907700252532959
2011-08-26,1.5820000171661377,1.5966670513153076,1.4713330268859863,1.5140000581741333,11427000,0.026827963861488557,1.7874267315864563,1.7888933604955672
2011-08-29,1.647333025932312,1.6566669940948486,1.6013330221176147,1.6146670579910278,12051000,0.04129772949257382,1.7850400519371032,1.7877833604812623
2011-08-30,1.6419999599456787,1.651332974433899,1.6059999465942383,1.6333329677581787,5493000,-0.0032373939590114587,1.7832000517845155,1.7860466951131821
2011-08-31,1.6493330001831055,1.7000000476837158,1.6186670064926147,1.6533329486846924,12357000,0.004465919863767542,1.7794800519943237,1.784026694893837
2011-09-01,1.600000023841858,1.6579999923706055,1.5893330574035645,1.6440000534057617,12721500,-0.029910864777319524,1.7752000522613525,1.7821366947889328
2011-09-02,1.5379999876022339,1.5993330478668213,1.5119999647140503,1.5773329734802246,11548500,-0.03875002207234468,1.7690133929252625,1.7799966949224473
2011-09-06,1.5293329954147339,1.5466669797897339,1.4859999418258667,1.5,12147000,-0.005635235537948202,1.762840051651001,1.777680025100708
2011-09-07,1.5893330574035645,1.600000023841858,1.5520000457763672,1.5593329668045044,6888000,0.039232830370314,1.7580133724212645,1.7752966904640197
2011-09-08,1.5740000009536743,1.6019999980926514,1.5520000457763672,1.5720000267028809,7585500,-0.009647478468068349,1.752013373374939,1.7720333558321
2011-09-09,1.5313329696655273,1.5713330507278442,1.5033329725265503,1.5579999685287476,10039500,-0.027107389620263933,1.7449200320243836,1.7681666857004166
2011-09-12,1.525333046913147,1.5540000200271606,1.4966670274734497,1.5,8499000,-0.003918104599870853,1.7365866923332214,1.7639700162410736
2011-09-13,1.6053329706192017,1.6066670417785645,1.5166670083999634,1.534000039100647,10897500,0.05244751227802502,1.730000011920929,1.7602233463525772
2011-09-14,1.6226669549942017,1.656000018119812,1.5859999656677246,1.6166670322418213,12462000,0.010797750181580135,1.7236000108718872,1.7568933463096619
2011-09-15,1.6546670198440552,1.6619999408721924,1.621999979019165,1.6386669874191284,8439000,0.019720660947315505,1.7180800104141236,1.7533900159597398
2011-09-16,1.7200000286102295,1.7226669788360596,1.6326669454574585,1.6519999504089355,21256500,0.03948408228522715,1.7128400111198425,1.7505400162935256
2011-09-19,1.718000054359436,1.7206670045852661,1.5880000591278076,1.6633330583572388,17361000,-0.00116277570786405,1.7087866711616515,1.7483466815948487
2011-09-20,1.7339999675750732,1.773332953453064,1.7113330364227295,1.7319999933242798,17706000,0.009313104021759111,1.7056666707992554,1.7465200161933898
2011-09-21,1.7233330011367798,1.7966669797897339,1.713333010673523,1.7300000190734863,14814000,-0.006151653193633422,1.7025733304023742,1.7450333458185197
2011-09-22,1.7086670398712158,1.7406669855117798,1.658666968345642,1.7093329429626465,11637000,-0.008510230614680814,1.6985600113868713,1.743056680560112
2011-09-23,1.7586669921875,1.7746670246124268,1.690000057220459,1.6993329524993896,17346000,0.029262548612193573,1.6969200110435485,1.7410600155591964
2011-09-26,1.7013330459594727,1.7680000066757202,1.659999966621399,1.7680000066757202,14022000,-0.03260079735545218,1.6941733312606813,1.738883345723152
2011-09-27,1.746000051498413,1.7993329763412476,1.7046669721603394,1.7333329916000366,10117500,0.026254122110318745,1.692786672115326,1.7371066814661027
2011-09-28,1.6393330097198486,1.7666670083999634,1.6339999437332153,1.7333329916000366,10849500,-0.061092232893706466,1.6883866715431213,1.735120010972023
2011-09-29,1.6080000400543213,1.7213330268859863,1.5700000524520874,1.7146669626235962,13944000,-0.019113242690624532,1.6822933316230775,1.73365001142025
2011-09-30,1.6260000467300415,1.6593329906463623,1.565999984741211,1.6533329486846924,20041500,0.011194033723476826,1.6765466713905335,1.7319133466482162
2011-10-03,1.5820000171661377,1.6666669845581055,1.5499999523162842,1.6633330583572388,15348000,-0.027060288006996003,1.6691333317756654,1.7295533472299576
2011-10-04,1.5773329734802246,1.6213330030441284,1.5286669731140137,1.5526670217514038,18004500,-0.002950090793471194,1.6626933312416077,1.7269866770505906
2011-10-05,1.6913330554962158,1.7226669788360596,1.5566669702529907,1.6019999980926514,18442500,0.07227394845139234,1.6591866517066955,1.7248766773939133
2011-10-06,1.797333002090454,1.840000033378601,1.6679999828338623,1.6913330554962158,26536500,0.0626724264920957,1.658279972076416,1.7231100076436996
2011-10-07,1.7993329763412476,1.840000033378601,1.7366670370101929,1.7986669540405273,19674000,0.001112745522653391,1.6567066311836243,1.7212300074100495
2011-10-10,1.858667016029358,1.8786669969558716,1.7999999523162842,1.820667028427124,13852500,0.03297557509825655,1.6563199710845948,1.7204933422803879
2011-10-11,1.8406670093536377,1.8513330221176147,1.805999994277954,1.8339999914169312,8635500,-0.009684363320856315,1.6547733116149903,1.7211800122261047
2011-10-12,1.8533329963684082,1.8666670322418213,1.8133330345153809,1.8166669607162476,16851000,0.006881194127132284,1.6553866314888,1.7216433423757553
2011-10-13,1.8626669645309448,1.8980000019073486,1.829332947731018,1.8420000076293945,15652500,0.00503631467244503,1.6563733100891114,1.7217133420705795
2011-10-14,1.8700000047683716,1.9033329486846924,1.8173329830169678,1.8666670322418213,21007500,0.003936849891614136,1.6607733106613158,1.7222300070524215
2011-10-17,1.8279999494552612,1.8666670322418213,1.8173329830169678,1.8573329448699951,11317500,-0.022459922570060464,1.6650133085250856,1.7224933415651322
2011-10-18,1.8893330097198486,1.8953330516815186,1.7806669473648071,1.8200000524520874,14995500,0.033552003260648,1.671279969215393,1.7230666714906693
2011-10-19,1.8380000591278076,1.8706669807434082,1.8200000524520874,1.8680000305175781,11893500,-0.02716987970249496,1.6746266293525696,1.7233666718006133
2011-10-20,1.8226670026779175,1.831333041191101,1.7999999523162842,1.829332947731018,14995500,-0.008342250248439154,1.6793199682235718,1.7235366719961167
2011-10-21,1.8686670064926147,1.886667013168335,1.8006670475006104,1.8266669511795044,17139000,0.02523774433130832,1.6829599690437318,1.723586671948433
2011-10-24,1.9033329486846924,1.9259999990463257,1.850000023841858,1.8580000400543213,14109000,0.018551160839053837,1.685946629047394,1.7236900019645691
2011-10-25,1.8833329677581787,1.9240000247955322,1.8533329963684082,1.8819999694824219,9816000,-0.010507873013145042,1.6886399483680725,1.723623331785202
2011-10-26,1.8653329610824585,1.891332983970642,1.8266669511795044,1.8793330192565918,7657500,-0.009557527523742393,1.691146607398987,1.7239633315801621
2011-10-27,1.9173330068588257,1.9299999475479126,1.8739999532699585,1.8893330097198486,13041000,0.027877085143121816,1.695053267478943,1.7245633316040039
2011-10-28,1.9913330078125,2.0,1.8673330545425415,1.899999976158142,18960000,0.0385952782792327,1.702533266544342,1.7257799965143203
2011-10-31,1.9579999446868896,1.9673329591751099,1.9166669845581055,1.9666670560836792,17010000,-0.016739070258382838,1.711959924697876,1.7269866609573363
2011-11-01,1.925333023071289,1.9279999732971191,1.8666670322418213,1.8926670551300049,9528000,-0.016683821521161768,1.7211999249458314,1.7280666613578797
2011-11-02,1.9140000343322754,1.9506670236587524,1.8833329677581787,1.9333330392837524,13129500,-0.005886248562306018,1.7288665866851807,1.7296266615390778
2011-11-03,2.1640000343322754,2.1659998893737793,1.9686670303344727,2.0,37645500,0.13061650758392784,1.740319926738739,1.7329066616296769
2011-11-04,2.1540000438690186,2.1600000858306885,2.0339999198913574,2.0973329544067383,45493500,-0.004621067608412743,1.7525865864753722,1.7359966617822646
2011-11-07,2.0846669673919678,2.1333329677581787,2.049999952316284,2.109333038330078,18994500,-0.032188057133236914,1.762639925479889,1.7382566618919373
2011-11-08,2.122667074203491,2.1333329677581787,2.0480000972747803,2.0913329124450684,17518500,0.018228382473514992,1.7721466064453124,1.7406433320045471
2011-11-09,2.058666944503784,2.0993330478668213,2.0199999809265137,2.058000087738037,14305500,-0.030150809082353347,1.7804799461364746,1.7426866668462753
2011-11-10,2.0886669158935547,2.0999999046325684,2.043333053588867,2.062666893005371,11209500,0.014572522995943693,1.7892666244506836,1.7448233366012573
2011-11-11,2.2426669597625732,2.299999952316284,2.0380001068115234,2.126667022705078,58024500,0.07373126021059973,1.8021199631690978,1.7480333364009857
2011-11-14,2.2146670818328857,2.2360000610351562,2.1746668815612793,2.200000047683716,19885500,-0.01248508067941212,1.815653305053711,1.7510733366012574
2011-11-15,2.26200008392334,2.293333053588867,2.181999921798706,2.194667100906372,13365000,0.02137251349366731,1.830306646823883,1.7544133371114732
2011-11-16,2.3293330669403076,2.3333330154418945,2.2266669273376465,2.2320001125335693,27498000,0.02976701172361662,1.845106647014618,1.7580800026655197
2011-11-17,2.245332956314087,2.326667070388794,2.2126669883728027,2.299999952316284,20239500,-0.036061871880159635,1.858533306121826,1.761430002450943
2011-11-18,2.173332929611206,2.2739999294281006,2.169332981109619,2.2426669597625732,13542000,-0.03206652559051881,1.8713733053207398,1.764476667046547
2011-11-21,2.117332935333252,2.1626670360565186,2.069999933242798,2.1626670360565186,15474000,-0.0257668733192995,1.8832133030891418,1.767373331785202
2011-11-22,2.138000011444092,2.186000108718872,2.069999933242798,2.117332935333252,10989000,0.009760900501737613,1.8938666439056397,1.7698999971151352
2011-11-23,2.0966670513153076,2.136667013168335,2.0833330154418945,2.117332935333252,6777000,-0.019332535036267973,1.9033466458320618,1.7726466673612595
2011-11-25,2.1106669902801514,2.1606669425964355,2.072000026702881,2.103332996368408,3594000,0.006677235165240436,1.9124666452407837,1.7754600024223328
2011-11-28,2.1706669330596924,2.2186670303344727,2.120666980743408,2.1333329677581787,10218000,0.028427005802358796,1.9214799833297729,1.7785633373260499
2011-11-29,2.1166670322418213,2.204667091369629,2.1086668968200684,2.1659998893737793,8866500,-0.024877101132118273,1.9294533228874207,1.7814533376693726
2011-11-30,2.1826670169830322,2.1953330039978027,2.1480000019073486,2.1666669845581055,11404500,0.031181089767958747,1.9384266638755798,1.7847533375024796
2011-12-01,2.173332929611206,2.2660000324249268,2.131999969482422,2.171333074569702,15453000,-0.004276459624486417,1.9474266624450685,1.7873766672611238
2011-12-02,2.2200000286102295,2.246000051498413,2.1600000858306885,2.188667058944702,12042000,0.021472595552753937,1.9576533222198487,1.7906100022792817
2011-12-05,2.2946670055389404,2.3333330154418945,2.2286670207977295,2.23533296585083,17401500,0.03363377295785619,1.9683733224868774,1.794356672167778
2011-12-06,2.324666976928711,2.3320000171661377,2.268666982650757,2.2799999713897705,14277000,0.013073779906781935,1.9808400011062621,1.798690007328987
2011-12-07,2.2793331146240234,2.3259999752044678,2.25333309173584,2.308666944503784,10114500,-0.019501228672582305,1.9915066623687745,1.802810007929802
2011-12-08,2.059333086013794,2.109999895095825,1.9739999771118164,2.055999994277954,49587000,-0.09651947194498534,1.9999066638946532,1.8055966734886169
2011-12-09,2.069333076477051,2.074666976928711,2.018666982650757,2.0360000133514404,18592500,0.004855936385994575,2.009133324623108,1.8080733388662338
2011-12-12,2.0273330211639404,2.041332960128784,2.001332998275757,2.0293331146240234,11380500,-0.02029642100179141,2.0171599841117858,1.8102466690540313
2011-12-13,1.963333010673523,2.062000036239624,1.9273329973220825,2.0380001068115234,14911500,-0.031568573008135314,2.0247866439819338,1.8120833343267442
2011-12-14,1.9019999504089355,1.9786670207977295,1.8666670322418213,1.9666670560836792,17458500,-0.031239254844264597,2.0312799835205078,1.8135866689682008
2011-12-15,1.9079999923706055,1.9446669816970825,1.8746670484542847,1.9113329648971558,10504500,0.0031545962766086344,2.0356133222579955,1.815006669163704
2011-12-16,1.8666670322418213,1.9286669492721558,1.8653329610824585,1.9193329811096191,15445500,-0.021662977093322655,2.037000002861023,1.8160233390331268
2011-12-19,1.850000023841858,1.899999976158142,1.824666976928711,1.8726669549942017,14805000,-0.008928752751339197,2.038013343811035,1.8169600039720535
2011-12-20,1.8600000143051147,1.8966670036315918,1.8480000495910645,1.8700000047683716,12649500,0.005405400180747089,2.0380400037765503,1.8180400037765503
2011-12-21,1.8380000591278076,1.8713330030441284,1.73533296585083,1.8606669902801514,25582500,-0.011827932800057672,2.0379866647720335,1.8189900040626525
2011-12-22,1.8513330221176147,1.8700000047683716,1.8200000524520874,1.840000033378601,15141000,0.007254060152823927,2.0379466652870177,1.8202433341741562
2011-12-23,1.8600000143051147,1.8666670322418213,1.8346669673919678,1.8666670322418213,8871000,0.0046814873844720495,2.0378933262825014,1.8215199995040894
2011-12-27,1.9046670198440552,1.9179999828338623,1.8426669836044312,1.843999981880188,11662500,0.02401451892226336,2.038586666584015,1.8232933348417282
2011-12-28,1.9006669521331787,1.9493329524993896,1.869333028793335,1.9326670169830322,8628000,-0.0021001401658143903,2.0400400066375735,1.8251466697454453
2011-12-29,1.9153330326080322,1.9559999704360962,1.9033329486846924,1.906000018119812,7323000,0.007716281097218669,2.040560007095337,1.8271166700124741
2011-12-30,1.9040000438690186,1.9320000410079956,1.8833329677581787,1.8993330001831055,5097000,-0.0059169807788371775,2.0418800067901612,1.8290333354473114
2012-01-03,1.871999979019165,1.9666670560836792,1.8433330059051514,1.929332971572876,13921500,-0.01680675636163742,2.042866666316986,1.8307400006055832
2012-01-04,1.8473329544067383,1.9113329648971558,1.8333330154418945,1.880666971206665,9451500,-0.013176829534662149,2.0424399852752684,1.8324000000953675
2012-01-05,1.8079999685287476,1.8619999885559082,1.7899999618530273,1.8506669998168945,15082500,-0.021291768646341414,2.0405333256721496,1.834043334722519
2012-01-06,1.7940000295639038,1.852666974067688,1.7606669664382935,1.8133330345153809,14794500,-0.0077433292082610405,2.0387466669082643,1.8356099998950959
2012-01-09,1.8166669607162476,1.8326669931411743,1.7413330078125,1.7999999523162842,13455000,0.012634855506582054,2.03777334690094,1.8372499996423721
2012-01-10,1.841333031654358,1.8506669998168945,1.8166669607162476,1.829332947731018,10077000,0.01357765152969237,2.0362533473968507,1.8388733297586441
2012-01-11,1.8819999694824219,1.8919999599456787,1.8200000524520874,1.841333031654358,10084500,0.022085596211526504,2.034066686630249,1.8405333298444748
2012-01-12,1.8833329677581787,1.9079999923706055,1.8539999723434448,1.8986669778823853,10939500,0.0007082881495068527,2.0325733470916747,1.8419766598939895
2012-01-13,1.519333004951477,1.899999976158142,1.5093330144882202,1.8933329582214355,82506000,-0.19327435405115234,2.0244533467292785,1.841669989824295
2012-01-17,1.773332953453064,1.8226670026779175,1.7606669664382935,1.7746670246124268,69774000,0.16717858933743024,2.0216400051116943,1.8412866544723512
2012-01-18,1.7873330116271973,1.7920000553131104,1.75,1.7793329954147339,18903000,0.007894771338271322,2.014106664657593,1.8413366544246674
2012-01-19,1.784000039100647,1.8493330478668213,1.7740000486373901,1.8126670122146606,18694500,-0.001864774222189225,2.006706664562225,1.8416466546058654
2012-01-20,1.773332953453064,1.7999999523162842,1.7599999904632568,1.7933330535888672,9934500,-0.005979307967370118,2.000479984283447,1.841613319516182
2012-01-23,1.7846670150756836,1.8140000104904175,1.773332953453064,1.7873330116271973,8919000,0.006391389502208078,1.9937199831008912,1.8417066544294358
2012-01-24,1.8279999494552612,1.8453329801559448,1.762666940689087,1.775333046913147,12870000,0.024280683182649643,1.9891066431999207,1.841766654253006
2012-01-25,1.8646670579910278,1.8673330545425415,1.803333044052124,1.8179999589920044,9168000,0.020058593845526884,1.9846266460418702,1.8422599893808365
2012-01-26,1.929332971572876,1.972000002861023,1.8666670322418213,1.8713330030441284,19066500,0.03467960315205998,1.9783599662780762,1.8434833192825317
2012-01-27,1.9553329944610596,1.9813330173492432,1.899999976158142,1.899999976158142,11226000,0.013476171957496508,1.9731732845306396,1.84504331946373
2012-01-30,1.9713330268859863,1.9739999771118164,1.9019999504089355,1.965999960899353,10935000,0.008182766040490508,1.9673599433898925,1.8465899848937988
2012-01-31,1.937999963760376,2.0,1.9246670007705688,1.9933329820632935,14346000,-0.016908894981719547,1.959533281326294,1.8478999847173692
2012-02-01,1.972000002861023,1.9800000190734863,1.9333330392837524,1.937999963760376,7848000,0.017543880152957048,1.9540666222572327,1.8492333197593689
2012-02-02,2.016666889190674,2.058666944503784,1.9739999771118164,1.9813330173492432,12085500,0.022650550844242945,1.950933301448822,1.8509733194112779
2012-02-03,2.076667070388794,2.0886669158935547,2.016666889190674,2.0273330211639404,11467500,0.02975215268308351,1.9501199841499328,1.8529699897766114
2012-02-06,2.119999885559082,2.126667022705078,2.069999933242798,2.0733330249786377,9781500,0.020866520102413633,1.9497599816322326,1.8549866539239883
2012-02-07,2.1066670417785645,2.119999885559082,2.0546669960021973,2.119999885559082,15324000,-0.006289077594455406,1.9499599814414978,1.8566066539287567
2012-02-08,2.128667116165161,2.134000062942505,2.0859999656677246,2.1066670417785645,9355500,0.01044307142528944,1.950319983959198,1.8584533244371415
2012-02-09,2.171999931335449,2.1933329105377197,2.0953330993652344,2.1333329677581787,19156500,0.020356783285285562,1.9503466439247132,1.8603366589546204
2012-02-10,2.0733330249786377,2.1513330936431885,1.9893330335617065,2.1506669521331787,28113000,-0.04542675390240292,1.9494799637794495,1.861676658987999
2012-02-13,2.0993330478668213,2.1373329162597656,2.059999942779541,2.103332996368408,17368500,0.01254020583039317,1.9478132843971252,1.8629533243179321
2012-02-14,2.2113330364227295,2.25266695022583,2.0933330059051514,2.115999937057495,27162000,0.053350271730211674,1.9485732865333558,1.8648099893331527
2012-02-15,2.240000009536743,2.2939999103546143,2.1513330936431885,2.206666946411133,41427000,0.012963661575096097,1.948973286151886,1.8668599891662598
2012-02-16,2.2786669731140137,2.3006670475006104,2.169332981109619,2.233333110809326,33295500,0.01726203723778874,1.9486532855033873,1.869296659231186
2012-02-17,2.3313329219818115,2.3313329219818115,2.233333110809326,2.2660000324249268,20650500,0.023112613422322514,1.9487866044044495,1.8720566588640213
2012-02-21,2.299999952316284,2.324666976928711,2.253999948501587,2.324666976928711,17037000,-0.013439937887074427,1.9491999411582948,1.8747433239221574
2012-02-22,2.2813329696655273,2.314666986465454,2.1666669845581055,2.299999952316284,24819000,-0.008116079581635516,1.9536399388313292,1.877109988927841
2012-02-23,2.302000045776367,2.3313329219818115,2.237333059310913,2.2660000324249268,12306000,0.009059210727081934,1.9582932782173157,1.8793166542053223
2012-02-24,2.25,2.301332950592041,2.2179999351501465,2.2820000648498535,14398500,-0.022589072433675694,1.962746617794037,1.8811233192682266
2012-02-27,2.2413330078125,2.266666889190674,2.200000047683716,2.2273330688476562,9090000,-0.00385199652777779,1.9683066177368165,1.883306649327278
2012-02-28,2.253999948501587,2.2960000038146973,2.2113330364227295,2.2426669597625732,9183000,0.005651521056859732,1.9753466176986694,1.88535331428051
2012-02-29,2.2273330688476562,2.2746670246124268,2.2093329429626465,2.253999948501587,8035500,-0.011830914047561647,1.9817332792282105,1.8873066449165343
2012-03-01,2.2939999103546143,2.299999952316284,2.2206668853759766,2.2339999675750732,10552500,0.029931240387612634,1.9902799367904662,1.8899099797010421
2012-03-02,2.2693328857421875,2.299999952316284,2.24733304977417,2.293333053588867,8250000,-0.010752844627885616,1.998666594028473,1.8926033091545105
2012-03-05,2.251332998275757,2.293333053588867,2.2306671142578125,2.2899999618530273,7005000,-0.00793179686396861,2.0064932537078857,1.8950766390562057
2012-03-06,2.2073330879211426,2.2186670303344727,2.1746668815612793,2.2166669368743896,8607000,-0.019543937031222258,2.0138799142837525,1.8967133045196534
2012-03-07,2.2079999446868896,2.2206668853759766,2.194000005722046,2.2079999446868896,5473500,0.0003021097130271322,2.021013252735138,1.8984299689531325
2012-03-08,2.204667091369629,2.2326669692993164,2.202666997909546,2.2073330879211426,9499500,-0.001509444474978583,2.0279065942764283,1.9005133044719695
2012-03-09,2.315999984741211,2.3540000915527344,2.2133328914642334,2.2133328914642334,23301000,0.05049873235165747,2.0361332535743712,1.903186639547348
2012-03-12,2.4006669521331787,2.419332981109619,2.3066670894622803,2.312666893005371,29449500,0.036557412758976504,2.0461332535743715,1.9055299741029739
2012-03-13,2.4059998989105225,2.439332962036133,2.3666670322418213,2.434000015258789,15024000,0.0022214438252690094,2.055946590900421,1.907733308672905
2012-03-14,2.3526670932769775,2.4000000953674316,2.319999933242798,2.4000000953674316,12772500,-0.022166586813945788,2.0649199318885803,1.9096466439962387
2012-03-15,2.3333330154418945,2.365333080291748,2.318666934967041,2.3519999980926514,8574000,-0.008217940349628083,2.074146592617035,1.9112666445970534
2012-03-16,2.3546669483184814,2.392667055130005,2.322000026702881,2.326667070388794,10939500,0.009143115335616514,2.0842932724952696,1.9135333144664763
2012-03-19,2.3320000171661377,2.3546669483184814,2.3026669025421143,2.3506669998168945,15234000,-0.009626385238273638,2.0947732734680176,1.915606649518013
2012-03-20,2.330667018890381,2.3466670513153076,2.3046669960021973,2.3320000171661377,8505000,-0.0005716116063226861,2.1055066132545472,1.9172166496515275
2012-03-21,2.3433330059051514,2.353332996368408,2.3066670894622803,2.3293330669403076,9108000,0.0054344901747487295,2.116039934158325,1.919366649389267
2012-03-22,2.293333053588867,2.3433330059051514,2.2866671085357666,2.3313329219818115,7836000,-0.021337109232996476,2.1250799345970153,1.9213766497373581
2012-03-23,2.2720000743865967,2.308666944503784,2.2100000381469727,2.2839999198913574,17559000,-0.009302172298474631,2.132879936695099,1.9236966502666473
2012-03-26,2.493333101272583,2.5393331050872803,2.3359999656677246,2.372667074203491,47107500,0.09741770230608049,2.1450799393653868,1.9269566506147384
2012-03-27,2.5293331146240234,2.663332939147949,2.4686670303344727,2.4773330688476562,38088000,0.01443850937248059,2.165279941558838,1.9303166514635086
2012-03-28,2.5233330726623535,2.562666893005371,2.4739999771118164,2.518666982650757,14325000,-0.0023721833739411835,2.180279943943024,1.9334566515684128
2012-03-29,2.4886670112609863,2.5460000038146973,2.4686670303344727,2.5460000038146973,11946000,-0.013738202767180185,2.1943066239356996,1.9363666516542435
2012-03-30,2.4826669692993164,2.5293331146240234,2.4453330039978027,2.501332998275757,13296000,-0.0024109460745532774,2.208279962539673,1.939673321247101
2012-04-02,2.438667058944702,2.5313329696655273,2.435333013534546,2.4886670112609863,15429000,-0.01772284035624494,2.2215866446495056,1.9430333214998246
2012-04-03,2.5339999198913574,2.564666986465454,2.444667100906372,2.446666955947876,16471500,0.03909220022347348,2.236573302745819,1.9468699860572816
2012-04-04,2.3333330154418945,2.365999937057495,2.312666893005371,2.351332902908325,67227000,-0.079189783264897,2.2466799640655517,1.9498666512966156
2012-04-05,2.2986669540405273,2.3626670837402344,2.2939999103546143,2.3399999141693115,22641000,-0.014856885481818849,2.255359961986542,1.9521833211183548
2012-04-09,2.2100000381469727,2.2860000133514404,2.206666946411133,2.2733330726623535,24835500,-0.03857318944690902,2.2609733033180235,1.9541633212566376
2012-04-10,2.1640000343322754,2.256666898727417,2.140000104904175,2.2100000381469727,27715500,-0.020814481004836072,2.265146644115448,1.9557466566562653
2012-04-11,2.2060000896453857,2.2193329334259033,2.134000062942505,2.2160000801086426,16582500,0.019408528025310234,2.269839985370636,1.9575866568088531
2012-04-12,2.22933292388916,2.2986669540405273,2.194667100906372,2.251332998275757,15508500,0.010576986988031,2.275666644573212,1.959579986333847
2012-04-13,2.239332914352417,2.2693328857421875,2.190000057220459,2.262666940689087,9744000,0.004485642479011842,2.2810133028030397,1.9614066511392594
2012-04-16,2.1500000953674316,2.24666690826416,2.1393330097198486,2.2273330688476562,16494000,-0.03989260302138642,2.2836799669265746,1.96272665143013
2012-04-17,2.1493330001831055,2.204667091369629,2.135999917984009,2.1619999408721924,16732500,-0.0003102768161562519,2.285133285522461,1.9637633162736892
2012-04-18,2.177333116531372,2.183332920074463,2.1019999980926514,2.1393330097198486,12346500,0.013027351436878831,2.286279950141907,1.964976646900177
2012-04-19,2.2106668949127197,2.2286670207977295,2.1666669845581055,2.183332920074463,11623500,0.015309452709951099,2.2883599472045897,1.9663166463375092
2012-04-20,2.2106668949127197,2.248667001724243,2.196000099182129,2.2093329429626465,12327000,0.0,2.289999942779541,1.9677166455984116
2012-04-23,2.129333019256592,2.197999954223633,2.114000082015991,2.190666913986206,13362000,-0.036791556359439315,2.289146604537964,1.968453310728073
2012-04-24,2.121332883834839,2.146667003631592,2.066667079925537,2.121332883834839,10117500,-0.003757108610726423,2.2901066017150877,1.9694566398859024
2012-04-25,2.194000005722046,2.1993329524993896,2.138000011444092,2.138000011444092,10683000,0.03425540726820908,2.2919999408721923,1.9709766399860382
2012-04-26,2.2326669692993164,2.2346670627593994,2.194000005722046,2.1973330974578857,6379500,0.017623957828817316,2.2924266195297243,1.9727499747276307
2012-04-27,2.2226669788360596,2.242000102996826,2.194000005722046,2.240000009536743,8865000,-0.004478944061413359,2.2920799589157106,1.9743166446685791
2012-04-30,2.208667039871216,2.2239999771118164,2.171999931335449,2.2179999351501465,6208500,-0.00629871190697906,2.2906799602508543,1.976156644821167
2012-05-01,2.252000093460083,2.2806670665740967,2.208667039871216,2.208667039871216,9885000,0.019619550075503422,2.2890933036804197,1.9782233101129532
2012-05-02,2.262666940689087,2.2926669120788574,2.2260000705718994,2.233333110809326,7459500,0.004736610473499159,2.288346643447876,1.9804599797725677
2012-05-03,2.1640000343322754,2.266666889190674,2.1419999599456787,2.260667085647583,12619500,-0.0436064648236576,2.285999984741211,1.9819833147525787
2012-05-04,2.121999979019165,2.1640000343322754,2.0933330059051514,2.1546669006347656,18712500,-0.019408528025310234,2.282399983406067,1.983029979467392
2012-05-07,2.1646668910980225,2.171999931335449,2.107332944869995,2.130666971206665,17370000,0.020106933317963094,2.280693321228027,1.984286648631096
2012-05-08,2.012666940689087,2.181999921798706,1.9579999446868896,2.1666669845581055,46458000,-0.07021863319202615,2.2761199998855592,1.9845866483449937
2012-05-09,2.003999948501587,2.051332950592041,1.9839999675750732,2.0199999809265137,29218500,-0.004306222759605016,2.271119999885559,1.985109983086586
2012-05-10,2.1973330974578857,2.312000036239624,2.1600000858306885,2.197999954223633,83344500,0.096473629702863,2.2705200004577635,1.9867633134126663
2012-05-11,2.1500000953674316,2.22933292388916,2.1440000534057617,2.1659998893737793,18319500,-0.02154111370061007,2.26764000415802,1.9882999789714813
2012-05-14,2.003999948501587,2.1419999599456787,2.00333309173584,2.128000020980835,20713500,-0.06790704204173237,2.262333345413208,1.988929978609085
2012-05-15,1.9620000123977661,2.063999891281128,1.9479999542236328,2.0173330307006836,23785500,-0.02095805248659044,2.256546685695648,1.9893499785661697
2012-05-16,1.9453330039978027,2.01200008392334,1.925333023071289,1.972000002861023,18856500,-0.008494907387688877,2.2513066840171816,1.9894866436719894
2012-05-17,1.9046670198440552,1.9859999418258667,1.8826669454574585,1.9533330202102661,17235000,-0.020904381959374496,2.245240025520325,1.98989664375782
2012-05-18,1.8373329639434814,1.897333025932312,1.7886669635772705,1.891332983970642,24247500,-0.03535214039989343,2.2378933429718018,1.9900166434049607
2012-05-21,1.9179999828338623,1.9506670236587524,1.8079999685287476,1.8386670351028442,22128000,0.043904409529149646,2.2299333429336547,1.9913566434383392
2012-05-22,2.053333044052124,2.0893330574035645,2.0,2.006666898727417,35493000,0.07055946946271918,2.2229866647720335,1.993543308377266
2012-05-23,2.068000078201294,2.069999933242798,1.9666670560836792,2.0373330116271973,18306000,0.007143037117946172,2.2162266683578493,1.99600330889225
2012-05-24,2.018666982650757,2.0833330154418945,1.9793330430984497,2.0833330154418945,16134000,-0.023855461162963776,2.2095466661453247,1.997743308544159
2012-05-25,1.987333059310913,2.0273330211639404,1.946666955947876,2.010667085647583,11355000,-0.015522086411052571,2.202626667022705,1.9997399735450745
2012-05-29,2.1126670837402344,2.128667116165161,2.000667095184326,2.000667095184326,24750000,0.06306644165260322,2.19778666973114,2.0018699741363526
2012-05-30,2.0273330211639404,2.0946669578552246,2.0160000324249268,2.072000026702881,19608000,-0.04039162783055239,2.191693329811096,2.003236639499664
2012-05-31,1.9666670560836792,2.0193328857421875,1.9166669845581055,2.004667043685913,16780500,-0.02992402552858897,2.1844133305549622,2.0043266397714614
2012-06-01,1.8766670227050781,1.944000005722046,1.8506669998168945,1.9019999504089355,13287000,-0.04576271977516244,2.1750800108909605,2.005009974837303
2012-06-04,1.858667016029358,1.8940000534057617,1.807332992553711,1.8686670064926147,15463500,-0.009591475982656972,2.1663866901397704,2.005693309903145
2012-06-05,1.8606669902801514,1.8926670551300049,1.8373329639434814,1.8559999465942383,9463500,0.0010760261163218487,2.1581600284576417,2.006909979581833
2012-06-06,1.9479999542236328,1.963333010673523,1.8760000467300415,1.8799999952316284,13648500,0.04693637518142468,2.147253365516663,2.0092166441679002
2012-06-07,1.9286669492721558,1.9913330078125,1.9233330488204956,1.987333059310913,7381500,-0.009924540762724088,2.135240042209625,2.0115433138608934
2012-06-08,2.0053329467773438,2.012666940689087,1.8766670227050781,1.9240000247955322,13216500,0.039750770621190146,2.124880039691925,2.013916643857956
2012-06-11,1.9413330554962158,2.066667079925537,1.9306670427322388,2.02066707611084,9540000,-0.03191484555419011,2.1139333605766297,2.0156666439771653
2012-06-12,1.9773329496383667,1.9893330335617065,1.920667052268982,1.948667049407959,8535000,0.01854390416947238,2.1038266801834107,2.0178499734401703
2012-06-13,1.9846669435501099,2.0426669120788574,1.9646669626235962,1.9700000286102295,12661500,0.0037090333790696928,2.0947466778755186,2.01986330807209
2012-06-14,1.9593329429626465,2.043333053588867,1.9079999923706055,2.01200008392334,13083000,-0.01276486247216202,2.0832533383369447,2.021423307657242
2012-06-15,1.99399995803833,1.9966670274734497,1.920667052268982,1.9593329429626465,9702000,0.017693274234068967,2.0764666771888733,2.023183307647705
2012-06-18,2.122667074203491,2.1553330421447754,1.9666670560836792,1.996000051498413,18852000,0.06452714085899092,2.0729466795921327,2.025549978017807
2012-06-19,2.1393330097198486,2.177333116531372,2.0999999046325684,2.134666919708252,13666500,0.0078514128376026,2.07153333902359,2.028246642947197
2012-06-20,2.252000093460083,2.299999952316284,2.2139999866485596,2.233333110809326,51336000,0.052664584348646404,2.0732933402061464,2.0318166434764864
2012-06-21,2.1459999084472656,2.2853329181671143,2.122667074203491,2.2839999198913574,28378500,-0.04706935195990758,2.0720933365821836,2.034899978041649
2012-06-22,2.25266695022583,2.2653329372406006,2.1640000343322754,2.173332929611206,45699000,0.04970505420745486,2.072560017108917,2.0382166475057604
2012-06-25,2.2073330879211426,2.2746670246124268,2.183332920074463,2.262666940689087,22477500,-0.020124529416185033,2.0719200205802917,2.0413833129405976
2012-06-26,2.107332944869995,2.1566669940948486,2.0926671028137207,2.136667013168335,39208500,-0.045303603519723956,2.071066677570343,2.0442633128166197
2012-06-27,2.130666971206665,2.163332939147949,2.1046669483184814,2.126667022705078,15708000,0.011072776323016953,2.070693356990814,2.0472899824380875
2012-06-28,2.0940001010894775,2.140666961669922,2.041332960128784,2.126667022705078,13711500,-0.017209104291142197,2.069026696681976,2.0497333180904387
2012-06-29,2.0859999656677246,2.186666965484619,2.066667079925537,2.186666965484619,16887000,-0.003820503837411726,2.0665333580970766,2.0520499831438066
2012-07-02,2.0266671180725098,2.119999885559082,2.012666940689087,2.0899999141693115,19734000,-0.02844335981387347,2.062853362560272,2.0539099836349486
2012-07-03,2.0439999103546143,2.066667079925537,2.0266671180725098,2.0399999618530273,14205000,0.008552362707985761,2.0611467003822326,2.055529983043671
2012-07-05,2.0820000171661377,2.111332893371582,2.053333044052124,2.053999900817871,18807000,0.018591051114542845,2.0603600430488584,2.057349982857704
2012-07-06,2.065999984741211,2.115333080291748,2.053333044052124,2.065999984741211,11767500,-0.0076849338583122595,2.0578000426292418,2.0590099829435347
2012-07-09,2.0993330478668213,2.121999979019165,2.0446670055389404,2.062666893005371,13657500,0.016134106181896035,2.055133364200592,2.060889983177185
2012-07-10,2.0846669673919678,2.1653330326080322,2.059333086013794,2.1026670932769775,11376000,-0.006986066593748008,2.0523733639717103,2.062769982814789
2012-07-11,2.1006669998168945,2.111999988555908,2.0673329830169678,2.1046669483184814,9579000,0.007675102390548139,2.0502133631706236,2.064479982852936
2012-07-12,2.180000066757202,2.200666904449463,2.053333044052124,2.0859999656677246,16885500,0.037765655835609646,2.0487733626365663,2.0668733179569245
2012-07-13,2.2833330631256104,2.293333053588867,2.188667058944702,2.197999954223633,19572000,0.04740045559820483,2.0491866850852967,2.0695599830150604
2012-07-16,2.3973329067230225,2.4000000953674316,2.259999990463257,2.2880001068115234,26160000,0.04992694471009851,2.0538533425331114,2.0733499825000763
2012-07-17,2.2233328819274902,2.3473329544067383,2.1586670875549316,2.3333330154418945,38539500,-0.07258066842013089,2.0558800005912783,2.076426646709442
2012-07-18,2.1433329582214355,2.2446670532226562,2.070667028427124,2.0946669578552246,43228500,-0.035981981985846345,2.0554533219337463,2.079013311266899
2012-07-19,2.1513330936431885,2.2100000381469727,2.135999917984009,2.181333065032959,21538500,0.0037325677240513944,2.0582266449928284,2.0818599766492842
2012-07-20,2.119333028793335,2.1500000953674316,2.0833330154418945,2.138000011444092,23527500,-0.01487452823758817,2.0605333065986633,2.08456997692585
2012-07-23,2.0439999103546143,2.086667060852051,2.041332960128784,2.069999933242798,20802000,-0.03554567282028931,2.057466642856598,2.086333311200142
2012-07-24,1.9893330335617065,2.069333076477051,1.974666953086853,2.0439999103546143,22504500,-0.026745048527631043,2.0542533016204834,2.0872933113574983
2012-07-25,1.9299999475479126,1.9986670017242432,1.9166669845581055,1.9946670532226562,42633000,-0.029825617436997853,2.05277330160141,2.0879466462135317
2012-07-26,1.8753329515457153,2.0,1.8426669836044312,1.9933329820632935,33934500,-0.028324869164712885,2.0510399603843688,2.0880299758911134
2012-07-27,1.9673329591751099,1.9773329496383667,1.8733329772949219,1.9140000343322754,25095000,0.049057959309873445,2.051479959487915,2.0886633056402206
2012-07-30,1.8233330249786377,2.016666889190674,1.8140000104904175,1.9673329591751099,30978000,-0.07319550741266001,2.049853279590607,2.088513305783272
2012-07-31,1.8279999494552612,1.8646670579910278,1.8233330249786377,1.8359999656677246,23626500,0.0025595568185785567,2.0496666193008424,2.0883399707078936
2012-08-01,1.75,1.8660000562667847,1.73533296585083,1.8660000562667847,23884500,-0.04266955777460768,2.046306619644165,2.0877399706840514
2012-08-02,1.7400000095367432,1.7899999618530273,1.7013330459594727,1.7893329858779907,19576500,-0.005714280264718208,2.0400399589538574,2.087299970984459
2012-08-03,1.8179999589920044,1.8366669416427612,1.7826670408248901,1.7933330535888672,18142500,0.0448275569125014,2.0350399565696717,2.0869433057308195
2012-08-06,1.8846670389175415,1.9133330583572388,1.8366669416427612,1.8366669416427612,22923000,0.03667056184231199,2.0323599576950073,2.0871766406297683
2012-08-07,2.016666889190674,2.059999942779541,1.899999976158142,1.9179999828338623,35808000,0.07003881722733718,2.0329466342926024,2.088146640062332
2012-08-08,1.9393329620361328,2.0,1.906000018119812,1.9933329820632935,19633500,-0.03834739766346662,2.0294799518585207,2.0884999698400497
2012-08-09,1.9606670141220093,2.0,1.9420000314712524,1.968000054359436,10089000,0.011000716485258799,2.0281466317176817,2.0887866401672364
2012-08-10,1.996000051498413,1.996000051498413,1.9539999961853027,1.9539999961853027,10611000,0.01802092712424508,2.0287332916259766,2.0893499755859377
2012-08-13,2.078000068664551,2.086667060852051,1.940000057220459,1.9793330430984497,13051500,0.04108217186897356,2.032759952545166,2.090413311123848
2012-08-14,1.9613330364227295,2.078000068664551,1.9506670236587524,2.049999952316284,11901000,-0.05614390201478603,2.0348132729530333,2.0906333112716675
2012-08-15,1.9600000381469727,1.9800000190734863,1.920667052268982,1.9593329429626465,7881000,-0.0006796389246510603,2.0367999339103697,2.09047664642334
2012-08-16,2.0199999809265137,2.0260000228881836,1.9666670560836792,1.9686670303344727,10035000,0.0306122151080499,2.0382399344444275,2.090786646604538
2012-08-17,2.000667095184326,2.047333002090454,1.9986670017242432,2.0193328857421875,7623000,-0.009570735606304392,2.039679937362671,2.091163316965103
2012-08-20,1.9673329591751099,2.0260000228881836,1.940000057220459,2.009999990463257,17686500,-0.01666151059786647,2.0389199376106264,2.091429981589317
2012-08-21,1.9406670331954956,2.0,1.9333330392837524,1.972000002861023,11424000,-0.013554353296045596,2.0389066171646117,2.0903133165836336
2012-08-22,1.9966670274734497,2.00266695022583,1.934000015258789,1.934000015258789,11632500,0.028856054810054044,2.0392932987213133,2.0895266515016555
2012-08-23,2.0486669540405273,2.0566670894622803,1.976667046546936,2.0,22065000,0.026043364192214646,2.040573298931122,2.0893466514348984
2012-08-24,1.9666670560836792,2.0160000324249268,1.9606670141220093,2.003999948501587,21441000,-0.04002597776818828,2.0407199811935426,2.0885666513442995
2012-08-27,1.8880000114440918,1.9800000190734863,1.878000020980835,1.9713330268859863,20256000,-0.04000018426923824,2.038599982261658,2.0877133166790007
2012-08-28,1.9126670360565186,1.9586670398712158,1.8666670322418213,1.8933329582214355,21040500,0.013065161262133307,2.0343999814987184,2.0868333172798157
2012-08-29,1.8940000534057617,1.9093329906463623,1.8680000305175781,1.8993330001831055,12583500,-0.009759661404132203,2.0294933223724367,2.085089982748032
2012-08-30,1.8940000534057617,1.9160000085830688,1.8733329772949219,1.9066669940948486,9846000,0.0,2.02233332157135,2.083486647605896
2012-08-31,1.901332974433899,1.9226670265197754,1.8799999952316284,1.9073330163955688,8097000,0.0038716583006168648,2.0174399828910827,2.081683312058449
2012-09-04,1.8760000467300415,1.9326670169830322,1.8600000143051147,1.901332974433899,11287500,-0.01332377234524107,2.009906644821167,2.0794166469573976
2012-09-05,1.8626669645309448,1.899999976158142,1.8539999723434448,1.8673330545425415,9589500,-0.0071071864962567455,2.003013322353363,2.077503316998482
2012-09-06,1.9033329486846924,1.9266669750213623,1.8600000143051147,1.8666670322418213,12625500,0.02183212830211323,1.998933322429657,2.076153317093849
2012-09-07,1.9566669464111328,1.9713330268859863,1.899999976158142,1.9033329486846924,14298000,0.028021370492901543,1.9954533219337462,2.0753499871492385
2012-09-10,1.824666976928711,1.9566669464111328,1.8200000524520874,1.946666955947876,22249500,-0.06746164426425905,1.990066659450531,2.0737833219766615
2012-09-11,1.8533329963684082,1.8773330450057983,1.8266669511795044,1.8506669998168945,15223500,0.015710274697878335,1.9854133200645447,2.072566651701927
2012-09-12,1.8853329420089722,1.9053330421447754,1.8533329963684082,1.8600000143051147,17178000,0.017266160858986357,1.9825866365432738,2.0714399814605713
2012-09-13,1.9653329849243164,1.9666670560836792,1.8986669778823853,1.9046670198440552,22270500,0.042432846280242575,1.981013298034668,2.0704133117198946
2012-09-14,2.0260000228881836,2.043333053588867,1.976667046546936,2.0,23049000,0.030868579741566426,1.9798932981491089,2.0699599766731263
2012-09-17,2.169332981109619,2.185333013534546,2.1006669998168945,2.1566669940948486,48192000,0.07074677028734966,1.981959958076477,2.0698933064937592
2012-09-18,2.0893330574035645,2.126667022705078,2.045332908630371,2.125333070755005,26827500,-0.03687765981649094,1.9817599582672119,2.069473307132721
2012-09-19,2.069999933242798,2.115999937057495,2.062666893005371,2.066667079925537,15727500,-0.00925325145852618,1.9814666175842286,2.0687233066558837
2012-09-20,2.059999942779541,2.0999999046325684,2.045332908630371,2.062000036239624,13686000,-0.004830913423070071,1.9806532764434814,2.067549971342087
2012-09-21,2.001332998275757,2.0993330478668213,1.9693330526351929,2.0733330249786377,28050000,-0.028479100064743412,1.9770799350738526,2.065933301448822
2012-09-24,2.0439999103546143,2.068666934967041,1.9600000381469727,1.9673329591751099,19528500,0.02131924677982977,1.9722932720184325,2.064756635427475
2012-09-25,1.843999981880188,1.9653329849243164,1.835332989692688,1.9079999923706055,85206000,-0.0978473274197591,1.961226613521576,2.063679969906807
2012-09-26,1.8359999656677246,1.8933329582214355,1.8320000171661377,1.843999981880188,22908000,-0.004338403628565302,1.9534799551963806,2.0625133043527604
2012-09-27,1.8993330001831055,1.9026670455932617,1.840000033378601,1.8546669483184814,26379000,0.034495117483483995,1.948599956035614,2.061873304247856
2012-09-28,1.9520000219345093,1.9926669597625732,1.9073330163955688,1.9153330326080322,65151000,0.027729219545138406,1.9446132946014405,2.061816639304161
2012-10-01,1.944000005722046,1.9926669597625732,1.9333330392837524,1.9666670560836792,13266000,-0.004098368915249839,1.9411066341400147,2.0620266395807265
2012-10-02,1.9866670370101929,1.9926669597625732,1.9333330392837524,1.9520000219345093,10935000,0.021948061297612842,1.9399599766731261,2.0624199748039245
2012-10-03,1.9533330202102661,1.9966670274734497,1.9493329524993896,1.9833329916000366,15792000,-0.016778864388917625,1.9392399764060975,2.0628533047437667
2012-10-04,1.9600000381469727,2.006666898727417,1.909999966621399,2.0,23119500,0.003413149661489312,1.9398399782180786,2.063403304815292
2012-10-05,1.9259999990463257,1.987333059310913,1.9119999408721924,1.9800000190734863,14079000,-0.017346958387200573,1.9408533191680908,2.0637333047389985
2012-10-08,1.9500000476837158,1.9600000381469727,1.9073330163955688,1.9240000247955322,13345500,0.01246108444925964,1.9405066609382629,2.0642933046817777
2012-10-09,1.891332983970642,1.9413330554962158,1.8833329677581787,1.9413330554962158,17895000,-0.03008567296332154,1.941866660118103,2.064493304491043
2012-10-10,1.8933329582214355,1.914667010307312,1.8673330545425415,1.8926670551300049,7554000,0.0010574416391737618,1.9431733202934265,2.064659969210625
2012-10-11,1.8880000114440918,1.9320000410079956,1.8833329677581787,1.929332971572876,6759000,-0.002816697799605916,1.9459333205223084,2.064576634168625
2012-10-12,1.8426669836044312,1.9153330326080322,1.8333330154418945,1.8880000114440918,14814000,-0.024011137481395606,1.9479866600036622,2.064286634325981
2012-10-15,1.8220000267028809,1.8700000047683716,1.7906670570373535,1.8680000305175781,22030500,-0.011215785101398978,1.9480666613578796,2.063819969296455
2012-10-16,1.8706669807434082,1.8726669549942017,1.8226670026779175,1.8446669578552246,7189500,0.02671073179323491,1.947786660194397,2.063653303980827
2012-10-17,1.9213329553604126,1.9226670265197754,1.8533329963684082,1.8833329677581787,10020000,0.02708444375111041,1.9458799815177918,2.0638999688625335
2012-10-18,1.869333028793335,1.9326670169830322,1.8519999980926514,1.9326670169830322,11115000,-0.027064505619393442,1.9444799828529358,2.0640099692344664
2012-10-19,1.8493330478668213,1.8799999952316284,1.8200000524520874,1.8553329706192017,15411000,-0.010698992966183152,1.942253303527832,2.064216634631157
2012-10-22,1.8566670417785645,1.8666670322418213,1.8240000009536743,1.8660000562667847,7053000,0.003965750744682195,1.939466643333435,2.0645299696922303
2012-10-23,1.8926670551300049,1.9040000438690186,1.824666976928711,1.8253329992294312,11235000,0.019389590347311136,1.935759983062744,2.0649099701642992
2012-10-24,1.8279999494552612,1.901332974433899,1.8166669607162476,1.901332974433899,15246000,-0.03416718513669159,1.9330933213233947,2.0648433047533037
2012-10-25,1.8346669673919678,1.8533329963684082,1.8300000429153442,1.8533329963684082,8665500,0.003647165274098141,1.9305866599082946,2.064606639742851
2012-10-26,1.8253329992294312,1.8533329963684082,1.801332950592041,1.835332989692688,7161000,-0.005087554487234858,1.926693320274353,2.0643166399002073
2012-10-31,1.8753329515457153,1.8899999856948853,1.824666976928711,1.8466670513153076,11628000,0.027392236012492965,1.9241866374015808,2.066096639633179
2012-11-01,1.9500000476837158,1.965999960899353,1.8799999952316284,1.8833329677581787,15361500,0.03981538109083904,1.9238399791717529,2.066979975104332
2012-11-02,1.9279999732971191,1.9700000286102295,1.9033329486846924,1.9513330459594727,15454500,-0.011282089153140884,1.9235866379737854,2.0676833099126815
2012-11-05,2.0999999046325684,2.105333089828491,1.9553329944610596,1.9866670370101929,30733500,0.08921158387845196,1.9256532955169678,2.069263309240341
2012-11-06,2.076667070388794,2.0799999237060547,1.9966670274734497,2.0406670570373535,34860000,-0.011110873953995237,1.926213297843933,2.0707799798250197
2012-11-07,2.1026670932769775,2.136667013168335,2.053999900817871,2.066667079925537,25717500,0.012520072793043235,1.9289332985877992,2.0723699802160263
2012-11-08,2.0873329639434814,2.125333070755005,2.062666893005371,2.0673329830169678,19110000,-0.0072927042909098905,1.932919957637787,2.0736666452884673
2012-11-09,2.0213329792022705,2.062000036239624,1.9900000095367432,2.0399999618530273,12945000,-0.031619289246752835,1.9350932765007018,2.0744499748945238
2012-11-12,2.0713329315185547,2.0946669578552246,2.010667085647583,2.0193328857421875,8338500,0.024736128500716825,1.9386399340629579,2.075159974694252
2012-11-13,2.107332944869995,2.1333329677581787,2.0480000972747803,2.0859999656677246,14974500,0.01738011924768057,1.9429065918922424,2.075919974446297
2012-11-14,2.0920000076293945,2.1413331031799316,2.0799999237060547,2.130666971206665,13069500,-0.007275991806575455,1.9467199325561524,2.076523309350014
2012-11-15,2.0546669960021973,2.0959999561309814,2.0333330631256104,2.086667060852051,14760000,-0.017845607787306927,1.9502932715415955,2.0771066445112227
2012-11-16,2.122667074203491,2.1333329677581787,2.0393331050872803,2.076667070388794,13630500,0.033095425357784425,1.9554932737350463,2.0778599798679354
2012-11-19,2.194667100906372,2.2166669368743896,2.122667074203491,2.138000011444092,20886000,0.03391960405750294,1.96131995677948,2.0787499809265135
2012-11-20,2.200000047683716,2.206666946411133,2.127332925796509,2.186666965484619,13837500,0.0024299570422965378,1.9661866188049317,2.0793666458129882
2012-11-21,2.1646668910980225,2.231333017349243,2.1526670455932617,2.1740000247955322,14448000,-0.016060525372667223,1.972986617088318,2.079589980840683
2012-11-23,2.1419999599456787,2.188667058944702,2.113332986831665,2.173332929611206,6454500,-0.010471325285917765,1.9787599563598632,2.0797666454315187
2012-11-26,2.1513330936431885,2.1533329486846924,2.1080000400543213,2.140000104904175,7437000,0.004357205355758564,1.9840799593925476,2.079879975318909
2012-11-27,2.1433329582214355,2.177333116531372,2.101332902908325,2.1419999599456787,13662000,-0.0037186874712205054,1.98763995885849,2.079736640453339
2012-11-28,2.2153329849243164,2.2860000133514404,2.127332925796509,2.1333329677581787,22878000,0.033592553329944375,1.9914266180992126,2.080446640253067
2012-11-29,2.246000051498413,2.266666889190674,2.191333055496216,2.22933292388916,16551000,0.013843095725469157,1.9929599595069885,2.081179975271225
2012-11-30,2.254667043685913,2.2853329181671143,2.200666904449463,2.242000102996826,21304500,0.0038588566290183035,1.9962666392326356,2.081396645307541
2012-12-03,2.308000087738037,2.3333330154418945,2.233333110809326,2.2593328952789307,31285500,0.02365450996477758,2.0010266423225405,2.0817366456985473
2012-12-04,2.259999990463257,2.319999933242798,2.2366669178009033,2.2720000743865967,18949500,-0.02079726839257745,2.0050266432762145,2.0816433107852936
2012-12-05,2.24733304977417,2.2793331146240234,2.2386670112609863,2.254667043685913,9922500,-0.005604841036521591,2.009946644306183,2.0812233114242553
2012-12-06,2.259999990463257,2.319999933242798,2.233333110809326,2.254667043685913,9906000,0.005636432343821829,2.014266645908356,2.0810233116149903
2012-12-07,2.2780001163482666,2.299333095550537,2.256666898727417,2.2866671085357666,9966000,0.007964657504852424,2.0229466485977174,2.081006647348404
2012-12-10,2.3046669960021973,2.319999933242798,2.2786669731140137,2.295332908630371,13947000,0.011706267906903767,2.0323199892044066,2.081019982099533
2012-12-11,2.3519999980926514,2.3666670322418213,2.297333002090454,2.3066670894622803,23589000,0.0205378921000563,2.0413733291625977,2.081529982089996
2012-12-12,2.3506669998168945,2.386667013168335,2.3299999237060547,2.3473329544067383,30957000,-0.0005667509680432614,2.0493466687202453,2.0820766520500182
2012-12-13,2.2406671047210693,2.353332996368408,2.183332920074463,2.3506669998168945,32269500,-0.046795184134713064,2.055280010700226,2.082009987831116
2012-12-14,2.253999948501587,2.293333053588867,2.239332914352417,2.252000093460083,15345000,0.005950390288867791,2.0606266689300536,2.0821433222293853
2012-12-17,2.293333053588867,2.299999952316284,2.25,2.251332998275757,12373500,0.017450357580277798,2.0674266695976256,2.0821399879455567
2012-12-18,2.305999994277954,2.3380000591278076,2.2839999198913574,2.2839999198913574,23308500,0.005523375974224143,2.074346668720245,2.0823233234882355
2012-12-19,2.307332992553711,2.3506669998168945,2.301332950592041,2.316667079925537,19482000,0.0005780564956914258,2.081973328590393,2.082603323459625
2012-12-20,2.295332908630371,2.319333076477051,2.2699999809265137,2.3006670475006104,13818000,-0.0052008461553086915,2.088879985809326,2.0830433225631713
2012-12-21,2.266666889190674,2.2780001163482666,2.2386670112609863,2.262666940689087,22386000,-0.012488828671394003,2.096386663913727,2.0833366572856904
2012-12-24,2.2853329181671143,2.2899999618530273,2.2366669178009033,2.2426669597625732,5637000,0.00823501197527321,2.1042266631126405,2.083739986419678
2012-12-26,2.239332914352417,2.299999952316284,2.233333110809326,2.2639999389648438,9021000,-0.02012836005162444,2.111253321170807,2.0833566510677337
2012-12-27,2.246000051498413,2.260667085647583,2.200000047683716,2.233333110809326,8416500,0.002977287165863096,2.1193199825286864,2.08258331656456
2012-12-28,2.2146670818328857,2.243333101272583,2.2013330459594727,2.2253329753875732,6211500,-0.013950564980897306,2.1271733236312866,2.0816266524791716
2012-12-31,2.257999897003174,2.26466703414917,2.200000047683716,2.200000047683716,8923500,0.019566288552239408,2.134919981956482,2.0811533164978027
2013-01-02,2.357332944869995,2.363332986831665,2.313999891281128,2.3333330154418945,17922000,0.04399160867928131,2.1436399817466736,2.081273316144943
2013-01-03,2.318000078201294,2.363332986831665,2.316667079925537,2.3453330993652344,11130000,-0.016685325148616315,2.1526133227348327,2.0810899817943573
2013-01-04,2.293333053588867,2.319999933242798,2.2613329887390137,2.319999933242798,10110000,-0.010641511553169503,2.1614933228492736,2.080896646976471
2013-01-07,2.2893331050872803,2.319999933242798,2.259999990463257,2.319999933242798,6630000,-0.001744163803564125,2.170146644115448,2.0806899774074554
2013-01-08,2.245332956314087,2.299999952316284,2.2073330879211426,2.299999952316284,19260000,-0.019219635917297362,2.1771999621391296,2.0801999771595003
2013-01-09,2.2426669597625732,2.2793331146240234,2.2266669273376465,2.2673330307006836,10470000,-0.0011873502074677411,2.185493302345276,2.0799466466903684
2013-01-10,2.23533296585083,2.2660000324249268,2.2253329753875732,2.257999897003174,13837500,-0.0032702108887890935,2.193506622314453,2.0797633111476896
2013-01-11,2.194000005722046,2.2693328857421875,2.140666961669922,2.2693328857421875,23448000,-0.01849073975118143,2.2008799624443056,2.0782666456699372
2013-01-14,2.2173330783843994,2.2253329753875732,2.190000057220459,2.2053329944610596,13876500,0.010634946491111963,2.207719964981079,2.076706645488739
2013-01-15,2.259999990463257,2.2833330631256104,2.2053329944610596,2.2073330879211426,24363000,0.019242446024367865,2.21391996383667,2.0753899800777433
2013-01-16,2.2733330726623535,2.2820000648498535,2.248667001724243,2.256666898727417,20673000,0.0058995939183006385,2.2208266258239746,2.0743133103847504
2013-01-17,2.2920000553131104,2.3233330249786377,2.2613329887390137,2.2773330211639404,21550500,0.008211283632492794,2.2246666288375856,2.073359975814819
2013-01-18,2.301332950592041,2.318666934967041,2.254667043685913,2.315999984741211,53326500,0.004071943740706185,2.2291599464416505,2.072673305273056
2013-01-22,2.3459999561309814,2.369999885559082,2.2839999198913574,2.303999900817871,28803000,0.019409188717108172,2.2340266036987306,2.071733305454254
2013-01-23,2.4000000953674316,2.4159998893737793,2.330667018890381,2.3346669673919678,23464500,0.023017962594299002,2.2402799463272096,2.072066640853882
2013-01-24,2.4660000801086426,2.51466703414917,2.3893330097198486,2.4000000953674316,29556000,0.027499992549419705,2.249173288345337,2.0729033064842226
2013-01-25,2.4653329849243164,2.50266695022583,2.4533329010009766,2.4666669368743896,19317000,-0.0002705170975894067,2.2570532894134523,2.074179971218109
2013-01-28,2.5353329181671143,2.580667018890381,2.4573330879211426,2.4573330879211426,29790000,0.028393703272885373,2.2656132888793947,2.0760366356372835
2013-01-29,2.5299999713897705,2.562666893005371,2.4753329753875732,2.5399999618530273,21399000,-0.002103450296065734,2.274373288154602,2.0776566350460053
2013-01-30,2.501332998275757,2.5333330631256104,2.495332956314087,2.5233330726623535,14521500,-0.011330819540786963,2.283306608200073,2.079016635417938
2013-01-31,2.500667095184326,2.5246670246124268,2.4619998931884766,2.5246670246124268,13521000,-0.000266219288631131,2.29086660861969,2.080323306322098
2013-02-01,2.553333044052124,2.566667079925537,2.507999897003174,2.5446670055389404,16509000,0.02106075973456023,2.298039927482605,2.082339971065521
2013-02-04,2.5160000324249268,2.561332941055298,2.50600004196167,2.559999942779541,16920000,-0.014621285583626853,2.3043599271774293,2.0841733062267305
2013-02-05,2.5420000553131104,2.576667070388794,2.51200008392334,2.5333330631256104,19653000,0.010333872238914354,2.311906590461731,2.085996640920639
2013-02-06,2.611332893371582,2.625999927520752,2.5266671180725098,2.545332908630371,28398000,0.027274916030610274,2.321293249130249,2.0879999709129335
2013-02-07,2.631999969482422,2.6453330516815186,2.5966670513153076,2.6126670837402344,17949000,0.0079143781948674,2.3309065866470338,2.090106636285782
2013-02-08,2.615999937057495,2.6666669845581055,2.609333038330078,2.630000114440918,17097000,-0.006079039745609527,2.340359926223755,2.0925399708747863
2013-02-11,2.561332941055298,2.609999895095825,2.5,2.5320000648498535,48994500,-0.020897170228408868,2.3472799253463745,2.0947399711608887
2013-02-12,2.5260000228881836,2.5913329124450684,2.4860000610351562,2.563333034515381,33919500,-0.01379473851320423,2.35287992477417,2.0963999712467194
2013-02-13,2.563333034515381,2.5999999046325684,2.5366671085357666,2.553333044052124,14502000,0.014779497739082048,2.3590532445907595,2.0980533015728
2013-02-14,2.551332950592041,2.5833330154418945,2.547333002090454,2.5759999752044678,14860500,-0.0046814377069847035,2.363919901847839,2.0996966314315797
2013-02-15,2.4693329334259033,2.5673329830169678,2.4633328914642334,2.566667079925537,30264000,-0.032140069036112884,2.3681065607070924,2.100999960899353
2013-02-19,2.618666887283325,2.619333028793335,2.487333059310913,2.4906671047210693,40521000,0.06047542307316123,2.3755332374572755,2.102833294868469
2013-02-20,2.569333076477051,2.6433329582214355,2.563999891281128,2.619999885559082,46830000,-0.01883928461685891,2.3817198991775514,2.104366625547409
2013-02-21,2.3440001010894775,2.4926669597625732,2.3026669025421143,2.4326670169830322,135567000,-0.08770095922967658,2.3830398988723753,2.105266625881195
2013-02-22,2.4073328971862793,2.4260001182556152,2.373332977294922,2.381333112716675,38209500,0.027019109797548735,2.385093216896057,2.106693290472031
2013-02-25,2.2920000553131104,2.450000047683716,2.2893331050872803,2.4100000858306885,43341000,-0.04790897096449409,2.383893218040466,2.107329956293106
2013-02-26,2.295332908630371,2.330667018890381,2.25333309173584,2.297333002090454,41443500,0.001454124448878158,2.3827865362167358,2.1087432861328126
2013-02-27,2.3399999141693115,2.3606669902801514,2.293333053588867,2.2939999103546143,29388000,0.01945992468935298,2.3847731924057007,2.110423285961151
2013-02-28,2.322000026702881,2.4066669940948486,2.291332960128784,2.392667055130005,29473500,-0.007692259883189112,2.3861331939697266,2.111046620607376
2013-03-01,2.309999942779541,2.3386669158935547,2.2833330631256104,2.3333330154418945,23199000,-0.00516799473959495,2.38646653175354,2.1118466198444366
2013-03-04,2.371999979019165,2.388667106628418,2.313333034515381,2.318000078201294,26365500,0.02683984319281918,2.387786531448364,2.1136866199970243
2013-03-05,2.4433329105377197,2.4613330364227295,2.385999917984009,2.4000000953674316,31305000,0.03007290562795495,2.3905065298080443,2.1160932844877243
2013-03-06,2.512666940689087,2.5253329277038574,2.4646670818328857,2.4673330783843994,17250000,0.028376824890435692,2.394853210449219,2.118929954171181
2013-03-07,2.5486669540405273,2.576667070388794,2.458667039871216,2.5153329372406006,17374500,0.014327411551635194,2.4004932117462157,2.122149953842163
2013-03-08,2.564666986465454,2.629333019256592,2.4906671047210693,2.5373330116271973,13681500,0.006277804324162917,2.4060798931121825,2.125786623954773
2013-03-11,2.6066670417785645,2.629333019256592,2.576667070388794,2.5913329124450684,23692500,0.01637641671794343,2.4134265756607056,2.1292299592494963
2013-03-12,2.6080000400543213,2.625333070755005,2.5899999141693115,2.5933330059051514,19126500,0.0005113803391043614,2.4206665754318237,2.1320032942295075
2013-03-13,2.5986669063568115,2.632667064666748,2.5873329639434814,2.5999999046325684,12330000,-0.003578655503899242,2.4283465719223023,2.1346566283702852
2013-03-14,2.456666946411133,2.5940001010894775,2.4513330459594727,2.5933330059051514,30315000,-0.05464338642183075,2.4323199129104616,2.1368466281890868
2013-03-15,2.3526670932769775,2.4433329105377197,2.3473329544067383,2.442667007446289,49194000,-0.04233372101419175,2.432226595878601,2.1386732983589174
2013-03-18,2.3433330059051514,2.4040000438690186,2.328000068664551,2.353332996368408,19741500,-0.003967449282773372,2.4327332544326783,2.1398266279697418
2013-03-19,2.3386669158935547,2.373332977294922,2.3293330669403076,2.3499999046325684,16477500,-0.001991219344343431,2.433639931678772,2.1413832974433897
2013-03-20,2.396667003631592,2.4046669006347656,2.3440001010894775,2.3506669998168945,21345000,0.02480049097366921,2.435786609649658,2.1435332971811296
2013-03-21,2.4006669521331787,2.4706668853759766,2.382667064666748,2.396667003631592,17194500,0.0016689629788060323,2.4388932895660402,2.14615329682827
2013-03-22,2.441333055496216,2.4533329010009766,2.413332939147949,2.413332939147949,6603000,0.016939502302433906,2.4428666114807127,2.1490666270256042
2013-03-25,2.502000093460083,2.568000078201294,2.4513330459594727,2.4733328819274902,35682000,0.024849963763561966,2.448199954032898,2.152273292541504
2013-03-26,2.5239999294281006,2.5480000972747803,2.510667085647583,2.5320000648498535,27123000,0.00879289973870212,2.454799952507019,2.155153292417526
2013-03-27,2.5439999103546143,2.558666944503784,2.487333059310913,2.5293331146240234,19444500,0.007923922934120364,2.4613332891464235,2.1582299572229386
2013-03-28,2.5260000228881836,2.549333095550537,2.516666889190674,2.5486669540405273,17380500,-0.007075427712543325,2.466653289794922,2.1608332926034928
2013-04-01,2.9286670684814453,3.111999988555908,2.7799999713897705,2.8239998817443848,211477500,0.1594089635568805,2.4797599697113037,2.165769962668419
2013-04-02,2.9560000896453857,3.0333330631256104,2.9006669521331787,2.9066669940948486,99786000,0.009332921948725703,2.493039970397949,2.170663298368454
2013-04-03,2.740000009536743,2.8980000019073486,2.680666923522949,2.873332977294922,84654000,-0.0730717434229019,2.5018133115768433,2.1744399636983873
2013-04-04,2.8006670475006104,2.816667079925537,2.7206668853759766,2.7406671047210693,33972000,0.0221412546542743,2.510906653404236,2.178646634221077
2013-04-05,2.757999897003174,2.799999952316284,2.700000047683716,2.799999952316284,23286000,-0.015234638667782296,2.5180666494369506,2.1824666339159013
2013-04-08,2.7886669635772705,2.836667060852051,2.7673330307006836,2.7980000972747803,25185000,0.011119313893890759,2.524519987106323,2.18579663336277
2013-04-09,2.700000047683716,2.7886669635772705,2.688667058944702,2.7866671085357666,25441500,-0.03179544816632163,2.5292133283615112,2.188599968552589
2013-04-10,2.7906670570373535,2.8006670475006104,2.7073330879211426,2.7133328914642334,31816500,0.03358037324162999,2.534320011138916,2.191293303370476
2013-04-11,2.9059998989105225,2.9700000286102295,2.7833330631256104,2.803999900817871,51711000,0.041328055090745774,2.541840009689331,2.195093303322792
2013-04-12,2.9166669845581055,3.0093328952789307,2.869999885559082,2.8833329677581787,47241000,0.003670710949295719,2.5501466894149782,2.1984133034944535
2013-04-15,2.886667013168335,2.9200000762939453,2.8340001106262207,2.9000000953674316,25221000,-0.010285703355440101,2.5578666877746583,2.2018099731206893
2013-04-16,3.0393331050872803,3.0759999752044678,2.927333116531372,2.946000099182129,47706000,0.05288663057516385,2.567586688995361,2.206469973921776
2013-04-17,3.0299999713897705,3.063333034515381,2.9693329334259033,3.0333330631256104,31777500,-0.003070783416890932,2.5778666877746583,2.210966638922691
2013-04-18,3.131333112716675,3.173332929611206,3.0260000228881836,3.0653328895568848,50518500,0.03344328128175711,2.5896533489227296,2.2161533039808274
2013-04-19,3.188667058944702,3.3253331184387207,3.138000011444092,3.1640000343322754,45175500,0.018309756312794745,2.6012000322341917,2.2216666394472124
2013-04-22,3.3459999561309814,3.3466670513153076,3.183332920074463,3.240000009536743,59091000,0.04934127466990823,2.615480031967163,2.2282633036375046
2013-04-23,3.4006669521331787,3.5280001163482666,3.377332925796509,3.4000000953674316,56007000,0.016338014560349556,2.6311733722686768,2.235046638846397
2013-04-24,3.361999988555908,3.4033329486846924,3.2653329372406006,3.3933329582214355,39450000,-0.011370405900235414,2.647186713218689,2.241446638703346
2013-04-25,3.4666669368743896,3.493333101272583,3.3666670322418213,3.3666670322418213,41938500,0.031132346423189405,2.666000051498413,2.248449973464012
2013-04-26,3.413332939147949,3.582667112350464,3.374666929244995,3.5420000553131104,54331500,-0.01538480583731161,2.6830000495910644,2.255019972920418
2013-04-29,3.6626670360565186,3.6659998893737793,3.413332939147949,3.450666904449463,54595500,0.0730471071394545,2.705226731300354,2.2629099732637403
2013-04-30,3.5993330478668213,3.878667116165161,3.5840001106262207,3.733333110809326,82839000,-0.017291767874670683,2.7278267335891724,2.2704033035039903
2013-05-01,3.552000045776367,3.7326669692993164,3.5333330631256104,3.7326669692993164,41142000,-0.013150492455402674,2.7464933967590333,2.277263303399086
2013-05-02,3.607332944869995,3.6846671104431152,3.5799999237060547,3.5899999141693115,45756000,0.015577955625148077,2.767253394126892,2.283883302807808
2013-05-03,3.636667013168335,3.76466703414917,3.6333329677581787,3.76466703414917,50680500,0.008131788428361153,2.7931067323684693,2.2900799733400343
2013-05-06,3.9666669368743896,3.9773330688476562,3.700000047683716,3.7593328952789307,65500500,0.09074240850513071,2.8242934131622315,2.298796643614769
2013-05-07,3.700666904449463,4.1579999923706055,3.6746668815612793,4.133333206176758,149865000,-0.06705882713574296,2.8524667501449583,2.306583313345909
2013-05-08,3.7193329334259033,3.880000114440918,3.7139999866485596,3.8333330154418945,101548500,0.005043963549920649,2.8809467506408692,2.3144233125448226
2013-05-09,4.626667022705078,5.051332950592041,4.245999813079834,4.674666881561279,429075000,0.24395075824616308,2.9266800928115844,2.3269599825143814
2013-05-10,5.117332935333252,5.400000095367432,4.616666793823242,4.6433329582214355,376239000,0.10605170206117309,2.9825867509841917,2.3423266476392746
2013-05-13,5.853332996368408,5.866666793823242,5.27666711807251,5.3993330001831055,336253500,0.14382493191978063,3.053453412055969,2.361646647453308
2013-05-14,5.549333095550537,6.474667072296143,5.409999847412109,6.281332969665527,557458500,-0.05193620472412597,3.117000074386597,2.3797433131933214
2013-05-15,5.656000137329102,5.791999816894531,5.207333087921143,5.453332901000977,253180500,0.019221596530957896,3.181253418922424,2.398646649122238
2013-05-16,6.150000095367432,6.3333330154418945,5.9106669425964355,6.313333034515381,324210000,0.08734086740521341,3.2540000820159913,2.4195599848032
2013-05-17,6.099999904632568,6.296000003814697,5.8333330154418945,6.1666669845581055,285033000,-0.008130112188539096,3.3250267410278322,2.4409433192014696
2013-05-20,5.995999813079834,6.1666669845581055,5.908667087554932,6.074666976928711,125226000,-0.017049195603061063,3.3936533975601195,2.461783318519592
2013-05-21,5.8393330574035645,5.999332904815674,5.685332775115967,5.900000095367432,134973000,-0.026128545790564006,3.4583067178726195,2.48222998380661
2013-05-22,5.815999984741211,6.064000129699707,5.699999809265137,5.757999897003174,128520000,-0.003995845490054717,3.5224667167663575,2.5026099836826323
2013-05-23,6.182000160217285,6.200666904449463,5.5366668701171875,5.6539998054504395,180333000,0.06292987902962643,3.594133381843567,2.524429984688759
2013-05-24,6.4720001220703125,6.53000020980835,6.133333206176758,6.173333168029785,241863000,0.046910377602260356,3.6744400453567505,2.547366650104523
2013-05-28,7.355332851409912,7.383333206176758,6.686666965484619,6.769999980926514,295378500,0.13648527698992563,3.774493360519409,2.574059979915619
2013-05-29,6.975333213806152,7.659999847412109,6.599999904632568,7.570000171661377,376492500,-0.0516631463565812,3.867133364677429,2.599239981174469
2013-05-30,6.99666690826416,7.302667140960693,6.74666690826416,6.830667018890381,242005500,0.003058448077545961,3.9602933645248415,2.62441998064518
2013-05-31,6.517333030700684,7.0960001945495605,6.51533317565918,7.084000110626221,227580000,-0.06850888913938546,4.042706685066223,2.647026645541191
2013-06-03,6.172667026519775,6.507999897003174,5.883333206176758,6.507999897003174,287094000,-0.052884516190490394,4.118146686553955,2.6674999803304673
2013-06-04,6.322667121887207,6.427999973297119,6.159999847412109,6.183332920074463,132841500,0.024300694452330296,4.195773367881775,2.6893066507577896
2013-06-05,6.357999801635742,6.531332969665527,5.940667152404785,6.24399995803833,183372000,0.0055882555680060175,4.272893362045288,2.7112966495752335
2013-06-06,6.489999771118164,6.618000030517578,6.340666770935059,6.349999904632568,142663500,0.020761241522603058,4.352213358879089,2.7336466485261917
2013-06-07,6.802667140960693,6.860000133514404,6.446667194366455,6.533332824707031,160674000,0.04817679212162118,4.437386703491211,2.7576566487550735
2013-06-10,6.670000076293945,6.834667205810547,6.571332931518555,6.595333099365234,138429000,-0.019502213163999138,4.520266704559326,2.781169984340668
2013-06-11,6.297999858856201,6.578667163848877,6.269999980926514,6.545332908630371,110910000,-0.05577214590444779,4.587653360366821,2.8029566484689714
2013-06-12,6.51533317565918,6.698667049407959,6.383333206176758,6.453332901000977,137890500,0.03450830766491153,4.658840022087097,2.8255499792099
2013-06-13,6.545332908630371,6.618667125701904,6.341332912445068,6.599999904632568,89424000,0.004604481791240955,4.73494668006897,2.848033308982849
2013-06-14,6.686666965484619,6.834667205810547,6.622000217437744,6.6666669845581055,98470500,0.021593104403886176,4.81266667842865,2.8716333085298538
2013-06-17,6.813333034515381,6.983333110809326,6.74666690826416,6.906667232513428,105993000,0.01894308026474012,4.893773341178894,2.8962599736452104
2013-06-18,6.892666816711426,6.932000160217285,6.613333225250244,6.783332824707031,131929500,0.011643902007160145,4.975853338241577,2.9211599725484847
2013-06-19,6.97866678237915,7.111332893371582,6.800666809082031,6.803999900817871,128683500,0.012477023473587368,5.061426672935486,2.946583306193352
2013-06-20,6.710000038146973,7.142000198364258,6.630000114440918,6.9766669273376465,151597500,-0.03849829095014967,5.1398133325576785,2.970663306117058
2013-06-21,6.636666774749756,6.913332939147949,6.5,6.913332939147949,175779000,-0.010928951263831643,5.214426670074463,2.994339975118637
2013-06-24,6.765999794006348,6.857999801635742,6.353332996368408,6.433332920074463,106797000,0.019487646983973983,5.291413326263427,3.018789973855019
2013-06-25,6.826666831970215,6.946667194366455,6.703332901000977,6.873332977294922,87730500,0.008966455780505589,5.370213322639465,3.043609973192215
2013-06-26,7.047999858856201,7.058000087738037,6.843999862670898,6.920000076293945,99039000,0.03242182932517723,5.450386657714843,3.0693333077430727
2013-06-27,7.283332824707031,7.349999904632568,7.075333118438721,7.116666793823242,131173500,0.033390035551025266,5.535453314781189,3.095966637134552
2013-06-28,7.157332897186279,7.296000003814697,7.113999843597412,7.23799991607666,86229000,-0.017299762423780285,5.615973310470581,3.1226299667358397
2013-07-01,7.811999797821045,7.851333141326904,7.27666711807251,7.2906670570373535,163554000,0.09146799653431392,5.7084399652481075,3.152423300743103
2013-07-02,7.8546671867370605,8.12600040435791,7.699999809265137,7.883333206176758,180961500,0.0054617754762251725,5.7986133098602295,3.1822699719667433
2013-07-03,7.682666778564453,7.949999809265137,7.618000030517578,7.866666793823242,72100500,-0.02189786073470268,5.884253306388855,3.210856640934944
2013-07-05,8.005999565124512,8.018667221069336,7.7133331298828125,7.888000011444092,102280500,0.042086009439091576,5.977133297920227,3.240756638646126
2013-07-08,8.107333183288574,8.145333290100098,7.921332836151123,8.091333389282227,117213000,0.012657210051008283,6.06994662284851,3.2704466396570204
2013-07-09,8.229999542236328,8.354666709899902,8.12733268737793,8.309332847595215,129049500,0.01513029700081936,6.166279954910278,3.3011499720811845
2013-07-10,8.15133285522461,8.216667175292969,8.052666664123535,8.212667465209961,84001500,-0.00955852872263252,6.2560532712936405,3.3315566366910936
2013-07-11,8.37399959564209,8.406000137329102,8.15666675567627,8.325332641601562,112254000,0.027316605072109423,6.351546602249146,3.3631266349554063
2013-07-12,8.65999984741211,8.662667274475098,8.300666809082031,8.366666793823242,170160000,0.03415336345595921,6.45370659828186,3.396419969201088
2013-07-15,8.484000205993652,8.883999824523926,8.454667091369629,8.868666648864746,148836000,-0.020323284586552415,6.551239943504333,3.428619970679283
2013-07-16,7.269999980926514,8.421333312988281,7.1533331871032715,8.41866683959961,485578500,-0.14309290377073414,6.623906602859497,3.455749970674515
2013-07-17,8.016667366027832,8.107999801635742,6.966667175292969,7.101333141326904,390435000,0.10270528020086189,6.704906611442566,3.486653307676315
2013-07-18,7.935332775115967,8.182000160217285,7.745333194732666,8.064666748046875,170971500,-0.01014568613093969,6.789599928855896,3.51683330655098
2013-07-19,7.97866678237915,8.036666870117188,7.767333030700684,7.900000095367432,88354500,0.005460893511494813,6.874786605834961,3.5469666403532027
2013-07-22,8.161999702453613,8.445332527160645,7.992000102996826,7.992667198181152,146967000,0.022977889047748334,6.945493259429932,3.578056638836861
2013-07-23,8.182666778564453,8.370667457580566,8.121333122253418,8.266667366027832,116046000,0.002532109392827664,7.006799936294556,3.609036637544632
2013-07-24,8.113332748413086,8.300000190734863,7.970666885375977,8.29800033569336,103035000,-0.008473280414277196,7.051999931335449,3.6398366361856462
2013-07-25,8.271332740783691,8.316666603088379,8.012666702270508,8.026666641235352,79264500,0.01947411714397007,7.106439924240112,3.6713932996988294
2013-07-26,8.62600040435791,8.711999893188477,8.440667152404785,8.542667388916016,144496500,0.04287914350555,7.165839929580688,3.7048933017253876
2013-07-29,8.974666595458984,9.024666786193848,8.550000190734863,8.621333122253418,145183500,0.040420377319357215,7.22233325958252,3.740016634464264
2013-07-30,8.78266716003418,9.166000366210938,8.545332908630371,8.986666679382324,196905000,-0.021393489483158334,7.2759866046905515,3.7744733053445816
2013-07-31,8.95199966430664,8.998000144958496,8.763333320617676,8.838000297546387,95275500,0.019280305308962964,7.335106601715088,3.8097666388750078
2013-08-01,9.036666870117188,9.101332664489746,8.842000007629395,9.0,79854000,0.00945790985092776,7.399053277969361,3.8455099731683733
2013-08-02,9.199999809265137,9.216667175292969,8.907333374023438,8.97266674041748,94048500,0.018074467222872315,7.4667332744598385,3.8822966372966765
2013-08-05,9.645333290100098,9.659333229064941,9.3100004196167,9.333999633789062,153010500,0.04840581413778655,7.535999937057495,3.921413303613663
2013-08-06,9.476667404174805,9.715332984924316,9.40666675567627,9.649999618530273,138817500,-0.017486786703203916,7.596093282699585,3.9594433057308196
2013-08-07,8.9486665725708,9.463333129882812,8.824000358581543,9.459333419799805,273183000,-0.05571587659301003,7.627959957122803,3.9945799738168715
2013-08-08,10.232000350952148,10.592000007629395,10.030667304992676,10.289999961853027,408702000,0.1434106151988035,7.693093299865723,4.036393310427666
2013-08-09,10.199999809265137,10.396666526794434,10.083333015441895,10.15999984741211,133915500,-0.003127496148300435,7.757159957885742,4.078146644234657
2013-08-12,9.825332641601562,10.033332824707031,9.470000267028809,9.961999893188477,223683000,-0.03673207594800609,7.82331995010376,4.117989972233772
2013-08-13,9.695332527160645,9.989333152770996,9.630000114440918,9.966667175292969,131233500,-0.01323111584950143,7.8937732601165775,4.157003299593925
2013-08-14,9.290666580200195,9.656000137329102,9.203332901000977,9.514666557312012,175407000,-0.04173822257532811,7.953133249282837,4.19431663274765
2013-08-15,9.311332702636719,9.573332786560059,9.0,9.095333099365234,152688000,0.00222439609237135,8.012199907302856,4.231699961423874
2013-08-16,9.466667175292969,9.593999862670898,9.39799976348877,9.442000389099121,106621500,0.016682302911618985,8.071733255386352,4.269906632304192
2013-08-19,9.65999984741211,9.825332641601562,9.522000312805176,9.562000274658203,120565500,0.0204224642674371,8.128879909515382,4.308829966783524
2013-08-20,9.972000122070312,9.985333442687988,9.800000190734863,9.90999984741211,96273000,0.03229816558866583,8.194919910430908,4.348939967155457
2013-08-21,9.857333183288574,10.02066707611084,9.75,10.0,93994500,-0.011498890631574943,8.266106576919556,4.3885866332054135
2013-08-22,10.473333358764648,10.498666763305664,9.87600040435791,9.947999954223633,158886000,0.062491564809881606,8.345266580581665,4.430453300476074
2013-08-23,10.78933334350586,10.819999694824219,10.333333015441895,10.466667175292969,193978500,0.030171863523924314,8.430146589279175,4.47401663184166
2013-08-26,10.947999954223633,11.533332824707031,10.683333396911621,11.010000228881836,362566500,0.014705877153501357,8.515373249053955,4.518243296146393
2013-08-27,11.133999824523926,11.25333309173584,10.729999542236328,10.819999694824219,263503500,0.01698939268158628,8.601786584854127,4.563476630449295
2013-08-28,11.096667289733887,11.433333396911621,10.883333206176758,11.27066707611084,221101500,-0.0033530209608778616,8.685866594314575,4.608853302001953
2013-08-29,11.070667266845703,11.183333396911621,10.833999633789062,10.947999954223633,141540000,-0.0023430478908057495,8.767706604003907,4.6538499736785885
2013-08-30,11.266667366027832,11.280667304992676,10.93066692352295,11.091333389282227,165426000,0.017704452175986596,8.858839950561524,4.699646645784378
2013-09-03,11.262666702270508,11.579999923706055,11.09333324432373,11.5600004196167,180916500,-0.0003550884771291729,8.95135994911194,4.745499979257584
2013-09-04,11.374667167663574,11.441332817077637,11.037332534790039,11.317999839782715,172135500,0.009944400234314532,9.043533296585084,4.79209998011589
2013-09-05,11.328666687011719,11.433333396911621,11.216667175292969,11.34000015258789,100279500,-0.004044116629858596,9.133573293685913,4.838129978179932
2013-09-06,11.131333351135254,11.313332557678223,11.010000228881836,11.23799991607666,129295500,-0.01741893740264311,9.215239963531495,4.882813309431076
2013-09-09,10.713333129882812,10.966667175292969,10.567333221435547,10.874667167663574,215167500,-0.037551675802594775,9.28383996963501,4.9253799748420715
2013-09-10,11.091333389282227,11.166666984558105,10.708666801452637,10.763333320617676,134517000,0.03528316116158603,9.362519979476929,4.970013307332993
2013-09-11,10.90133285522461,11.19333267211914,10.808667182922363,11.093999862670898,87487500,-0.017130540340732914,9.424306640625,5.013809971809387
2013-09-12,10.995332717895508,11.11733341217041,10.700667381286621,10.933333396911621,92400000,0.008622786215159772,9.487119951248168,5.058029969930649
2013-09-13,11.03600025177002,11.091333389282227,10.810667037963867,10.851332664489746,81018000,0.003698617851583874,9.55418662071228,5.102493306398392
2013-09-16,11.10533332824707,11.390000343322754,11.05666732788086,11.199999809265137,113623500,0.006282446076052883,9.61617329597473,5.146943308115006
2013-09-17,11.081999778747559,11.227999687194824,10.890666961669922,11.005332946777344,82453500,-0.002101112034175623,9.675666627883912,5.191123306751251
2013-09-18,11.08133316040039,11.16333293914795,10.946666717529297,11.137999534606934,81595500,-6.015325396835358e-05,9.732693300247192,5.235256637334824
2013-09-19,11.861332893371582,12.031332969665527,11.272000312805176,11.386667251586914,233919000,0.07038861856067591,9.806893301010131,5.2830233013629915
2013-09-20,12.22599983215332,12.388667106628418,11.904000282287598,11.926667213439941,201025500,0.03074417875798119,9.883933305740356,5.332853300571442
2013-09-23,12.074000358581543,12.36533260345459,11.807332992553711,12.298666954040527,122601000,-0.012432477969779754,9.952213315963744,5.381986637115478
2013-09-24,12.155332565307617,12.330666542053223,11.84333324432373,11.942667007446289,94101000,0.006736144137039712,10.025639963150024,5.431463299989701
2013-09-25,12.349332809448242,12.420000076293945,12.033332824707031,12.237333297729492,123790500,0.015960093489693516,10.127226619720458,5.4818199634552
2013-09-26,12.576000213623047,12.645333290100098,12.37399959564209,12.446666717529297,99216000,0.018354627547278124,10.218413276672363,5.533176629543305
2013-09-27,12.726667404174805,12.751999855041504,12.428667068481445,12.501333236694336,88746000,0.011980533396345416,10.31423996925354,5.585049966573715
2013-09-30,12.891332626342773,12.966667175292969,12.533332824707031,12.600000381469727,133870500,0.012938597115687456,10.412493286132813,5.637753294706345
2013-10-01,12.866666793823242,12.9486665725708,12.557999610900879,12.93066692352295,116338500,-0.0019133656104045604,10.506586627960205,5.690883293151855
2013-10-02,12.063332557678223,12.788666725158691,11.69333267211914,12.572667121887207,311631000,-0.06243530271030784,10.58419994354248,5.739929956197739
2013-10-03,11.553999900817871,11.97933292388916,11.199999809265137,11.670000076293945,357247500,-0.04222155481705303,10.653013286590577,5.786233290433883
2013-10-04,12.065333366394043,12.078666687011719,11.510000228881836,11.760000228881836,216210000,0.04425596935828047,10.728893299102783,5.835029957294464
2013-10-07,12.204667091369629,12.4486665725708,12.017333030700684,12.163999557495117,172284000,0.011548269802778677,10.800466632843017,5.8845166277885435
2013-10-08,11.648667335510254,12.395333290100098,11.547332763671875,12.293333053588867,206358000,-0.04555632297848933,10.853946647644044,5.931283299922943
2013-10-09,11.251999855041504,11.666000366210938,10.766667366027832,11.648667335510254,229747500,-0.034052606108815,10.903333301544189,5.976209964752197
2013-10-10,11.528667449951172,11.716667175292969,11.312666893005371,11.53933334350586,133258500,0.024588304165832797,10.95486665725708,6.022426637411118
2013-10-11,11.91333293914795,11.952667236328125,11.41333293914795,11.516667366027832,124666500,0.03336599748988389,11.012399978637696,6.0707966375350955
2013-10-14,11.981332778930664,12.166666984558105,11.609999656677246,11.666666984558105,116544000,0.005707877059262234,11.068026638031006,6.119473301172256
2013-10-15,12.262666702270508,12.586000442504883,12.211999893188477,12.35200023651123,164677500,0.02348102072872682,11.120373306274415,6.169713299274445
2013-10-16,12.237333297729492,12.486666679382324,12.13933277130127,12.326666831970215,123081000,-0.002065896852299298,11.175586624145508,6.219609966278076
2013-10-17,12.186667442321777,12.319999694824219,12.065999984741211,12.236000061035156,100575000,-0.004140269303371413,11.240346641540528,6.2687566387653355
2013-10-18,12.226667404174805,12.397333145141602,12.168000221252441,12.276666641235352,88962000,0.00328227237202805,11.28023998260498,6.3182999753952025
2013-10-21,11.506667137145996,12.22599983215332,11.399999618530273,12.218667030334473,172981500,-0.05888769549607309,11.306373329162598,6.364366645812988
2013-10-22,11.435999870300293,11.85200023651123,11.074000358581543,11.366666793823242,170800500,-0.006141419231427525,11.338586673736572,6.410099979639053
2013-10-23,10.966667175292969,11.454000473022461,10.676667213439941,11.260666847229004,199806000,-0.041039935320933196,11.364013366699218,6.453706650733948
2013-10-24,11.543333053588867,11.633333206176758,10.85533332824707,11.0,162385500,0.05258351229944136,11.409066696166992,6.50020998120308
2013-10-25,11.310667037963867,11.633333206176758,11.119999885559082,11.61400032043457,113932500,-0.020155878249797476,11.449053382873535,6.545586651563644
2013-10-28,10.857333183288574,11.366666793823242,10.813332557678223,11.345333099365234,117625500,-0.04008020509786858,11.476866703033448,6.588903317451477
2013-10-29,10.964667320251465,11.029999732971191,10.199999809265137,10.850666999816895,211675500,0.009885865631175106,11.502960052490234,6.632639988660812
2013-10-30,10.614666938781738,11.178667068481445,10.54466724395752,10.975333213806152,126027000,-0.03192074791209443,11.515813388824462,6.674413323402405
2013-10-31,10.662667274475098,10.829333305358887,10.220000267028809,10.378000259399414,140007000,0.0045220764787243795,11.531920070648193,6.7163599944114685
2013-11-01,10.811332702636719,11.0600004196167,10.694000244140625,10.866666793823242,107709000,0.013942611575014086,11.538680057525635,6.758956657648087
2013-11-04,11.680000305175781,11.692667007446289,10.947999954223633,11.0,196806000,0.08034787444171498,11.556493396759032,6.805849994421005
2013-11-05,11.787332534790039,12.095333099365234,11.423999786376953,12.0,337006500,0.009189402980297467,11.57328004837036,6.8530566573143
2013-11-06,10.077333450317383,10.715332984924316,9.756667137145996,10.320667266845703,466075500,-0.14507091230570046,11.552146720886231,6.8914433240890505
2013-11-07,9.317999839782715,9.710000038146973,9.174667358398438,9.612667083740234,334270500,-0.07535064849032591,11.516573371887207,6.92570332288742
2013-11-08,9.196666717529297,9.373332977294922,8.821332931518555,9.09866714477539,337168500,-0.013021369858302934,11.47909336090088,6.959359991550445
2013-11-11,9.646666526794434,9.694666862487793,9.140000343322754,9.399999618530273,209964000,0.04893075100866873,11.44669334411621,6.994916659593582
2013-11-12,9.186667442321777,9.646666526794434,9.078666687011719,9.645999908447266,224778000,-0.04768477102374902,11.405173358917237,7.028199996948242
2013-11-13,9.24666690826416,9.4913330078125,9.089332580566406,9.38933277130127,189874500,0.006531145958976747,11.362613353729248,7.061926666498184
2013-11-14,9.173333168029785,9.359999656677246,8.940667152404785,9.261333465576172,183055500,-0.007930829666723871,11.319506683349609,7.0952899968624115
2013-11-15,9.029999732971191,9.196666717529297,8.956666946411133,9.123332977294922,148503000,-0.01562501137079908,11.277480010986329,7.127673330307007
2013-11-18,8.10533332824707,9.029999732971191,7.973999977111816,9.017999649047852,347073000,-0.10239938339620225,11.225320014953613,7.155619996786117
2013-11-19,8.406000137329102,8.600000381469727,7.947999954223633,7.961999893188477,297243000,0.037094934520978784,11.171613349914551,7.184939997196198
2013-11-20,8.074000358581543,8.49666690826416,7.937333106994629,8.405332565307617,207744000,-0.039495571416091724,11.11506669998169,7.212253334522248
2013-11-21,8.140000343322754,8.31933307647705,8.016667366027832,8.192667007446289,178557000,0.008174384668073742,11.057960052490234,7.239793336391449
2013-11-22,8.092000007629395,8.183333396911621,7.861999988555908,8.10533332824707,166450500,-0.005896846888063578,10.999080047607421,7.2671733367443085
2013-11-25,8.055999755859375,8.38933277130127,8.020000457763672,8.300000190734863,154009500,-0.004448869468126171,10.938093376159667,7.294646670818329
2013-11-26,8.033332824707031,8.1813325881958,7.739999771118164,7.958666801452637,208282500,-0.0028136707844184095,10.877120037078857,7.3221833348274235
2013-11-27,8.462667465209961,8.463333129882812,7.9679999351501465,8.087332725524902,185514000,0.05344414950448506,10.824746723175048,7.351680006980896
2013-11-29,8.485333442687988,8.706000328063965,8.465332984924316,8.65133285522461,145743000,0.0026783490632482643,10.757226734161376,7.381350009441376
2013-12-02,8.277999877929688,8.569999694824219,8.26200008392334,8.423333168029785,116268000,-0.024434344997598778,10.678266735076905,7.410393344163895
2013-12-03,9.646666526794434,9.662667274475098,8.772666931152344,8.845333099365234,385236000,0.16533784356699543,10.629720058441162,7.4455333423614505
2013-12-04,9.263333320617676,9.628666877746582,9.142000198364258,9.621333122253418,197215500,-0.0397373750934602,10.571880073547364,7.4790033435821535
2013-12-05,9.36533260345459,9.55666732788086,9.300000190734863,9.34333324432373,139326000,0.011011077687325788,10.51220006942749,7.514110006093979
2013-12-06,9.157333374023438,9.499333381652832,9.08666706085205,9.434000015258789,118644000,-0.022209486650204835,10.443826732635499,7.547860008478165
2013-12-09,9.4399995803833,9.446666717529297,8.947333335876465,9.133333206176758,135922500,0.030867742257991937,10.378093376159669,7.583600006103516
2013-12-10,9.47933292388916,9.724666595458984,9.324000358581543,9.33666706085205,161223000,0.004166667929476953,10.309853382110596,7.619520006179809
2013-12-11,9.3100004196167,9.536666870117188,9.299332618713379,9.458666801452637,107067000,-0.017863335493336296,10.238720054626464,7.654370008707047
2013-12-12,9.83133316040039,9.88266658782959,9.235333442687988,9.313332557678223,161517000,0.055997069525927534,10.194080066680907,7.691916674375534
2013-12-13,9.84333324432373,10.119999885559082,9.821332931518555,9.869999885559082,158878500,0.0012205957958657532,10.159866733551025,7.729583340883255
2013-12-16,9.862667083740234,10.028667449951172,9.739999771118164,9.898667335510254,100129500,0.001964155732272266,10.11581340789795,7.76703667640686
2013-12-17,10.163999557495117,10.308667182922363,9.754667282104492,9.838666915893555,157425000,0.03055283841544898,10.075000057220459,7.805640009641647
2013-12-18,9.86533260345459,10.326666831970215,9.729999542236328,10.149333000183105,173728500,-0.029384786210491787,10.039333362579345,7.842403337955475
2013-12-19,9.381333351135254,9.800000190734863,9.273332595825195,9.793333053588867,191100000,-0.04906061171722198,10.001920032501221,7.8765666699409485
2013-12-20,9.549332618713379,9.623332977294922,9.438667297363281,9.438667297363281,111189000,0.017907824110929393,9.962333335876465,7.911489998102188
2013-12-23,9.569999694824219,9.749333381652832,9.506667137145996,9.65666675567627,80782500,0.002164242982838349,9.915466670989991,7.946306661367417
2013-12-24,10.093999862670898,10.33133316040039,9.98799991607666,10.0,149122500,0.05475446024622932,9.877720012664795,7.983736660480499
2013-12-26,10.366666793823242,10.533332824707031,10.28600025177002,10.336000442504883,106942500,0.02701277341608721,9.83980001449585,8.022576659917831
2013-12-27,10.074666976928711,10.366666793823242,10.053333282470703,10.353333473205566,81903000,-0.02816718456394418,9.796546688079834,8.060666660070419
2013-12-30,10.162667274475098,10.320667266845703,10.050000190734863,10.074666976928711,67012500,0.008734809572158664,9.756066684722901,8.09971666097641
2013-12-31,10.028667449951172,10.213333129882812,9.910667419433594,10.154666900634766,63936000,-0.013185497557367087,9.712106685638428,8.13814333319664
2014-01-02,10.006667137145996,10.165332794189453,9.770000457763672,9.986666679382324,92826000,-0.002193742380527608,9.682106685638427,8.176483334302903
2014-01-03,9.970666885375977,10.145999908447266,9.90666675567627,10.0,70425000,-0.003597626590014391,9.652800025939941,8.214353333711625
2014-01-06,9.800000190734863,10.026666641235352,9.682666778564453,10.0,80416500,-0.017116878600310192,9.62946668624878,8.251349999904633
2014-01-07,9.957332611083984,10.026666641235352,9.683333396911621,9.841333389282227,75511500,0.01605432829459197,9.597746677398682,8.28892999768257
2014-01-08,10.085332870483398,10.24666690826416,9.917332649230957,9.923333168029785,92448000,0.012854874332201227,9.573239994049072,8.326846661567687
2014-01-09,9.835332870483398,10.228667259216309,9.789999961853027,10.166666984558105,80730000,-0.024788472845717502,9.55279998779297,8.363403326272964
2014-01-10,9.714667320251465,9.926667213439941,9.483332633972168,9.897333145141602,111691500,-0.012268578178381784,9.527799987792969,8.399256663322449
2014-01-13,9.28933334350586,9.800000190734863,9.187999725341797,9.718667030334473,94741500,-0.043782660046313926,9.501293315887452,8.433073329925538
2014-01-14,10.751333236694336,10.800000190734863,9.111332893371582,9.366666793823242,414105000,0.15738480245307973,9.503066635131836,8.472186660766601
2014-01-15,10.942000389099121,11.482000350952148,10.80666732788086,11.229999542236328,306984000,0.017734279852291923,9.505679988861084,8.512116662263871
2014-01-16,11.39799976348877,11.513333320617676,10.826666831970215,10.833333015441895,179391000,0.04167422392380238,9.500039978027344,8.555406661033631
2014-01-17,11.333999633789062,11.546667098999023,11.196666717529297,11.345999717712402,138093000,-0.005615031674655602,9.490973320007324,8.598073323965073
2014-01-21,11.778667449951172,11.81933307647705,11.387332916259766,11.416000366210938,146020500,0.039233088982679964,9.525,8.643176661729813
2014-01-22,11.904000282287598,12.021332740783691,11.650667190551758,11.854000091552734,105339000,0.010640663119913851,9.576720008850097,8.688753328323365
2014-01-23,12.100000381469727,12.158666610717773,11.561332702636719,11.815333366394043,118011000,0.016465061704825867,9.634786682128906,8.735753329992294
2014-01-24,11.640000343322754,12.031999588012695,11.5686674118042,11.856666564941406,114964500,-0.038016530879737,9.674653358459473,8.77999999642372
2014-01-27,11.307999610900879,11.861332893371582,10.980667114257812,11.677332878112793,130746000,-0.028522398851330455,9.717080001831055,8.822009994983674
2014-01-28,11.892000198364258,11.932000160217285,11.399999618530273,11.433333396911621,91401000,0.051644906929462886,9.769986667633056,8.866886661052703
2014-01-29,11.682000160217285,11.939332962036133,11.541999816894531,11.686667442321777,89032500,-0.017658933286585188,9.820160007476806,8.910863326787949
2014-01-30,12.189332962036133,12.3186674118042,11.800666809082031,11.866666793823242,128475000,0.04342859055477111,9.883346672058105,8.956613326072693
2014-01-31,12.093999862670898,12.399999618530273,11.900667190551758,11.923333168029785,97632000,-0.007821026766776429,9.963120002746582,9.001933325529098
2014-02-03,11.807332992553711,12.325332641601562,11.677332878112793,12.192667007446289,101473500,-0.023703230806377595,10.031146659851075,9.045313324928284
2014-02-04,11.915332794189453,12.106666564941406,11.74666690826416,12.046667098999023,70294500,0.009146841348834034,10.107973308563233,9.088946653604507
2014-02-05,11.628000259399414,12.03933334350586,11.290666580200195,11.886667251586914,109020000,-0.024114520320419164,10.177733306884766,9.130356655120849
2014-02-06,11.892000198364258,12.007332801818848,11.733332633972168,11.75333309173584,87624000,0.022703812613991126,10.253733310699463,9.172813321352004
2014-02-07,12.435333251953125,12.442000389099121,11.973333358764648,12.067333221435547,133927500,0.045688954299176965,10.341319980621337,9.218179987668991
2014-02-10,13.104000091552734,13.286666870117188,12.621333122253418,12.62266731262207,194560500,0.05377152554352227,10.442733325958251,9.266366653442383
2014-02-11,13.107999801635742,13.479999542236328,12.846667289733887,13.264666557312012,160648500,0.0003052281788051836,10.535639972686768,9.314839987754821
2014-02-12,13.021332740783691,13.218000411987305,12.954667091369629,13.052000045776367,77605500,-0.006611768550777386,10.626359958648681,9.361633316278457
2014-02-13,13.308667182922363,13.514666557312012,12.883333206176758,12.88933277130127,120439500,0.02206643880919512,10.726973304748535,9.410179986953736
2014-02-14,13.215332984924316,13.458666801452637,13.133333206176758,13.206666946411133,92370000,-0.007013038699909213,10.798346633911132,9.458496651649476
2014-02-18,13.579999923706055,13.733332633972168,13.423999786376953,13.682666778564453,139992000,0.027594230065768333,10.8846799659729,9.508359986543656
2014-02-19,12.909333229064941,13.579999923706055,12.894000053405762,13.579999923706055,242535000,-0.049386354816567946,10.955559978485107,9.554723317623138
2014-02-20,13.998000144958496,14.347332954406738,13.751333236694336,14.333999633789062,270034500,0.08433176962559585,11.052373313903809,9.604879983663558
2014-02-21,13.973333358764648,14.26533317565918,13.946000099182129,14.109333038330078,117282000,-0.0017621650191746996,11.143039989471436,9.656243315935136
2014-02-24,14.510000228881836,14.557332992553711,13.887999534606934,13.917332649230957,124176000,0.03840650303963211,11.243653335571288,9.710196652412414
2014-02-25,16.53333282470703,17.280000686645508,15.229999542236328,15.333333015441895,490225500,0.13944400853955852,11.388119983673096,9.769729981422424
2014-02-26,16.866666793823242,17.666667938232422,16.5,17.238666534423828,369069000,0.020161329397426986,11.528826656341552,9.828476650714874
2014-02-27,16.836000442504883,17.459999084472656,16.55533218383789,17.416667938232422,269187000,-0.0018181631079348115,11.668680000305176,9.883389987945556
2014-02-28,16.320667266845703,16.845333099365234,16.170000076293945,16.643333435058594,218847000,-0.030609002263871865,11.797840003967286,9.937246658802032
2014-03-03,16.70400047302246,16.77666664123535,15.666000366210938,15.817333221435547,196339500,0.023487593975735965,11.928640022277833,9.9924866604805
2014-03-04,16.98933219909668,17.333332061767578,16.85533332824707,17.23200035095215,131184000,0.017081640205592663,12.071120014190674,10.046683320999145
2014-03-05,16.8439998626709,17.132667541503906,16.786666870117188,17.114667892456055,89035500,-0.0085543289590575,12.220373344421386,10.100403320789336
2014-03-06,16.862667083740234,17.166667938232422,16.6299991607666,16.94266700744629,110416500,0.0011082415828502779,12.366640033721923,10.154736657142639
2014-03-07,16.413999557495117,16.989999771118164,16.29400062561035,16.862667083740234,117184500,-0.02660715081529086,12.503520030975341,10.207609989643096
2014-03-10,15.922666549682617,16.200000762939453,15.737333297729492,16.18000030517578,115921500,-0.0299337773277899,12.620093364715576,10.258143322467804
2014-03-11,15.62733268737793,16.30666732788086,15.495332717895508,15.766667366027832,132151500,-0.01854801527012917,12.72530668258667,10.305369985103606
2014-03-12,16.099332809448242,16.5,15.407333374023438,15.433333396911621,146316000,0.03020349867201233,12.84579999923706,10.353506648540497
2014-03-13,15.852666854858398,16.279333114624023,15.600000381469727,16.252666473388672,93544500,-0.015321501673975169,12.959599990844726,10.39599331855774
2014-03-14,15.39799976348877,15.795999526977539,15.221332550048828,15.685999870300293,124345500,-0.02868079519568567,13.066986637115479,10.438106651306152
2014-03-17,15.59866714477539,15.862000465393066,15.366666793823242,15.66333293914795,88689000,0.013032042107341546,13.178826637268067,10.481116652488708
2014-03-18,16.002666473388672,16.100000381469727,15.668000221252441,15.796667098999023,93634500,0.02589960570756822,13.29946662902832,10.528543319702148
2014-03-19,15.72266674041748,16.10333251953125,15.567333221435547,16.092666625976562,76069500,-0.017497067344171113,13.417919960021973,10.576293318271636
2014-03-20,15.660667419433594,15.949999809265137,15.557332992553711,15.744000434875488,57268500,-0.003943308219114483,13.531986656188964,10.622983319759369
2014-03-21,15.259332656860352,15.74666690826416,15.166666984558105,15.73466682434082,123253500,-0.025626925840671277,13.635466651916504,10.667489984035491
2014-03-24,14.678000450134277,15.326666831970215,14.017999649047852,15.316666603088379,169932000,-0.03809683030042055,13.732320003509521,10.708429987430572
2014-03-25,14.696000099182129,15.136667251586914,14.526666641235352,14.942667007446289,117981000,0.0012263011647262179,13.831946659088135,10.74789665222168
2014-03-26,14.197333335876465,14.84000015258789,14.09000015258789,14.796667098999023,103609500,-0.0339321420754084,13.930106658935546,10.785533318519592
2014-03-27,13.821332931518555,14.239999771118164,13.533332824707031,14.157999992370605,142435500,-0.026483875208294427,13.991506652832031,10.823149983882905
2014-03-28,14.157999992370605,14.447999954223633,14.017999649047852,14.186667442321777,145272000,0.02435850887321478,14.055826644897461,10.861363317966461
2014-03-31,13.896666526794434,14.449999809265137,13.759332656860352,14.433333396911621,125700000,-0.018458360341644164,14.105799980163575,10.898119986057281
2014-04-01,14.464667320251465,14.543999671936035,13.905332565307617,13.934666633605957,110571000,0.040873168566134765,14.168413333892822,10.937009987831116
2014-04-02,15.352666854858398,15.392666816711426,14.536666870117188,14.666666984558105,161734500,0.061390940762507284,14.239893321990968,10.97970665693283
2014-04-03,15.026666641235352,15.715332984924316,14.800000190734863,15.353333473205566,163855500,-0.021234109793757616,14.302346649169921,11.02037665605545
2014-04-04,14.148667335510254,15.218000411987305,14.083333015441895,15.067333221435547,170184000,-0.05842941263604928,14.343319988250732,11.056226658821107
2014-04-07,13.834667205810547,14.41333293914795,13.567333221435547,13.720666885375977,147832500,-0.02219291204279228,14.387213325500488,11.091849994659423
2014-04-08,14.36400032043457,14.432666778564453,13.761333465576172,14.00333309173584,103339500,0.038261355097989114,14.448333339691162,11.130486662387847
2014-04-09,14.461999893188477,14.563332557678223,14.059332847595215,14.450667381286621,77368500,0.006822582189342397,14.499733333587647,11.168966662883758
2014-04-10,13.612667083740234,14.5,13.586000442504883,14.454667091369629,108172500,-0.058728586344982125,14.538346672058106,11.202896664142608
2014-04-11,13.585332870483398,13.800000190734863,13.239999771118164,13.37399959564209,136008000,-0.002007998365690211,14.566266670227051,11.235583329200745
2014-04-14,13.206000328063965,13.895999908447266,12.96066665649414,13.84000015258789,115545000,-0.027922211846836853,14.588506679534913,11.265196666717529
2014-04-15,12.927332878112793,13.28600025177002,12.288000106811523,13.272666931152344,204889500,-0.02110157829990189,14.610906677246094,11.294046666622162
2014-04-16,13.27400016784668,13.332667350769043,12.721332550048828,13.133333206176758,108033000,0.026816613527514743,14.638080024719239,11.32135666847229
2014-04-17,13.208000183105469,13.486000061035156,12.938667297363281,13.307332992553711,88902000,-0.004972124748128359,14.66968002319336,11.348123333454133
2014-04-21,13.625332832336426,13.74666690826416,12.933333396911621,13.138667106628418,78873000,0.03159695967938991,14.704346675872802,11.377836663722992
2014-04-22,14.576000213623047,14.621999740600586,13.667332649230957,13.757332801818848,147070500,0.06977204835910089,14.747160015106202,11.410686666965484
2014-04-23,13.866000175476074,14.449333190917969,13.800000190734863,14.42199993133545,109434000,-0.04871021046524071,14.762400016784667,11.439480001926421
2014-04-24,13.857333183288574,14.186667442321777,13.546667098999023,14.053999900817871,82428000,-0.0006250535178002892,14.777386684417724,11.467616670131683
2014-04-25,13.323332786560059,13.779999732971191,13.176667213439941,13.466667175292969,104950500,-0.0385355818226627,14.783426685333252,11.493476669788361
2014-04-28,13.234000205993652,13.586000442504883,12.699999809265137,13.333333015441895,105630000,-0.006704972546848098,14.781933345794677,11.51777667284012
2014-04-29,13.79466724395752,13.8100004196167,13.035332679748535,13.21399974822998,86686500,0.04236565129490799,14.793520030975342,11.543450009822845
2014-04-30,13.859333038330078,13.87733268737793,13.41866683959961,13.573332786560059,66609000,0.004687738618768256,14.799106693267822,11.570326673984528
2014-05-01,13.84866714477539,14.267999649047852,13.712667465209961,13.805333137512207,81598500,-0.0007695820228281747,14.81789337158203,11.603220009803772
2014-05-02,14.060667037963867,14.090666770935059,13.767999649047852,13.90666675567627,61302000,0.01530832469090404,14.819146709442139,11.633440008163452
2014-05-05,14.440667152404785,14.512666702270508,13.90133285522461,13.965332984924316,77205000,0.02702575300410115,14.82849338531494,11.665966680049896
2014-05-06,13.8186674118042,14.577333450317383,13.789999961853027,14.4399995803833,84550500,-0.043072784244390316,14.814666728973389,11.695166683197021
2014-05-07,13.423333168029785,14.013333320617676,13.149999618530273,13.97599983215332,152689500,-0.028608709652908404,14.752466735839844,11.721473350524903
2014-05-08,11.906000137329102,12.960000038146973,11.866666793823242,12.133333206176758,300849000,-0.1130369790950656,14.65325340270996,11.740090017318726
2014-05-09,12.150667190551758,12.226667404174805,11.814666748046875,11.990667343139648,127428000,0.020549895044562172,14.559546737670898,11.76027668952942
2014-05-12,12.311332702636719,12.47933292388916,11.991999626159668,12.258000373840332,105034500,0.013222772837518937,14.479360046386718,11.780476689338684
2014-05-13,12.677332878112793,12.755999565124512,12.199999809265137,12.250666618347168,106458000,0.0297287210342132,14.398826694488525,11.800733351707459
2014-05-14,12.708000183105469,12.898667335510254,12.473333358764648,12.596667289733887,81100500,0.002419066004460735,14.313200054168702,11.819400019645691
2014-05-15,12.572667121887207,12.843999862670898,12.353333473205566,12.665332794189453,90606000,-0.01064943809161878,14.227773399353028,11.838350019454957
2014-05-16,12.77066707611084,12.802666664123535,12.514666557312012,12.596667289733887,67315500,0.015748444805234962,14.14593339920044,11.857443356513977
2014-05-19,13.072667121887207,13.12600040435791,12.666666984558105,12.714667320251465,68575500,0.02364794602948317,14.07910675048828,11.877623357772826
2014-05-20,13.020000457763672,13.288666725158691,12.871333122253418,13.129332542419434,83191500,-0.004028761968195238,14.021053428649902,11.89672336101532
2014-05-21,13.296667098999023,13.324666976928711,12.986000061035156,13.078666687011719,79281000,0.021249357258691814,13.974440116882324,11.914980030059814
2014-05-22,13.658666610717773,13.791999816894531,13.303999900817871,13.356666564941406,93217500,0.0272248307807903,13.925626792907714,11.93589002609253
2014-05-23,13.819999694824219,13.850666999816895,13.5,13.635333061218262,60102000,0.011811774070233927,13.884973449707031,11.960246691703796
2014-05-27,14.104000091552734,14.258000373840332,13.846667289733887,13.90133285522461,80116500,0.020549956801726887,13.85909345626831,11.979606690406799
2014-05-28,14.015999794006348,14.184666633605957,13.684000015258789,14.001333236694336,82426500,-0.006239385775322903,13.82744010925293,11.998686690330505
2014-05-29,14.015999794006348,14.166000366210938,13.847999572753906,14.038000106811523,55387500,0.0,13.787706775665283,12.01964002609253
2014-05-30,13.851332664489746,14.319999694824219,13.8013334274292,14.020000457763672,83716500,-0.01174851112562214,13.750280094146728,12.040420026779175
2014-06-02,13.646666526794434,13.956666946411133,13.444666862487793,13.821999549865723,70021500,-0.014775916704391157,13.710000076293944,12.062200026512146
2014-06-03,13.662667274475098,13.866666793823242,13.505999565124512,13.565999984741211,57912000,0.0011725022846602595,13.67806676864624,12.083956699371338
2014-06-04,13.599332809448242,13.750666618347168,13.359999656677246,13.623332977294922,51411000,-0.004635585698934408,13.65649341583252,12.104620027542115
2014-06-05,13.793333053588867,13.946666717529297,13.603333473205566,13.631333351135254,60819000,0.014265423668861299,13.638440074920654,12.125286693572997
2014-06-06,13.878000259399414,14.053999900817871,13.812000274658203,13.983332633972168,46107000,0.006138270241253796,13.632053413391112,12.144816694259644
2014-06-09,13.687333106994629,13.999333381652832,13.613332748413086,13.863332748413086,42085500,-0.01373880594040544,13.629373416900634,12.163966693878173
2014-06-10,13.486666679382324,13.79800033569336,13.436667442321777,13.628666877746582,52720500,-0.014660739681257473,13.61594675064087,12.179033360481263
2014-06-11,13.631333351135254,13.666666984558105,13.283332824707031,13.433333396911621,59662500,0.010726643965635274,13.610640087127685,12.193243360519409
2014-06-12,13.567999839782715,13.991999626159668,13.513999938964844,13.673333168029785,89905500,-0.0046461714141312616,13.592706737518311,12.206343359947205
2014-06-13,13.761333465576172,13.78600025177002,13.438667297363281,13.652000427246094,53164500,0.014249235559878448,13.560880069732667,12.219480028152466
2014-06-16,14.973999977111816,15.03266716003418,13.750666618347168,13.784000396728516,198696000,0.0881212939552054,13.559826736450196,12.238866691589356
2014-06-17,15.444666862487793,15.702667236328125,14.856666564941406,14.940667152404785,199573500,0.03143227501638868,13.585746726989747,12.260736689567565
2014-06-18,15.141332626342773,15.447333335876465,15.074666976928711,15.433333396911621,104103000,-0.019640063385359396,13.611880035400391,12.280110015869141
2014-06-19,15.185999870300293,15.687333106994629,15.133333206176758,15.2586669921875,131896500,0.00295002065272687,13.628320026397706,12.29972668170929
2014-06-20,15.305999755859375,15.419333457946777,15.079999923706055,15.23466682434082,73558500,0.00790200754536885,13.645200023651123,12.31938334465027
2014-06-23,15.814666748046875,15.932666778564453,15.214667320251465,15.300666809082031,116866500,0.033233176551748844,13.689240016937255,12.341813344955444
2014-06-24,15.5,16.125333786010742,15.442000389099121,15.9313325881958,121138500,-0.01989714693708211,13.727533359527587,12.363656678199767
2014-06-25,15.792667388916016,15.83666706085205,15.349332809448242,15.536666870117188,87024000,0.018881767026839746,13.779266700744628,12.389053349494935
2014-06-26,15.706666946411133,16.02666664123535,15.61400032043457,15.811332702636719,76821000,-0.005445593222918266,13.834853382110596,12.412130017280578
2014-06-27,15.937333106994629,16.0,15.633333206176758,15.645999908447266,84525000,0.014685875836706552,13.888120040893554,12.437310018539428
2014-06-30,16.003999710083008,16.299333572387695,15.933333396911621,15.970000267028809,72429000,0.004183046350403563,13.944040031433106,12.462353353500367
2014-07-01,15.981332778930664,16.229333877563477,15.91333293914795,16.163999557495117,65041500,-0.001416329140400019,13.99116003036499,12.487080016136169
2014-07-02,15.295332908630371,16.155332565307617,15.137999534606934,16.04400062561035,120411000,-0.04292507263253387,14.005546684265136,12.508030014038086
2014-07-03,15.283332824707031,15.460000038146973,14.933333396911621,15.419333457946777,77500500,-0.0007845585313522863,14.033893337249756,12.529036679267882
2014-07-07,14.843999862670898,15.3186674118042,14.69333267211914,15.166666984558105,88405500,-0.028745887240373857,14.053626670837403,12.547850012779236
2014-07-08,14.604666709899902,14.730667114257812,14.284667015075684,14.576666831970215,117543000,-0.016123225207840486,14.0792533493042,12.561566681861878
2014-07-09,14.870667457580566,14.947999954223633,14.61400032043457,14.751333236694336,61731000,0.01821340760212986,14.111986694335938,12.574790019989013
2014-07-10,14.630666732788086,14.814666748046875,14.402667045593262,14.478667259216309,72958500,-0.01613920326556262,14.128706684112549,12.587573351860046
2014-07-11,14.541999816894531,14.773332595825195,14.506667137145996,14.707332611083984,49534500,-0.006060346907830749,14.142360019683839,12.59950668811798
2014-07-14,15.113332748413086,15.252667427062988,14.363332748413086,14.666000366210938,108048000,0.03928847054823881,14.167653331756592,12.613326687812805
2014-07-15,14.638667106628418,15.176667213439941,14.539999961853027,15.11533260345459,85777500,-0.03140707941036425,14.179213333129884,12.623640022277833
2014-07-16,14.477333068847656,14.986666679382324,14.454667091369629,14.788000106811523,60667500,-0.011021087958732911,14.17994665145874,12.632393350601197
2014-07-17,14.359999656677246,14.703332901000977,14.239999771118164,14.410667419433594,69741000,-0.008104628912827039,14.190773296356202,12.639736685752869
2014-07-18,14.668000221252441,14.747332572937012,14.395333290100098,14.396666526794434,63805500,0.02144850779519203,14.215666637420654,12.648743352890016
2014-07-21,14.702667236328125,14.880666732788086,14.447999954223633,14.483332633972168,57333000,0.0023634452244862825,14.271599979400635,12.661940026283265
2014-07-22,14.638667106628418,14.886667251586914,14.607333183288574,14.812666893005371,40950000,-0.0043529604983217896,14.321359977722167,12.677363362312317
2014-07-23,14.832667350769043,14.983332633972168,14.628666877746582,14.667332649230957,46249500,0.013252589373576429,14.371786670684815,12.691200032234192
2014-07-24,14.902667045593262,15.006667137145996,14.720000267028809,14.883333206176758,48682500,0.004719292435327871,14.416293354034424,12.70469003200531
2014-07-25,14.904666900634766,15.131333351135254,14.783332824707031,14.847999572753906,46306500,0.00013419443884687965,14.46022668838501,12.720970029830932
2014-07-28,14.98799991607666,15.466667175292969,14.760000228881836,14.949999809265137,97714500,0.005591068622831541,14.508533344268798,12.739650030136108
2014-07-29,15.000666618347168,15.220000267028809,14.990667343139648,15.107333183288574,50736000,0.0008451229210990618,14.553133335113525,12.757010025978088
2014-07-30,15.261333465576172,15.30666732788086,14.736000061035156,14.79466724395752,73917000,0.017377017559351948,14.596906661987305,12.77375002861023
2014-07-31,14.886667251586914,15.426667213439941,14.766667366027832,15.284000396728516,116236500,-0.024550031282283724,14.63423999786377,12.78827670097351
2014-08-01,15.5513334274292,15.833333015441895,15.066666603088379,15.072667121887207,178437000,0.04464842026823912,14.679333324432372,12.804720034599304
2014-08-04,15.90133285522461,16.03333282470703,15.5513334274292,15.625332832336426,89395500,0.022506071870215694,14.72418664932251,12.82304003238678
2014-08-05,15.899333000183105,16.19933319091797,15.712667465209961,15.83133316040039,80829000,-0.00012576650395990097,14.765773315429687,12.841603360176087
2014-08-06,16.595333099365234,16.761333465576172,15.905332565307617,15.926667213439941,138739500,0.0437754275084441,14.815599975585938,12.863446688652038
2014-08-07,16.826000213623047,17.112667083740234,16.607999801635742,16.674667358398438,112183500,0.013899516983279847,14.87179998397827,12.890043354034423
2014-08-08,16.54199981689453,16.784000396728516,16.433332443237305,16.743999481201172,76351500,-0.016878663563701712,14.922319984436035,12.915573353767394
2014-08-11,17.288000106811523,17.582666397094727,17.0,17.031999588012695,121519500,0.04509734603884441,14.991053333282471,12.947180018424987
2014-08-12,17.33066749572754,17.35333251953125,16.972000122070312,17.205333709716797,95734500,0.0024680349752661535,15.064733352661133,12.976116690635681
2014-08-13,17.354000091552734,17.709333419799805,17.30733299255371,17.46733283996582,103989000,0.0013463183591138073,15.138560009002685,13.006333355903626
2014-08-14,17.42533302307129,17.53333282470703,17.100000381469727,17.499332427978516,61899000,0.004110460478404354,15.215080013275147,13.03917335510254
2014-08-15,17.46733283996582,17.472667694091797,17.233333587646484,17.43199920654297,58018500,0.0024102734127906533,15.288560009002685,13.071686682701111
2014-08-18,17.32933235168457,17.817333221435547,17.316667556762695,17.549999237060547,87738000,-0.007900489991551574,15.357586650848388,13.105260009765624
2014-08-19,17.117332458496094,17.288667678833008,16.774667739868164,17.257999420166016,80022000,-0.012233586896835513,15.426186637878418,13.13753333568573
2014-08-20,17.047332763671875,17.249332427978516,16.866666793823242,16.97800064086914,45418500,-0.004089404408890496,15.49739995956421,13.168713335990907
2014-08-21,16.95599937438965,17.253332138061523,16.884000778198242,17.101333618164062,43734000,-0.0053576351531577915,15.563893280029298,13.195093331336976
2014-08-22,17.118667602539062,17.1299991607666,16.840667724609375,16.96933364868164,42501000,0.009593550020714714,15.634906635284423,13.22175000667572
2014-08-25,17.503332138061523,17.57866668701172,17.21266746520996,17.21266746520996,64771500,0.02247047167767935,15.70974660873413,13.258880000114441
2014-08-26,17.44933319091797,17.700000762939453,17.444000244140625,17.665332794189453,57270000,-0.0030850667014500344,15.759253273010254,13.299536666870118
2014-08-27,17.549999237060547,17.615999221801758,17.3526668548584,17.566667556762695,44776500,0.0057690483092485145,15.801359920501708,13.341303329467774
2014-08-28,17.590667724609375,17.631999969482422,17.44266700744629,17.459333419799805,42673500,0.0023172928385630787,15.850346622467042,13.381023335456849
2014-08-29,17.979999542236328,18.133333206176758,17.833999633789062,17.913333892822266,96706500,0.02213286179479579,15.906226615905762,13.424989995956421
2014-09-02,18.941333770751953,18.992666244506836,18.286666870117188,18.366666793823242,147786000,0.05346686612852136,15.978933296203614,13.47346333026886
2014-09-03,18.746000289916992,19.200000762939453,18.67333221435547,19.17799949645996,101584500,-0.010312551544632176,16.037559967041016,13.521326665878297
2014-09-04,19.069332122802734,19.42799949645996,18.69333267211914,18.93400001525879,125125500,0.017248043736543428,16.10894660949707,13.571523327827453
2014-09-05,18.492666244506836,18.860000610351562,18.167333602905273,18.836666107177734,167548500,-0.030240486377933085,16.162946586608886,13.623459992408753
2014-09-08,18.80733299255371,18.992000579833984,18.501333236694336,18.507999420166016,82524000,0.01701575878169237,16.224959907531737,13.675466656684875
2014-09-09,18.565332412719727,19.03266716003418,18.46666717529297,18.865999221801758,68382000,-0.012867352321022762,16.27751989364624,13.727923316955566
2014-09-10,18.739999771118164,18.76066780090332,18.243999481201172,18.633333206176758,56719500,0.009408253755734952,16.332239894866944,13.780923314094544
2014-09-11,18.687332153320312,18.986000061035156,18.575332641601562,18.69733238220215,56491500,-0.002810438550752914,16.386359882354736,13.833899974822998
2014-09-12,18.613332748413086,18.826000213623047,18.46666717529297,18.700000762939453,49869000,-0.003959869942916305,16.45271987915039,13.886686639785767
2014-09-15,16.923999786376953,18.293333053588867,16.608667373657227,18.291332244873047,246831000,-0.09075929522509396,16.48553321838379,13.931139974594116
2014-09-16,17.382667541503906,17.497333526611328,16.827999114990234,17.010000228881836,124501500,0.02710161669324518,16.53630657196045,13.975739974975586
2014-09-17,17.42533302307129,17.64666748046875,17.299999237060547,17.493999481201172,77665500,0.002454484127106138,16.592719898223876,14.020439972877503
2014-09-18,17.58799934387207,17.706666946411133,17.488000869750977,17.55733299255371,55389000,0.00933504803526053,16.64706653594971,14.066989970207214
2014-09-19,17.288000106811523,17.428667068481445,17.01799964904785,17.19933319091797,102163500,-0.017057041633622205,16.700213203430177,14.1051966381073
2014-09-22,16.66866683959961,17.06800079345703,16.31399917602539,17.0,123211500,-0.03582445993668726,16.742746543884277,14.14222330570221
2014-09-23,16.694000244140625,16.920000076293945,16.333332061767578,16.347999572753906,84880500,0.0015198218780658745,16.774359893798827,14.17886664390564
2014-09-24,16.80933380126953,16.856000900268555,16.46933364868164,16.7413330078125,56242500,0.006908683086271461,16.81777322769165,14.21712664604187
2014-09-25,16.463333129882812,16.997333526611328,16.406667709350586,16.834667205810547,72513000,-0.02058384201761687,16.857493228912354,14.252243313789368
2014-09-26,16.440000534057617,16.648666381835938,16.404666900634766,16.549999237060547,56931000,-0.0014172461700872052,16.899093246459962,14.28704665184021
2014-09-29,16.35066795349121,16.576000213623047,16.091999053955078,16.266666412353516,72790500,-0.005433855089076345,16.932746601104736,14.322249989509583
2014-09-30,16.178667068481445,16.510000228881836,16.007999420166016,16.461332321166992,63574500,-0.01051950204719554,16.962266597747803,14.353986659049987
2014-10-01,16.016000747680664,16.17733383178711,15.710000038146973,16.14666748046875,89125500,-0.010054370988181183,16.98981327056885,14.384849996566773
2014-10-02,16.761333465576172,16.8526668548584,16.357332229614258,16.68000030517578,134973000,0.04653675593786688,17.02838659286499,14.419343328475952
2014-10-03,17.013999938964844,17.100000381469727,16.735332489013672,16.87066650390625,81094500,0.015074365885482166,17.07061325073242,14.4535933303833
2014-10-06,17.374666213989258,17.499332427978516,17.18666648864746,17.275333404541016,115699500,0.02119820596674793,17.12001323699951,14.491139998435974
2014-10-07,17.30466651916504,17.430667877197266,17.048667907714844,17.235332489013672,67282500,-0.004028836811141634,17.16634656906128,14.530756664276122
2014-10-08,17.28533363342285,17.525333404541016,16.842666625976562,17.34000015258789,75826500,-0.0011172064899821477,17.212039909362794,14.56943666934967
2014-10-09,17.134000778198242,17.702667236328125,16.959999084472656,17.483333587646484,110419500,-0.008754986072816884,17.249493255615235,14.60725667476654
2014-10-10,15.793999671936035,16.392667770385742,15.680000305175781,16.30933380126953,193324500,-0.07820713466800233,17.267639904022218,14.635756673812866
2014-10-13,14.97266674041748,15.93066692352295,14.733332633972168,15.904666900634766,169030500,-0.05200284592749238,17.256066570281984,14.658786673545837
2014-10-14,15.137332916259766,15.498000144958496,14.866666793823242,15.216667175292969,106579500,0.010997785411050565,17.240786571502685,14.684100003242493
2014-10-15,15.313332557678223,15.399333000183105,14.48799991607666,14.666666984558105,137209500,0.011626859394061828,17.229066562652587,14.709853329658507
2014-10-16,15.09000015258789,15.32800006866455,14.606666564941406,14.64799976348877,80989500,-0.014584180435521898,17.19895990371704,14.735159993171692
2014-10-17,15.165332794189453,15.65133285522461,15.103333473205566,15.558667182922363,158241000,0.004992222719669259,17.16574655532837,14.76095332145691
2014-10-20,15.364666938781738,15.493332862854004,15.034000396728516,15.114666938781738,52416000,0.01314406662204326,17.142199897766112,14.787923321723937
2014-10-21,15.689332962036133,15.692667007446289,15.386667251586914,15.618000030517578,61954500,0.021130690599931556,17.110226554870607,14.817369985580445
2014-10-22,15.40666675567627,15.826000213623047,15.370667457580566,15.545999526977539,61749000,-0.018016457872609193,17.07174654006958,14.844616656303407
2014-10-23,15.685999870300293,15.751999855041504,15.466667175292969,15.644000053405762,52386000,0.018130665059079565,17.03838653564453,14.872619991302491
2014-10-24,15.682666778564453,15.853333473205566,15.41333293914795,15.751333236694336,51949500,-0.00021248831846232275,17.003533210754394,14.901856660842896
2014-10-27,14.777999877929688,15.640666961669922,14.687333106994629,15.616666793823242,143299500,-0.057685782233879546,16.949746551513673,14.927173323631287
2014-10-28,16.184667587280273,16.30666732788086,15.216667175292969,15.30666732788086,157744500,0.09518660989105743,16.926853256225584,14.96164999485016
2014-10-29,15.873332977294922,16.100000381469727,15.709333419799805,16.075332641601562,74437500,-0.019236391993001645,16.901973266601562,14.987259993553161
2014-10-30,15.910667419433594,16.03333282470703,15.670666694641113,15.87600040435791,48426000,0.002352022867035952,16.8792399597168,15.012103328704834
2014-10-31,16.113332748413086,16.20800018310547,15.916666984558105,16.167333602905273,56629500,0.012737701294161408,16.862386627197267,15.035679993629456
2014-11-03,16.172666549682617,16.503999710083008,16.08799934387207,16.200000762939453,63057000,0.003682279898016505,16.843466606140137,15.059873328208923
2014-11-04,15.928667068481445,16.156667709350586,15.768667221069336,16.03266716003418,55239000,-0.015087152168234197,16.811973304748534,15.080623326301575
2014-11-05,15.39799976348877,16.090667724609375,15.368666648864746,16.066667556762695,135688500,-0.0333152361532324,16.77094663619995,15.09809332370758
2014-11-06,16.08133316040039,16.445999145507812,15.233332633972168,15.63266658782959,230320500,0.04437806256705623,16.74157331466675,15.117999987602234
2014-11-07,16.01333236694336,16.189332962036133,15.813332557678223,16.145999908447266,77415000,-0.004228554484803526,16.710026607513427,15.139866647720337
2014-11-10,16.1286678314209,16.191999435424805,15.786666870117188,15.940667152404785,68658000,0.00720246491077825,16.67299997329712,15.163969988822936
2014-11-11,16.738666534423828,16.788000106811523,16.133333206176758,16.170000076293945,119232000,0.037820774125843615,16.628946628570556,15.188203320503234
2014-11-12,16.606666564941406,16.82266616821289,16.371999740600586,16.648000717163086,88062000,-0.00788593100955548,16.586159954071046,15.212826652526855
2014-11-13,16.780000686645508,17.049999237060547,16.683332443237305,16.70800018310547,93540000,0.010437622808061375,16.5403733253479,15.235779991149903
2014-11-14,17.245332717895508,17.25666618347168,16.566667556762695,16.666667938232422,91516500,0.02773134756903417,16.515426654815673,15.261536655426026
2014-11-17,16.93199920654297,17.266666412353516,16.801332473754883,17.166000366210938,60385500,-0.018169177508961187,16.47791997909546,15.287159986495972
2014-11-18,17.18000030517578,17.332666397094727,17.034000396728516,17.05733299255371,67095000,0.014646888155828597,16.45021333694458,15.313483324050903
2014-11-19,16.516000747680664,16.79199981689453,16.373332977294922,16.707332611083984,118777500,-0.03864956610594905,16.40573335647583,15.337923326492309
2014-11-20,16.58066749572754,16.728666305541992,16.399999618530273,16.530000686645508,53808000,0.0039153999224634806,16.363600063323975,15.361366662979126
2014-11-21,16.185333251953125,16.851999282836914,16.14466667175293,16.81399917602539,112276500,-0.023843083752586147,16.315040073394776,15.380116662979127
2014-11-24,16.447999954223633,16.50666618347168,16.042667388916016,16.34666633605957,71845500,0.01622868668699251,16.30552007675171,15.39683666229248
2014-11-25,16.53933334350586,16.648000717163086,16.4060001373291,16.489999771118164,47397000,0.005552856854110999,16.288653392791748,15.413993330001832
2014-11-26,16.562667846679688,16.600000381469727,16.440000534057617,16.555999755859375,29718000,0.001410849076513232,16.271400089263917,15.431700005531312
2014-11-28,16.301332473754883,16.445999145507812,16.167999267578125,16.356666564941406,31795500,-0.015778579595025488,16.245666751861574,15.446663331985473
2014-12-01,15.442667007446289,16.1646671295166,15.267333030700684,16.077333450317383,129291000,-0.052674556984286025,16.208760089874268,15.457800002098084
2014-12-02,15.428667068481445,15.658666610717773,15.199999809265137,15.637999534606934,88305000,-0.0009065752022039408,16.183960094451905,15.467043337821961
2014-12-03,15.286666870117188,15.314666748046875,15.033332824707031,15.083333015441895,79615500,-0.009203659508237316,16.155813426971434,15.478930006027221
2014-12-04,15.218667030334473,15.393333435058594,15.187333106994629,15.239999771118164,57834000,-0.004448310436831915,16.124000091552734,15.485033340454102
2014-12-05,14.913999557495117,15.292667388916016,14.817333221435547,15.244667053222656,90954000,-0.020019327069320858,16.09301342010498,15.489736671447753
2014-12-08,14.290666580200195,14.990667343139648,14.156000137329102,14.769332885742188,138384000,-0.04179515862877048,16.050026741027832,15.488640003204345
2014-12-09,14.459333419799805,14.51533317565918,13.618000030517578,13.956000328063965,141472500,0.01180258727981931,16.012200050354004,15.478270006179809
2014-12-10,13.989333152770996,14.451333045959473,13.846667289733887,14.275333404541016,109711500,-0.03250497470272151,15.968413372039794,15.463883337974549
2014-12-11,13.925333023071289,14.362000465393066,13.881999969482422,14.035332679748535,100416000,-0.004574923550736187,15.926600017547607,15.44933000087738
2014-12-12,13.800000190734863,14.112000465393066,13.633333206176758,13.654666900634766,107607000,-0.00900034721817966,15.867373352050782,15.436726665496826
2014-12-15,13.602666854858398,13.986666679382324,13.511333465576172,13.952667236328125,78274500,-0.014299516894858533,15.799146690368651,15.421219997406006
2014-12-16,13.187333106994629,13.578666687011719,13.024666786193848,13.392666816711426,126391500,-0.03053325883044966,15.71540002822876,15.402210001945496
2014-12-17,13.721332550048828,13.776666641235352,12.84333324432373,12.870667457580566,110517000,0.04049336122183522,15.643733348846435,15.386596665382385
2014-12-18,14.550666809082031,14.562666893005371,14.119999885559082,14.158666610717773,112249500,0.06044123309512317,15.58904001235962,15.375036664009095
2014-12-19,14.619333267211914,14.69333267211914,14.300000190734863,14.679332733154297,103657500,0.004719127929382783,15.538746662139893,15.366063332557678
2014-12-22,14.84000015258789,14.937333106994629,14.550666809082031,14.666666984558105,71991000,0.015094182569247883,15.51966667175293,15.360650000572205
2014-12-23,14.731332778930664,14.954667091369629,14.63466739654541,14.920666694641113,67585500,-0.007322599227755133,15.514839992523193,15.356170001029968
2014-12-24,14.817333221435547,14.833333015441895,14.616666793823242,14.65133285522461,19983000,0.005837926805094318,15.50843999862671,15.349760003089905
2014-12-26,15.187999725341797,15.233332633972168,14.766667366027832,14.767333030700684,49905000,0.025015736527408627,15.505933341979981,15.346436667442322
2014-12-29,15.047332763671875,15.194000244140625,14.934666633605957,15.126667022705078,42037500,-0.009261717422552551,15.50507999420166,15.344683332443237
2014-12-30,14.815333366394043,15.043333053588867,14.760000228881836,14.932666778564453,43548000,-0.01541797479470497,15.498080005645752,15.34076666355133
2014-12-31,14.827333450317383,15.045332908630371,14.816666603088379,14.87266731262207,34462500,0.0008099773138119382,15.487333335876464,15.334889998435974
2015-01-02,14.620667457580566,14.883333206176758,14.21733283996582,14.857999801635742,71466000,-0.013938176640412192,15.465960025787354,15.32938000202179
2015-01-05,14.005999565124512,14.433333396911621,13.810667037963867,14.303333282470703,80527500,-0.04204102817052724,15.43794668197632,15.321106662750244
2015-01-06,14.085332870483398,14.279999732971191,13.61400032043457,14.003999710083008,93928500,0.005664237314159992,15.405933341979981,15.315236663818359
2015-01-07,14.063332557678223,14.3186674118042,13.985333442687988,14.223333358764648,44526000,-0.0015619306272327549,15.373546657562256,15.31216332435608
2015-01-08,14.041333198547363,14.25333309173584,14.000666618347168,14.187333106994629,51637500,-0.0015643062581811584,15.358813323974609,15.308889989852906
2015-01-09,13.77733325958252,13.998666763305664,13.663999557495117,13.928000450134277,70024500,-0.018801629106854012,15.310666637420654,15.306789989471435
2015-01-12,13.480667114257812,13.631333351135254,13.283332824707031,13.536666870117188,89254500,-0.021532914950603166,15.262813320159912,15.305086660385133
2015-01-13,13.616666793823242,13.840666770935059,13.394000053405762,13.554667472839355,67159500,0.010088497728839352,15.216933307647706,15.302379994392394
2015-01-14,12.845999717712402,13.013333320617676,12.333333015441895,12.388667106628418,173278500,-0.05659733676235856,15.15158664703369,15.297126660346985
2015-01-15,12.791333198547363,13.050000190734863,12.666666984558105,12.965999603271484,78247500,-0.004255528597720826,15.083959980010986,15.288759989738464
2015-01-16,12.871333122253418,12.965999603271484,12.643333435058594,12.713333129882812,54048000,0.006254228739435819,15.022813301086426,15.27635332107544
2015-01-20,12.795332908630371,12.941332817077637,12.469332695007324,12.924667358398438,67548000,-0.00590461088227523,14.970759963989257,15.265196652412415
2015-01-21,13.104666709899902,13.245332717895508,12.633999824523926,12.636667251586914,62295000,0.024175518017267583,14.911226634979249,15.259976649284363
2015-01-22,13.441332817077637,13.549332618713379,13.013333320617676,13.133333206176758,61753500,0.02569055090301542,14.859786643981934,15.258009977340699
2015-01-23,13.419333457946777,13.566666603088379,13.222000122070312,13.352666854858398,51579000,-0.0016366947705445112,14.80559995651245,15.25328664302826
2015-01-26,13.770000457763672,13.907999992370605,13.403332710266113,13.45533275604248,48517500,0.02613147671721605,14.746226634979248,15.249826645851135
2015-01-27,13.732000350952148,13.868666648864746,13.553333282470703,13.628000259399414,41715000,-0.0027596300325537504,14.688733310699464,15.250423312187195
2015-01-28,13.291333198547363,13.758000373840332,13.227999687194824,13.740667343139648,47244000,-0.03209052877530916,14.6189599609375,15.248953313827515
2015-01-29,13.680000305175781,13.732000350952148,13.100000381469727,13.404666900634766,53221500,0.02924214605280495,14.547653312683105,15.251323313713074
2015-01-30,13.573332786560059,13.83133316040039,13.533332824707031,13.597332954406738,45105000,-0.007797333058199185,14.480479984283447,15.25455331325531
2015-02-02,14.062666893005371,14.130000114440918,13.553333282470703,13.597999572753906,62238000,0.0360511389604945,14.41813331604004,15.258496646881104
2015-02-03,14.557332992553711,14.691332817077637,14.084667205810547,14.214667320251465,72393000,0.0351758385028933,14.3789599609375,15.265243310928344
2015-02-04,14.569999694824219,14.76533317565918,14.453332901000977,14.552666664123535,49581000,0.0008701251992371262,14.338746604919434,15.269966645240784
2015-02-05,14.732666969299316,15.031999588012695,14.642666816711426,14.658666610717773,52843500,0.011164535201252157,14.309693279266357,15.270749979019165
2015-02-06,14.490667343139648,14.893333435058594,14.433333396911621,14.800000190734863,48658500,-0.016426056915829212,14.270546627044677,15.273873314857482
2015-02-09,14.498666763305664,14.528667449951172,14.13266658782959,14.358667373657227,52086000,0.0005520394593698796,14.229733295440674,15.277079982757568
2015-02-10,14.419333457946777,14.699999809265137,14.333333015441895,14.50333309173584,80857500,-0.005471765552931385,14.186866607666015,15.282559986114501
2015-02-11,14.186667442321777,14.315999984741211,13.8186674118042,14.147333145141602,146536500,-0.016135698387415576,14.144573307037353,15.287323322296142
2015-02-12,13.525333404541016,13.53933334350586,12.885333061218262,12.904666900634766,234744000,-0.04661658846022321,14.106226634979247,15.28597665309906
2015-02-13,13.584667205810547,13.732666969299316,13.394000053405762,13.526666641235352,92865000,0.004386864226918918,14.06934663772583,15.284603323936462
2015-02-17,13.623332977294922,13.713333129882812,13.433333396911621,13.713333129882812,59694000,0.0028462803614237586,14.036079959869385,15.28347665309906
2015-02-18,13.630666732788086,13.744667053222656,13.506667137145996,13.611332893371582,40704000,0.0005383231478952588,14.004319953918458,15.281326651573181
2015-02-19,14.11400032043457,14.162667274475098,13.583333015441895,13.666666984558105,77311500,0.035459277020091884,13.988319969177246,15.27969331741333
2015-02-20,14.473999977111816,14.506667137145996,13.987333297729492,14.052000045776367,89731500,0.025506564298148016,13.99198663711548,15.282969980239868
2015-02-23,13.822667121887207,14.546667098999023,13.755332946777344,14.37733268737793,127497000,-0.04500019733692018,13.979253311157226,15.284966650009155
2015-02-24,13.607333183288574,13.81933307647705,13.446666717529297,13.81933307647705,99054000,-0.015578320500655551,13.971613311767578,15.293473315238952
2015-02-25,13.583999633789062,13.809332847595215,13.505332946777344,13.662667274475098,58642500,-0.001714777553045277,13.964786643981933,15.30063997745514
2015-02-26,13.812666893005371,14.072667121887207,13.481332778930664,13.600000381469727,97093500,0.016833573717678796,13.965039978027344,15.308146648406982
2015-02-27,13.555999755859375,13.903332710266113,13.520000457763672,13.793333053588867,58231500,-0.0185820116516362,13.964106636047363,15.312539982795716
2015-03-02,13.155332565307617,13.555999755859375,13.055333137512207,13.513333320617676,118831500,-0.02955644716492234,13.963466625213623,15.314776644706726
2015-03-03,13.303999900817871,13.349332809448242,13.021332740783691,13.120667457580566,66484500,0.011300918070464405,13.955119972229005,15.31843330860138
2015-03-04,13.496000289916992,13.501333236694336,13.147333145141602,13.283332824707031,63330000,0.014431779204036044,13.934026641845703,15.32205997467041
2015-03-05,13.375332832336426,13.746000289916992,13.34333324432373,13.523332595825195,73155000,-0.008940979178158281,13.909146633148193,15.323573303222656
2015-03-06,12.925333023071289,13.383333206176758,12.8100004196167,13.280667304992676,100686000,-0.03364400833280279,13.87085329055786,15.323099966049194
2015-03-09,12.725333213806152,12.965999603271484,12.550000190734863,12.959333419799805,101050500,-0.015473474370690798,13.830733299255371,15.32024329662323
2015-03-10,12.687999725341797,12.899999618530273,12.506667137145996,12.564000129699707,83695500,-0.0029337926038629503,13.788146629333497,15.31538996219635
2015-03-11,12.916000366210938,13.078666687011719,12.734000205993652,12.743332862854004,74623500,0.017969786081706296,13.742706642150878,15.310869965553284
2015-03-12,12.73799991607666,12.963333129882812,12.649999618530273,12.916666984558105,62239500,-0.013781390917263936,13.696519985198975,15.304039964675903
2015-03-13,12.578666687011719,12.783332824707031,12.48799991607666,12.596667289733887,81514500,-0.012508496633278132,13.651786651611328,15.29685329914093
2015-03-16,13.046667098999023,13.060667037963867,12.653332710266113,12.800000190734863,84432000,0.037205883869277256,13.616173324584961,15.292006635665894
2015-03-17,12.982000350952148,13.247332572937012,12.929332733154297,13.028667449951172,73411500,-0.00495657224609003,13.583399982452393,15.287659974098206
2015-03-18,13.380666732788086,13.392000198364258,12.87399959564209,12.997332572937012,72313500,0.030709164308927006,13.570893325805663,15.286329975128174
2015-03-19,13.043333053588867,13.63933277130127,12.968667030334473,13.466667175292969,127128000,-0.025210528438961433,13.550053329467774,15.283233304023742
2015-03-20,13.20533275604248,13.265999794006348,13.041333198547363,13.16333293914795,64042500,0.012420115455768377,13.532893333435059,15.281263303756713
2015-03-23,13.308667182922363,13.366666793823242,13.164667129516602,13.233332633972168,39474000,0.007825204316233458,13.518240013122558,15.27883997440338
2015-03-24,13.447999954223633,13.586000442504883,13.316666603088379,13.438667297363281,54748500,0.010469325694766773,13.51165334701538,15.276689972877502
2015-03-25,12.953332901000977,13.239333152770996,12.846667289733887,13.218000411987305,85956000,-0.036783689389238594,13.501106662750244,15.273019971847534
2015-03-26,12.694000244140625,12.986000061035156,12.646666526794434,12.928000450134277,61920000,-0.020020535165919506,13.482653331756591,15.269056639671327
2015-03-27,12.333333015441895,12.619333267211914,12.09333324432373,12.604666709899902,129073500,-0.028412417028683246,13.472399997711182,15.262566637992858
2015-03-30,12.704667091369629,12.816666603088379,12.119999885559082,12.390000343322754,151342500,0.030108169094502424,13.470666675567626,15.258249974250793
2015-03-31,12.584667205810547,12.917332649230957,12.560667037963867,12.902000427246094,75399000,-0.009445338842494988,13.46493335723877,15.252366642951966
2015-04-01,12.505999565124512,12.819999694824219,12.403332710266113,12.579999923706055,56919000,-0.0062510704017435526,13.459146690368652,15.24002664089203
2015-04-02,12.733332633972168,12.881999969482422,12.666666984558105,12.682000160217285,75156000,0.018177920738268627,13.451720008850097,15.22646996974945
2015-04-06,13.539999961853027,13.850000381469727,13.166666984558105,13.199999809265137,186837000,0.06335084074758979,13.453693351745606,15.218463306427003
2015-04-07,13.550000190734863,13.670666694641113,13.409333229064941,13.500666618347168,65218500,0.0007385693434276419,13.456306686401367,15.210283308029174
2015-04-08,13.844667434692383,14.0600004196167,13.724666595458984,13.880000114440918,94546500,0.02174665976455148,13.45780002593994,15.20297664642334
2015-04-09,14.005999565124512,14.024666786193848,13.7413330078125,13.895333290100098,57003000,0.011653015949509848,13.46328001022339,15.193933310508728
2015-04-10,14.0600004196167,14.109999656677246,13.933333396911621,13.989999771118164,61015500,0.0038555516327911654,13.478653354644775,15.186733312606812
2015-04-13,13.985333442687988,14.199999809265137,13.936667442321777,14.029333114624023,56373000,-0.005310595640134919,13.48476001739502,15.177696642875672
2015-04-14,13.830666542053223,13.965999603271484,13.699999809265137,13.904666900634766,45390000,-0.011059221524362783,13.489906692504883,15.168316640853881
2015-04-15,13.85533332824707,13.97266674041748,13.773332595825195,13.830666542053223,29286000,0.0017834849910411954,13.485760021209718,15.157906641960144
2015-04-16,13.779999732971191,13.944666862487793,13.752667427062988,13.846667289733887,24886500,-0.005437155028403029,13.470213356018066,15.146786642074584
2015-04-17,13.78600025177002,13.791999816894531,13.566666603088379,13.666000366210938,37048500,0.0004354513000803806,13.454533367156982,15.135809979438783
2015-04-20,13.684666633605957,13.856666564941406,13.59000015258789,13.785332679748535,38389500,-0.007350472676152187,13.433573360443114,15.12775664806366
2015-04-21,13.96066665649414,14.050000190734863,13.620667457580566,13.720000267028809,51487500,0.02016856020521529,13.422973346710204,15.121143317222595
2015-04-22,14.629332542419434,14.791999816894531,14.112667083740234,14.166666984558105,117945000,0.04789641514821552,13.425586662292481,15.120069980621338
2015-04-23,14.573332786560059,14.76533317565918,14.476667404174805,14.5513334274292,66168000,-0.0038279091473925053,13.428666648864747,15.11991331100464
2015-04-24,14.562000274658203,14.720000267028809,14.534000396728516,14.699999809265137,36417000,-0.0007776197845633659,13.436173305511474,15.118369975090026
2015-04-27,15.436667442321777,15.916666984558105,14.800000190734863,14.837332725524902,175089000,0.060065042656655576,13.47439998626709,15.122399978637695
2015-04-28,15.36533260345459,15.699999809265137,15.20199966430664,15.649999618530273,91281000,-0.004621129472000773,13.51001329421997,15.126516642570495
2015-04-29,15.49666690826416,15.664667129516602,15.175333023071289,15.33666706085205,59041500,0.00854744301337429,13.547479972839355,15.12843331336975
2015-04-30,15.069999694824219,15.526000022888184,15.011333465576172,15.359333038330078,58678500,-0.027532837607318394,13.576266632080078,15.13058997631073
2015-05-01,15.0686674118042,15.451333045959473,14.694000244140625,15.329333305358887,79225500,-8.840630703377261e-05,13.59535997390747,15.133546648025513
2015-05-04,15.36733341217041,15.648667335510254,15.140666961669922,15.211999893188477,66519000,0.01982033262823535,13.613226642608643,15.138583316802979
2015-05-05,15.529999732971191,15.966667175292969,15.275333404541016,15.850666999816895,86953500,0.010585201507501196,13.647373294830322,15.142893314361572
2015-05-06,15.362000465393066,15.631333351135254,15.213333129882812,15.606666564941406,79063500,-0.01081772507834955,13.682466640472413,15.146189980506897
2015-05-07,15.786666870117188,15.831999778747559,14.683333396911621,14.733332633972168,141838500,0.027643952080381284,13.726519985198975,15.151929979324342
2015-05-08,15.77400016784668,15.894000053405762,15.579999923706055,15.732666969299316,70023000,-0.000802367109835278,13.765746650695801,15.15663664340973
2015-05-11,15.965999603271484,16.191999435424805,15.687333106994629,15.752667427062988,85084500,0.012171892568897835,13.813946647644043,15.16195330619812
2015-05-12,16.31599998474121,16.42333221435547,15.879332542419434,16.007333755493164,95451000,0.021921607801995036,13.877159996032715,15.169009971618653
2015-05-13,16.211999893188477,16.553333282470703,16.149999618530273,16.507333755493164,81603000,-0.006374116918974937,13.935319995880127,15.175129971504212
2015-05-14,16.273332595825195,16.326000213623047,16.083332061767578,16.321332931518555,43438500,0.0037831669775971744,13.990866641998291,15.181493301391601
2015-05-15,16.589332580566406,16.626667022705078,16.166667938232422,16.261999130249023,67914000,0.019418271142708665,14.05514663696289,15.188133296966553
2015-05-18,16.583332061767578,16.65999984741211,16.399999618530273,16.46666717529297,50298000,-0.0003617094762363715,14.128306617736817,15.196616621017457
2015-05-19,16.47599983215332,16.733333587646484,16.40999984741211,16.562000274658203,55113000,-0.006472295749399448,14.20331995010376,15.201239953041076
2015-05-20,16.290000915527344,16.516000747680664,16.091333389282227,16.475332260131836,56334000,-0.011289082211751178,14.27535997390747,15.20318329334259
2015-05-21,16.374666213989258,16.441333770751953,16.157333374023438,16.20199966430664,29559000,0.005197378373454464,14.344533290863037,15.205559959411621
2015-05-22,16.51533317565918,16.573333740234375,16.333999633789062,16.358667373657227,33346500,0.008590523912465953,14.420079956054687,15.205159959793091
2015-05-26,16.497333526611328,16.799999237060547,16.433332443237305,16.511999130249023,52480500,-0.0010898750183484518,14.49845329284668,15.203516626358033
2015-05-27,16.495332717895508,16.633333206176758,16.3700008392334,16.567333221435547,51123000,-0.00012128073379813475,14.56742660522461,15.203283290863038
2015-05-28,16.76333236694336,16.786666870117188,16.336666107177734,16.468666076660156,54709500,0.016246998689338543,14.643053245544433,15.200659952163697
2015-05-29,16.719999313354492,16.857999801635742,16.6286678314209,16.733333587646484,56839500,-0.0025849904207780883,14.709839897155762,15.197606611251832
2015-06-01,16.6299991607666,16.773332595825195,16.49799919128418,16.76066780090332,37576500,-0.005382784466743784,14.781573219299316,15.1939866065979
2015-06-02,16.55666732788086,16.626667022705078,16.420000076293945,16.594667434692383,32022000,-0.004409611340134401,14.848599910736084,15.189643278121949
2015-06-03,16.599332809448242,16.71466636657715,16.46733283996582,16.546667098999023,26722500,0.0025769365731915794,14.914413223266601,15.18530327796936
2015-06-04,16.39466667175293,16.6200008392334,16.380666732788086,16.5,36804000,-0.01232978096437809,14.973346557617187,15.180629949569703
2015-06-05,16.609333038330078,16.64666748046875,16.3786678314209,16.399999618530273,45330000,0.013093670696398219,15.04646656036377,15.178089952468872
2015-06-08,17.086000442504883,17.25,16.687332153320312,16.72333335876465,75255000,0.028698768522178453,15.134306564331055,15.178283290863037
2015-06-09,17.066667556762695,17.182666778564453,16.94266700744629,17.02666664123535,39166500,-0.00113150446221999,15.22897325515747,15.178836631774903
2015-06-10,16.713333129882812,16.933332443237305,16.566667556762695,16.793333053588867,51817500,-0.020703187995237737,15.309146575927734,15.17680995941162
2015-06-11,16.76066780090332,16.95800018310547,16.69533348083496,16.884000778198242,30661500,0.0028321502750325855,15.39266658782959,15.17309663772583
2015-06-12,16.71266746520996,16.8973331451416,16.680667877197266,16.680667877197266,21334500,-0.0028638677326909834,15.4767999458313,15.16941330909729
2015-06-15,16.691999435424805,16.75200080871582,16.400667190551758,16.64666748046875,32793000,-0.0012366685227346297,15.555973281860352,15.165123310089111
2015-06-16,16.874666213989258,16.895999908447266,16.606666564941406,16.67533302307129,29770500,0.010943373157369374,15.622666606903076,15.16154330253601
2015-06-17,17.360666275024414,17.624000549316406,16.801332473754883,16.81133270263672,82693500,0.028800573289696096,15.698879928588868,15.158446636199951
2015-06-18,17.459333419799805,17.56399917602539,17.334667205810547,17.46666717529297,41740500,0.005683373161624372,15.771173248291015,15.151036634445191
2015-06-19,17.500667572021484,17.586666107177734,17.34000015258789,17.49333381652832,36945000,0.0023674530537807215,15.841066608428955,15.144809970855713
2015-06-22,17.319332122802734,17.626667022705078,17.04599952697754,17.476667404174805,68416500,-0.010361630404811084,15.906253242492676,15.136059970855714
2015-06-23,17.844667434692383,17.866666793823242,17.238000869750977,17.35466766357422,58062000,0.030332307745169373,15.983439922332764,15.13281997680664
2015-06-24,17.67799949645996,17.823333740234375,17.58133316040039,17.798667907714844,36184500,-0.009339929636816735,16.0603865814209,15.127173309326173
2015-06-25,17.91933250427246,18.0939998626709,17.683332443237305,17.76333236694336,42738000,0.013651601690611415,16.141666564941406,15.123943309783936
2015-06-26,17.805999755859375,17.94066619873047,17.733333587646484,17.926000595092773,57576000,-0.006324607704336294,16.22218656539917,15.119273309707642
2015-06-29,17.468000411987305,17.729999542236328,17.3799991607666,17.463333129882812,52183500,-0.018982328906347767,16.295826568603516,15.113176651000977
2015-06-30,17.884000778198242,18.06133270263672,17.600000381469727,17.65333366394043,46303500,0.02381499635902573,16.37981325149536,15.109529991149902
2015-07-01,17.94333267211914,18.174667358398438,17.856666564941406,18.073999404907227,31518000,0.003317596250232091,16.459466571807862,15.114626655578613
2015-07-02,18.667999267578125,18.829999923706055,18.220666885375977,18.68000030517578,107458500,0.04038639915454456,16.540239906311037,15.121053314208984
2015-07-06,18.648000717163086,18.779333114624023,18.420000076293945,18.591999053955078,61828500,-0.001071274437522196,16.621733264923094,15.127166652679444
2015-07-07,17.858667373657227,18.34666633605957,17.384666442871094,18.333332061767578,91576500,-0.04232804124569667,16.687666606903075,15.12851999282837
2015-07-08,16.997333526611328,17.386667251586914,16.95400047302246,17.288000106811523,93316500,-0.04823057784907436,16.718879928588866,15.127066659927369
2015-07-09,17.19466781616211,17.530000686645508,17.119333267211914,17.27199935913086,50011500,0.011609720385955313,16.755466632843017,15.129696664810181
2015-07-10,17.27666664123535,17.53333282470703,17.187999725341797,17.481332778930664,39163500,0.004768851945843755,16.791066627502442,15.132609996795654
2015-07-13,17.477333068847656,17.503332138061523,17.06999969482422,17.483333587646484,44404500,0.011614881028806812,16.839213294982912,15.135949993133545
2015-07-14,17.709999084472656,17.732667922973633,17.367332458496094,17.47333335876465,28614000,0.013312443878506386,16.89203992843628,15.142183322906494
2015-07-15,17.542667388916016,17.832666397094727,17.472000122070312,17.78266716003418,30324000,-0.009448430502932648,16.93554660797119,15.147696657180786
2015-07-16,17.778667449951172,17.81333351135254,17.54400062561035,17.614667892456055,24240000,0.013452917723576485,16.98051996231079,15.154836654663086
2015-07-17,18.310667037963867,18.369333267211914,17.883333206176758,18.166667938232422,75061500,0.029923479333326286,17.039493293762206,15.165496654510498
2015-07-20,18.817333221435547,19.110000610351562,18.16933250427246,18.333332061767578,74677500,0.027670547578698246,17.100106620788573,15.179503316879272
2015-07-21,17.784666061401367,18.233333587646484,17.770000457763672,18.003332138061523,91630500,-0.054878507378390284,17.14031993865967,15.184619979858399
2015-07-22,17.857999801635742,17.96266746520996,17.390666961669922,17.417999267578125,46575000,0.004123425201304931,17.17815994262695,15.188839979171753
2015-07-23,17.81333351135254,17.99333381652832,17.684667587280273,17.976667404174805,33408000,-0.0025011922264167596,17.20810661315918,15.191033315658569
2015-07-24,17.694000244140625,18.07266616821289,17.594667434692383,17.825332641601562,42547500,-0.0066990980175530845,17.23774662017822,15.192979984283447
2015-07-27,16.867332458496094,17.6286678314209,16.71933364868164,17.495332717895508,70413000,-0.046720231391331746,17.24962661743164,15.190889978408814
2015-07-28,17.654666900634766,17.69333267211914,16.78933334350586,17.049999237060547,58437000,0.04667806507496031,17.270933303833008,15.193493309020996
2015-07-29,17.58799934387207,17.859333038330078,17.46666717529297,17.618000030517578,41851500,-0.003776200204621105,17.291026649475096,15.202463307380675
2015-07-30,17.785999298095703,17.79599952697754,17.474000930786133,17.512666702270508,30519000,0.011257673505236987,17.317226638793944,15.216529970169068
2015-07-31,17.74333381652832,17.957332611083984,17.674667358398438,17.84000015258789,33339000,-0.0023988239767867015,17.346293296813965,15.22955997467041
2015-08-03,17.332666397094727,17.78066635131836,17.13800048828125,17.752666473388672,38302500,-0.023144884928617437,17.365453300476073,15.239656643867493
2015-08-04,17.75200080871582,17.781333923339844,17.222667694091797,17.333999633789062,35287500,0.02419330078904558,17.390186653137206,15.252966647148133
2015-08-05,18.0086669921875,18.066667556762695,17.360000610351562,17.57200050354004,93214500,0.014458436896063187,17.42041332244873,15.267183318138123
2015-08-06,16.408666610717773,17.0,15.7413330078125,16.63599967956543,219357000,-0.08884613070827718,17.418680000305176,15.272403316497803
2015-08-07,16.167333602905273,16.248666763305664,15.892666816711426,16.238666534423828,76101000,-0.014707655017798138,17.406760025024415,15.274793319702148
2015-08-10,16.076000213623047,16.197999954223633,15.736666679382324,15.876667022705078,62788500,-0.005649254943673188,17.393880043029785,15.278139986991881
2015-08-11,15.824666976928711,15.953332901000977,15.629332542419434,15.8100004196167,63973500,-0.015634065274604314,17.37777339935303,15.278833322525024
2015-08-12,15.878000259399414,15.98466682434082,15.515999794006348,15.666666984558105,55920000,0.0033702625495031224,17.3642000579834,15.279809989929198
2015-08-13,16.167333602905273,16.43199920654297,15.941332817077637,15.990667343139648,70338000,0.018222278547613824,17.35556007385254,15.286756658554078
2015-08-14,16.209999084472656,16.528667449951172,16.118000030517578,16.482667922973633,65472000,0.0026389930841606013,17.351866722106934,15.28688331604004
2015-08-17,16.999332427978516,17.106000900268555,16.700666427612305,17.03733253479004,107650500,0.04869422505161958,17.3596667098999,15.292513313293457
2015-08-18,17.381332397460938,17.39666748046875,16.90399932861328,17.025333404541016,62925000,0.022471468870960187,17.365573348999025,15.299866638183595
2015-08-19,17.016666412353516,17.376667022705078,17.001333236694336,17.35533332824707,54064500,-0.02098032399177252,17.36457332611084,15.304383306503295
2015-08-20,16.14533233642578,16.970666885375977,16.126667022705078,16.804000854492188,73587000,-0.05120474567775368,17.3532133102417,15.304246635437012
2015-08-21,15.38466739654541,16.253332138061523,15.36733341217041,15.733332633972168,98853000,-0.047113613026361856,17.32569330215454,15.301526637077332
2015-08-24,14.591333389282227,15.426667213439941,13.0,13.519332885742188,143724000,-0.05156653613722739,17.283266620635985,15.297493305206299
2015-08-25,14.66866683959961,15.393333435058594,14.607999801635742,15.368000030517578,64909500,0.005299957738899019,17.24279996871948,15.290429973602295
2015-08-26,14.989333152770996,15.199999809265137,14.36733341217041,15.195332527160645,74445000,0.021860631008791875,17.20509330749512,15.285309977531433
2015-08-27,16.19933319091797,16.316667556762695,15.387332916259766,15.399999618530273,114840000,0.08072407396744574,17.18186664581299,15.285663304328919
2015-08-28,16.565332412719727,16.76333236694336,16.10466766357422,16.124000549316406,82705500,0.022593474526899193,17.163986625671388,15.284796633720397
2015-08-31,16.604000091552734,16.996667861938477,16.367332458496094,16.374666213989258,70503000,0.00233425311787383,17.146053276062013,15.284783301353455
2015-09-01,15.908666610717773,16.399999618530273,15.79800033569336,16.022666931152344,81822000,-0.04187746789935942,17.117839965820313,15.280426630973816
2015-09-02,16.512666702270508,16.525333404541016,15.985333442687988,16.35333251953125,69438000,0.0379667326201818,17.091199951171873,15.276763300895691
2015-09-03,16.3713321685791,16.80533218383789,16.333332061767578,16.804000854492188,62922000,-0.008559158628931418,17.06506660461426,15.273959965705872
2015-09-04,16.1286678314209,16.272666931152344,15.880000114440918,16.05933380126953,55338000,-0.014822516253377382,17.029253311157227,15.268703303337098
2015-09-08,16.544666290283203,16.610666275024414,16.270000457763672,16.336666107177734,47073000,0.0257924872165749,17.0040266418457,15.26884663105011
2015-09-09,16.5939998626709,16.950000762939453,16.553333282470703,16.803333282470703,50862000,0.002981841490309778,16.986546630859376,15.268913292884827
2015-09-10,16.565332412719727,16.71466636657715,16.35533332824707,16.48200035095215,40635000,-0.0017275792568650639,16.960173263549805,15.27081328868866
2015-09-11,16.682666778564453,16.682666778564453,16.315332412719727,16.50933265686035,35262000,0.007083127758706009,16.93495994567871,15.271986622810363
2015-09-14,16.87933349609375,16.950000762939453,16.64466667175293,16.739999771118164,43363500,0.011788685834209334,16.899186630249023,15.273686623573303
2015-09-15,16.904666900634766,16.97333335876465,16.633333206176758,16.850000381469727,44002500,0.0015008533688181114,16.864319953918457,15.275396618843079
2015-09-16,17.483333587646484,17.525333404541016,16.858667373657227,16.869333267211914,66256500,0.03423117949694654,16.856813278198242,15.281306624412537
2015-09-17,17.471332550048828,17.700000762939453,17.37933349609375,17.597333908081055,53787000,-0.000686427307326376,16.866293258666992,15.29144995212555
2015-09-18,17.374666213989258,17.58799934387207,17.166667938232422,17.19733238220215,56446500,-0.005532854221774852,16.869893226623535,15.301179947853088
2015-09-21,17.613332748413086,18.10466766357422,17.053333282470703,17.59866714477539,91803000,0.013736467307306599,16.87662654876709,15.312813277244567
2015-09-22,17.395999908447266,17.510000228881836,17.058000564575195,17.268667221069336,54966000,-0.012339109416155347,16.87499988555908,15.323699941635132
2015-09-23,17.40399932861328,17.472000122070312,17.172000885009766,17.463333129882812,39012000,0.000459842504490382,16.868879890441896,15.336149940490722
2015-09-24,17.541332244873047,17.56333351135254,17.08066749572754,17.302000045776367,51723000,0.007890882645230857,16.868853187561037,15.352403268814086
2015-09-25,17.12733268737793,17.79400062561035,17.07666778564453,17.77400016784668,56601000,-0.02360137483948066,16.85582649230957,15.365743265151977
2015-09-28,16.562000274658203,17.319332122802734,16.44066619873047,17.156667709350586,73516500,-0.03300761554870424,16.82085315704346,15.378606600761414
2015-09-29,16.44333267211914,16.98200035095215,16.36400032043457,16.69733238220215,55548000,-0.00716505256437161,16.77337314605713,15.391196599006653
2015-09-30,16.559999465942383,16.82666778564453,16.1560001373291,16.799999237060547,73944000,0.007095082009808129,16.748879814147948,15.404996595382691
2015-10-01,15.991999626159668,16.566667556762695,15.808667182922363,16.500667572021484,68595000,-0.03429950833940998,16.711559810638427,15.416943259239197
2015-10-02,16.504667282104492,16.51333236694336,15.661999702453613,15.706666946411133,66360000,0.032057758124643954,16.685386486053467,15.433529930114746
2015-10-05,16.40999984741211,16.6560001373291,16.275333404541016,16.589332580566406,55348500,-0.005735797824596434,16.659706478118895,15.446973266601562
2015-10-06,16.097333908081055,16.20199966430664,15.70533275604248,16.0,78378000,-0.01905337856419076,16.644306507110596,15.454706602096557
2015-10-07,15.46399974822998,15.846667289733887,15.274666786193848,15.775333404541016,102210000,-0.03934404066335062,16.6004931640625,15.458929934501647
2015-10-08,15.114666938781738,15.381333351135254,14.753999710083008,15.338666915893555,91998000,-0.022590068231747584,16.551026515960693,15.460303268432618
2015-10-09,14.712667465209961,14.958000183105469,14.557332992553711,14.728667259216309,92376000,-0.02659664782558413,16.489559879302977,15.460209941864013
2015-10-12,14.371999740600586,14.866666793823242,14.351332664489746,14.866000175476074,57544500,-0.023154721971044956,16.422133197784422,15.457983274459838
2015-10-13,14.616666793823242,14.834667205810547,14.075332641601562,14.218667030334473,77572500,0.017023869860745666,16.367813205718996,15.455126609802246
2015-10-14,14.458666801452637,14.729999542236328,14.362000465393066,14.711333274841309,46566000,-0.010809577491181055,16.30194652557373,15.45218327999115
2015-10-15,14.753999710083008,14.781999588012695,14.24666690826416,14.428667068481445,42663000,0.020426012486898237,16.23685317993164,15.451876611709595
2015-10-16,15.133999824523926,15.36533260345459,14.857999801635742,14.869333267211914,65017500,0.025755735523108614,16.211359844207763,15.453409943580628
2015-10-19,15.206666946411133,15.40999984741211,14.996000289916992,15.100000381469727,37618500,0.00480158072748571,16.19214651107788,15.45633994102478
2015-10-20,14.20199966430664,15.239999771118164,13.466667175292969,15.1813325881958,223500000,-0.06606755350432658,16.15466650009155,15.45731994152069
2015-10-21,14.005999565124512,14.320667266845703,13.920000076293945,14.13266658782959,62272500,-0.013800880426347861,16.118293151855468,15.456923274993896
2015-10-22,14.114666938781738,14.383333206176758,13.960000038146973,14.104000091552734,42378000,0.0077586303749297425,16.083026485443114,15.457179946899414
2015-10-23,13.939332962036133,14.356666564941406,13.845999717712402,14.333333015441895,63532500,-0.01242211222596079,16.038466472625732,15.456669945716857
2015-10-26,14.350666999816895,14.392000198364258,14.0,14.092000007629395,50871000,0.02950887527409196,16.001279830932617,15.45953661441803
2015-10-27,14.023332595825195,14.473333358764648,13.833999633789062,14.322667121887207,52791000,-0.022809699646425874,15.94175983428955,15.462249941825867
2015-10-28,14.197333335876465,14.229999542236328,13.886667251586914,14.087332725524902,40929000,0.012407945034625278,15.878079853057862,15.465153274536133
2015-10-29,14.108667373657227,14.25,14.042667388916016,14.116666793823242,27075000,-0.006245254663083899,15.819919872283936,15.471466612815856
2015-10-30,13.795332908630371,14.108667373657227,13.592666625976562,14.026666641235352,66583500,-0.022208650663342766,15.772919883728028,15.476486611366273
2015-11-02,14.252667427062988,14.386667251586914,13.814666748046875,13.928000450134277,58918500,0.03315139413174362,15.75027988433838,15.48339328289032
2015-11-03,13.890000343322754,14.295999526977539,13.850000381469727,14.256667137145996,124987500,-0.025445558566223325,15.73625322341919,15.488866620063781
2015-11-04,15.442000389099121,15.515999794006348,15.013333320617676,15.133333206176758,190896000,0.11173506172895453,15.75171989440918,15.500553288459777
2015-11-05,15.451333045959473,15.638667106628418,15.279333114624023,15.371999740600586,67452000,0.0006043683865557536,15.760959892272949,15.510603289604187
2015-11-06,15.490667343139648,15.557332992553711,15.300000190734863,15.380000114440918,36679500,0.0025456895572166793,15.746786575317383,15.52095995903015
2015-11-09,15.022000312805176,15.53266716003418,14.954000473022461,15.53266716003418,57763500,-0.030254799225420848,15.715919933319093,15.52721995830536
2015-11-10,14.433333396911621,14.91333293914795,14.405332565307617,14.898667335510254,69255000,-0.0391869859962497,15.672506599426269,15.530726623535156
2015-11-11,14.60533332824707,14.631999969482422,14.241999626159668,14.517999649047852,50217000,0.011916854312549408,15.646439933776856,15.537296624183655
2015-11-12,14.196000099182129,14.600000381469727,14.177332878112793,14.523332595825195,43738500,-0.028026284636262333,15.600106601715089,15.539876623153686
2015-11-13,13.812666893005371,14.199333190917969,13.767999649047852,14.196666717529297,51454500,-0.02700290247242554,15.548933296203613,15.541073293685914
2015-11-16,14.287332534790039,14.331999778747559,13.720000267028809,13.739333152770996,43881000,0.03436451812394292,15.512106590270996,15.542196621894837
2015-11-17,14.266667366027832,14.399999618530273,14.09333324432373,14.346667289733887,32230500,-0.0014463979691021756,15.466546611785889,15.540743293762207
2015-11-18,14.73799991607666,14.7586669921875,14.168000221252441,14.300000190734863,42178500,0.033037326654939525,15.429426612854003,15.541583294868468
2015-11-19,14.786666870117188,15.079333305358887,14.686667442321777,14.702667236328125,37566000,0.0033021410176179433,15.393853302001952,15.541853294372558
2015-11-20,14.667332649230957,15.0,14.238666534423828,14.899333000183105,66010500,-0.008070393546729338,15.353546619415283,15.542736620903016
2015-11-23,14.516667366027832,14.612000465393066,14.312000274658203,14.489999771118164,37893000,-0.010272166508136338,15.306293296813966,15.542826623916627
2015-11-24,14.550000190734863,14.733332633972168,14.333333015441895,14.357999801635742,37204500,0.0022961761034103745,15.259199962615966,15.543479957580566
2015-11-25,15.309332847595215,15.388667106628418,14.692000389099121,14.755999565124512,59862000,0.052187810783939304,15.215719947814941,15.549093284606933
2015-11-27,15.440667152404785,15.483332633972168,15.133999824523926,15.404000282287598,29241000,0.008578708564050963,15.17510663986206,15.558669953346252
2015-11-30,15.350666999816895,15.618666648864746,15.272000312805176,15.452667236328125,39897000,-0.005828773569144241,15.134626655578613,15.567499952316284
2015-12-01,15.812666893005371,15.866666793823242,15.403332710266113,15.404000282287598,56010000,0.03009640513952827,15.098613338470459,15.578446621894836
2015-12-02,15.465999603271484,15.90666675567627,15.415332794189453,15.800000190734863,44722500,-0.021923391675773063,15.060013332366943,15.587623286247254
2015-12-03,15.513999938964844,15.829999923706055,15.333333015441895,15.6986665725708,44094000,0.0031036038358105422,15.022213344573975,15.594623284339905
2015-12-04,15.358667373657227,15.5513334274292,15.177332878112793,15.497332572937012,38604000,-0.010012412396463,14.978560047149658,15.599046621322632
2015-12-07,15.408666610717773,15.708666801452637,15.076666831970215,15.180000305175781,47163000,0.003255441103328094,14.944186725616454,15.606976618766785
2015-12-08,15.114666938781738,15.25333309173584,14.946666717529297,15.168000221252441,40314000,-0.01908015011055786,14.915240058898926,15.61451328754425
2015-12-09,14.968000411987305,15.166666984558105,14.714667320251465,15.113332748413086,45867000,-0.009703589724369799,14.88573341369629,15.621433291435242
2015-12-10,15.137999534606934,15.232666969299316,14.909333229064941,14.980667114257812,31075500,0.011357503870956798,14.85729341506958,15.62805995464325
2015-12-11,14.468000411987305,15.050000190734863,14.442667007446289,15.015999794006348,49030500,-0.044259422857554354,14.826813430786133,15.63261995792389
2015-12-14,14.571999549865723,14.727999687194824,14.324666976928711,14.500666618347168,42406500,0.007188217785247586,14.788160076141358,15.63970329284668
2015-12-15,14.739333152770996,14.814666748046875,14.533332824707031,14.788000106811523,33666000,0.011483228662796385,14.754746742248535,15.646879959106446
2015-12-16,15.633999824523926,15.658666610717773,14.715332984924316,14.80666732788086,76564500,0.06069926383234869,14.745480060577393,15.65756995677948
2015-12-17,15.559332847595215,15.850666999816895,15.320667266845703,15.595999717712402,49479000,-0.004775935638145934,14.747386722564697,15.668489956855774
2015-12-18,15.36400032043457,15.726667404174805,15.28600025177002,15.526000022888184,45213000,-0.01255404258485504,14.752373390197754,15.68068329334259
2015-12-21,15.503999710083008,15.722000122070312,15.405332565307617,15.446000099182129,29298000,0.009112170445755297,14.768200035095214,15.694576625823975
2015-12-22,15.329999923706055,15.770000457763672,15.308667182922363,15.666000366210938,29422500,-0.011222896648004466,14.787360038757324,15.707786626815796
2015-12-23,15.313332557678223,15.563332557678223,15.208666801452637,15.478667259216309,23325000,-0.001087238493853948,14.801293354034424,15.719773287773132
2015-12-24,15.371333122253418,15.458666801452637,15.218667030334473,15.370667457580566,10620000,0.003787586036986701,14.81954668045044,15.732939953804015
2015-12-28,15.263333320617676,15.465332984924316,15.03600025177002,15.432666778564453,28519500,-0.007026053028503343,14.829733352661133,15.746363286972047
2015-12-29,15.812666893005371,15.847999572753906,15.303333282470703,15.337332725524902,36094500,0.03599040660703223,14.843306694030762,15.760193285942078
2015-12-30,15.87266731262207,16.242000579833984,15.711333274841309,15.773332595825195,55468500,0.003794452891639599,14.85662670135498,15.774646620750428
2015-12-31,16.000667572021484,16.229999542236328,15.891332626342773,15.900667190551758,40725000,0.008064193426244648,14.892600059509277,15.787746624946594
2016-01-04,14.894000053405762,15.425333023071289,14.600000381469727,15.381333351135254,102406500,-0.06916383417344563,14.910360069274903,15.796999959945678
2016-01-05,14.895333290100098,15.12600040435791,14.666666984558105,15.090666770935059,47802000,8.951501876963697e-05,14.92597339630127,15.805449962615967
2016-01-06,14.602666854858398,14.670000076293945,14.398667335510254,14.666666984558105,56686500,-0.019648196488239345,14.939240074157714,15.811919960975647
2016-01-07,14.376667022705078,14.562666893005371,14.244667053222656,14.279333114624023,53314500,-0.015476613580219345,14.939760074615478,15.816563296318055
2016-01-08,14.066666603088379,14.696000099182129,14.0513334274292,14.52400016784668,54421500,-0.021562746019443524,14.940626754760743,15.822129964828491
2016-01-11,13.856666564941406,14.296667098999023,13.533332824707031,14.267333030700684,61371000,-0.014928912731952182,14.93381341934204,15.827943296432496
2016-01-12,13.998000144958496,14.249333381652832,13.687333106994629,14.106666564941406,46378500,0.01019968109607805,14.931600074768067,15.836266632080077
2016-01-13,13.354000091552734,14.176667213439941,13.333333015441895,14.133999824523926,61896000,-0.04600657570629507,14.922773418426514,15.839513297080993
2016-01-14,13.745332717895508,14.0,12.892000198364258,13.480667114257812,97360500,0.029304524761110118,14.912626724243164,15.845316624641418
2016-01-15,13.666000366210938,13.671333312988281,13.149999618530273,13.264666557312012,83679000,-0.005771584676250496,14.908146724700927,15.851116628646851
2016-01-19,13.64799976348877,14.031332969665527,13.385333061218262,13.913999557495117,60580500,-0.0013171814898143008,14.87226671218872,15.855689964294434
2016-01-20,13.24666690826416,13.41866683959961,12.75,13.293333053588867,87579000,-0.02940598345394596,14.828173389434815,15.85422329902649
2016-01-21,13.33133316040039,13.548666954040527,13.001333236694336,13.436667442321777,47493000,0.006391513633018819,14.78498670578003,15.853129963874817
2016-01-22,13.50333309173584,13.699999809265137,13.268667221069336,13.653332710266113,46861500,0.012901930307042342,14.754613361358643,15.851423292160034
2016-01-25,13.092000007629395,13.571332931518555,13.058667182922363,13.337332725524902,40480500,-0.030461596504509303,14.727786693572998,15.846853294372558
2016-01-26,12.904000282287598,13.187999725341797,12.592000007629395,13.113332748413086,74463000,-0.014359893464118478,14.693760032653808,15.841073293685913
2016-01-27,12.538000106811523,12.883999824523926,12.38466739654541,12.825332641601562,54258000,-0.028363311180212625,14.660600032806396,15.83383662700653
2016-01-28,12.646666526794434,12.751999855041504,12.160667419433594,12.719332695007324,68892000,0.00866696594809202,14.637280025482177,15.827916626930238
2016-01-29,12.74666690826416,12.916000366210938,12.538666725158691,12.66333293914795,42784500,0.007907252180474389,14.60646671295166,15.822373294830323
2016-02-01,13.129332542419434,13.3013334274292,12.183333396911621,12.583999633789062,79464000,0.030020838930620908,14.583720016479493,15.819119958877563
2016-02-02,12.185333251953125,12.874667167663574,12.01533317565918,12.82800006866455,86604000,-0.07190002137704643,14.532666683197021,15.81111662387848
2016-02-03,11.565333366394043,12.262666702270508,11.345333099365234,12.239333152770996,118971000,-0.05088083130264043,14.468240013122559,15.80051995754242
2016-02-04,11.688667297363281,11.732000350952148,11.13266658782959,11.380000114440918,65781000,0.010664105137480506,14.408666706085205,15.789159960746765
2016-02-05,10.84000015258789,11.533332824707031,10.515999794006348,11.420000076293945,141564000,-0.07260598006471042,14.335133361816407,15.770213298797607
2016-02-08,9.866000175476074,10.476667404174805,9.733332633972168,10.473333358764648,139695000,-0.08985239514773324,14.24145336151123,15.746676635742187
2016-02-09,9.883333206176758,10.652667045593262,9.403332710266113,9.48799991607666,129774000,0.0017568447590106118,14.132933368682862,15.72328330039978
2016-02-10,9.57800006866455,10.33133316040039,9.449333190917969,10.033332824707031,156097500,-0.03089374112383303,14.015680027008056,15.693989963531495
2016-02-11,10.031332969665527,10.883999824523926,9.800000190734863,10.133333206176758,213786000,0.04733064290572564,13.909293346405029,15.667319965362548
2016-02-12,10.06933307647705,10.46733283996582,9.579999923706055,10.333333015441895,108537000,0.0037881413094784655,13.794426670074463,15.640183296203613
2016-02-16,10.344667434692383,10.863332748413086,10.27400016784668,10.579999923706055,83907000,0.027343852480015807,13.69200002670288,15.616556634902954
2016-02-17,11.245332717895508,11.28933334350586,10.445332527160645,10.600000381469727,87378000,0.08706565860035376,13.606626682281494,15.59743996143341
2016-02-18,11.118000030517578,11.529999732971191,10.98466682434082,11.494667053222656,58314000,-0.011323158733693717,13.5218133354187,15.576193294525147
2016-02-19,11.10533332824707,11.166000366210938,10.833333015441895,10.910667419433594,44391000,-0.0011392968371775059,13.435746669769287,15.554069962501526
2016-02-22,11.849332809448242,11.927332878112793,11.323332786560059,11.341333389282227,75901500,0.06699479062990088,13.370439987182618,15.536506624221802
2016-02-23,11.814000129699707,12.11533260345459,11.578666687011719,11.744000434875488,89766000,-0.0029818286241705128,13.307359981536866,15.516643290519715
2016-02-24,11.933333396911621,11.966667175292969,11.189332962036133,11.516667366027832,80934000,0.010101004393246793,13.243266658782959,15.497439956665039
2016-02-25,12.495332717895508,12.567999839782715,11.680000305175781,11.90999984741211,86260500,0.047094914915335684,13.203813304901123,15.48008662223816
2016-02-26,12.689332962036133,12.800000190734863,12.333333015441895,12.579999923706055,90976500,0.015525816600528097,13.16615997314453,15.461953287124635
2016-02-29,12.795332908630371,13.09000015258789,12.614666938781738,12.826666831970215,67485000,0.008353468768718342,13.12727996826172,15.444869952201843
2016-03-01,12.423333168029785,13.063332557678223,12.180000305175781,12.949999809265137,100683000,-0.029073080259574557,13.063066635131836,15.425619955062865
2016-03-02,12.555999755859375,12.567999839782715,12.100000381469727,12.248666763305664,72936000,0.010678823954507921,13.002999973297118,15.405453290939331
2016-03-03,13.049332618713379,13.161333084106445,12.281332969665527,12.552000045776367,72435000,0.039290607872446426,12.956706619262695,15.38778329372406
2016-03-04,13.402667045593262,13.60200023651123,13.166666984558105,13.199999809265137,97336500,0.02707681972740761,12.914679965972901,15.37241662979126
2016-03-07,13.685999870300293,13.979999542236328,13.15999984741211,13.178667068481445,79941000,0.021140033080221166,12.881799964904785,15.359396624565125
2016-03-08,13.506667137145996,13.833333015441895,13.479999542236328,13.566666603088379,62680500,-0.013103370952345483,12.84566665649414,15.345056629180908
2016-03-09,13.914667129516602,13.958000183105469,13.519332885742188,13.63466739654541,48129000,0.030207303417474796,12.816533336639404,15.332053298950195
2016-03-10,13.678667068481445,14.219332695007324,13.378000259399414,14.0,77887500,-0.01696052509474255,12.78484001159668,15.317959966659545
2016-03-11,13.833333015441895,13.961333274841309,13.688667297363281,13.862000465393066,50146500,0.011307091998520313,12.74525333404541,15.304649968147277
2016-03-14,14.34333324432373,14.447999954223633,14.042667388916016,14.176667213439941,60985500,0.036867487272411736,12.714666652679444,15.29254997253418
2016-03-15,14.555999755859375,14.597999572753906,14.100000381469727,14.284667015075684,47707500,0.014826854254383681,12.685773296356201,15.281729974746703
2016-03-16,14.795332908630371,14.838666915893555,14.468000411987305,14.533332824707031,52750500,0.01644223390939903,12.683799953460694,15.272556643486023
2016-03-17,15.092000007629395,15.233332633972168,14.666666984558105,14.764666557312012,56743500,0.02005139734476491,12.687733287811279,15.265233306884765
2016-03-18,15.515999794006348,15.631999969482422,15.204000473022461,15.273332595825195,70677000,0.028094340456043643,12.705999946594238,15.259816641807555
2016-03-21,15.887999534606934,15.991999626159668,15.666666984558105,15.689332962036133,79617000,0.023975234953553137,12.736226596832275,15.257283306121826
2016-03-22,15.616000175476074,15.932666778564453,15.503999710083008,15.814000129699707,64740000,-0.01711979903690175,12.76721326828003,15.252316641807557
2016-03-23,14.838666915893555,15.648667335510254,14.802000045776367,15.4913330078125,74232000,-0.04977800018235601,12.786853275299073,15.2410799741745
2016-03-24,15.183333396911621,15.259332656860352,14.333333015441895,14.385333061218262,74413500,0.0232275906570083,12.810559940338134,15.231663303375244
2016-03-28,15.350666999816895,15.654000282287598,15.0,15.440667152404785,58885500,0.011020873910291051,12.850493278503418,15.224849972724915
2016-03-29,15.342000007629395,15.491999626159668,15.022000312805176,15.326000213623047,60214500,-0.0005646003647661324,12.882426624298096,15.217756633758546
2016-03-30,15.12600040435791,15.699999809265137,15.100000381469727,15.672666549682617,60495000,-0.014078972960765879,12.911626625061036,15.209823298454285
2016-03-31,15.317999839782715,15.82800006866455,15.000666618347168,15.28933334350586,120193500,0.012693337980441255,12.945026626586914,15.202953300476075
2016-04-01,15.839332580566406,16.52666664123535,15.550000190734863,16.32200050354004,239962500,0.03403399570678456,12.99687994003296,15.19777663230896
2016-04-04,16.465999603271484,16.808000564575195,16.242666244506836,16.607999801635742,202129500,0.039563979070301736,13.05957326889038,15.193303298950195
2016-04-05,17.031333923339844,17.104000091552734,16.0,16.03333282470703,149230500,0.03433343457363125,13.130133285522462,15.191163301467896
2016-04-06,17.69466781616211,17.849332809448242,16.89666748046875,16.931333541870117,175582500,0.038947853163352475,13.222186641693115,15.192133302688598
2016-04-07,17.14666748046875,17.95599937438965,16.96733283996582,17.76333236694336,132843000,-0.030969800698537053,13.307039985656738,15.191269979476928
2016-04-08,16.67133331298828,17.38800048828125,16.534666061401367,17.366666793823242,110458500,-0.02772166475041915,13.389706649780273,15.185403308868409
2016-04-11,16.661333084106445,17.266000747680664,16.35333251953125,16.733333587646484,137425500,-0.0005998457768249255,13.469999980926513,15.18031997680664
2016-04-12,16.521333694458008,16.786666870117188,16.242000579833984,16.633333206176758,86448000,-0.008402652353309281,13.54549331665039,15.173329982757569
2016-04-13,16.968666076660156,17.03333282470703,16.488666534423828,16.567333221435547,73884000,0.0270760454618868,13.622279987335205,15.169143314361571
2016-04-14,16.790666580200195,17.12266731262207,16.73666763305664,16.866666793823242,61983000,-0.010489893292484176,13.714386653900146,15.165756645202636
2016-04-15,16.96733283996582,16.97333335876465,16.607999801635742,16.753999710083008,56286000,0.010521694235412493,13.822426643371582,15.161173305511475
2016-04-18,16.92533302307129,17.220666885375977,16.777332305908203,16.815332412719727,64071000,-0.002475334060495493,13.927159957885742,15.156083307266236
2016-04-19,16.4913330078125,16.95800018310547,16.083332061767578,16.874666213989258,95362500,-0.02564203697895895,14.040186614990235,15.145199975967408
2016-04-20,16.6646671295166,16.910667419433594,16.100000381469727,16.417333602905273,77911500,0.010510619221744344,14.176159954071045,15.135283308029175
2016-04-21,16.55266761779785,16.726667404174805,16.46066665649414,16.599332809448242,41746500,-0.006720777009723511,14.309546642303467,15.128753309249879
2016-04-22,16.916667938232422,16.933332443237305,16.380666732788086,16.592666625976562,56794500,0.021990432529629622,14.456319999694824,15.128349981307984
2016-04-25,16.788000106811523,17.158666610717773,16.71733283996582,16.867332458496094,55054500,-0.007605979610801672,14.591453342437744,15.12631664276123
2016-04-26,16.916000366210938,17.048667907714844,16.625999450683594,16.803333282470703,48357000,0.007624509088934195,14.728386688232423,15.124513311386108
2016-04-27,16.764667510986328,17.0,16.626667022705078,16.850000381469727,48087000,-0.008946136908751234,14.856786689758302,15.120949983596802
2016-04-28,16.513999938964844,16.89533233642578,16.496000289916992,16.656667709350586,37785000,-0.014952135009967504,14.962160034179687,15.114969987869262
2016-04-29,16.05066680908203,16.562000274658203,15.854000091552734,16.542667388916016,81207000,-0.028056989923414988,15.060813369750976,15.107509984970093
2016-05-02,16.1200008392334,16.21266746520996,15.654666900634766,16.100000381469727,57658500,0.004319697802968259,15.161106719970704,15.099216651916503
2016-05-03,15.48799991607666,15.927332878112793,15.441332817077637,15.824000358581543,64533000,-0.03920601056164674,15.233880062103271,15.085103316307068
2016-05-04,14.837332725524902,15.630666732788086,14.69333267211914,15.352666854858398,130507500,-0.04201105333661326,15.294346714019776,15.065203313827515
2016-05-05,14.10200023651123,15.242667198181152,13.986000061035156,15.230667114257812,168822000,-0.04955961442777834,15.337720050811768,15.046789984703064
2016-05-06,14.328666687011719,14.424667358398438,13.87399959564209,14.057999610900879,85278000,0.016073354609201562,15.374386730194091,15.029143319129943
2016-05-09,13.928000450134277,14.40999984741211,13.786666870117188,14.381333351135254,71646000,-0.02796256243720341,15.399160079956054,15.009716653823853
2016-05-10,13.912667274475098,13.964667320251465,13.666666984558105,13.83666706085205,61059000,-0.0011008885097381071,15.42150676727295,14.990809988975524
2016-05-11,13.93066692352295,14.36533260345459,13.736666679382324,13.839332580566406,77428500,0.0012937597581215154,15.451653442382813,14.97612666130066
2016-05-12,13.8186674118042,14.111332893371582,13.577333450317383,14.095999717712402,54757500,-0.00803978103371572,15.476906795501709,14.956946663856506
2016-05-13,13.840666770935059,14.079999923706055,13.779999732971191,13.85200023651123,42342000,0.001592002938870074,15.492733478546143,14.938210000991822
2016-05-16,13.88599967956543,14.210000038146973,13.861332893371582,13.876667022705078,44241000,0.003275341382076302,15.502400131225587,14.91871000289917
2016-05-17,13.644000053405762,13.98799991607666,13.601332664489746,13.936667442321777,42654000,-0.01742759842604591,15.501560134887695,14.898213334083557
2016-05-18,14.07800006866455,14.354000091552734,13.850000381469727,13.94333267211914,84262500,0.03180885470243422,15.512986793518067,14.881940002441405
2016-05-19,14.347332954406738,14.452667236328125,13.819999694824219,14.2413330078125,102994500,0.01913147353519906,15.52164011001587,14.864916663169861
2016-05-20,14.685333251953125,14.703332901000977,14.423333168029785,14.465999603271484,135106500,0.023558406194412074,15.541773433685302,14.84829999446869
2016-05-23,14.414667129516602,14.84000015258789,14.390666961669922,14.657999992370605,76537500,-0.01843105074925866,15.553400115966797,14.838329997062683
2016-05-24,14.52733325958252,14.582667350769043,14.345333099365234,14.4399995803833,45207000,0.007816075741021722,15.557080116271973,14.83012999534607
2016-05-25,14.638667106628418,14.757332801818848,14.434000015258789,14.52733325958252,46902000,0.0076637497781955055,15.558733463287354,14.822943329811096
2016-05-26,15.008000373840332,15.017333030700684,14.603333473205566,14.699999809265137,61086000,0.02522997924071091,15.562986812591554,14.818859996795654
2016-05-27,14.869333267211914,15.062000274658203,14.716667175292969,14.999333381652832,54754500,-0.00923954578720032,15.558533477783204,14.813816661834716
2016-05-31,14.881999969482422,14.983332633972168,14.766667366027832,14.869333267211914,41835000,0.0008518675345341453,15.545853481292724,14.807389993667602
2016-06-01,14.637332916259766,14.826666831970215,14.459333419799805,14.76533317565918,44740500,-0.016440468601288782,15.520840148925782,14.799526662826539
2016-06-02,14.597332954406738,14.660667419433594,14.473999977111816,14.63933277130127,30492000,-0.0027327356754038856,15.500466804504395,14.787516665458678
2016-06-03,14.599332809448242,14.795999526977539,14.534000396728516,14.666666984558105,33435000,0.00013700139934802458,15.495680122375488,14.773606667518616
2016-06-06,14.711999893188477,14.726667404174805,14.363332748413086,14.533332824707031,33742500,0.007717276207808599,15.486253452301025,14.76208333492279
2016-06-07,15.489333152770996,15.629332542419434,14.767999649047852,14.815999984741211,93204000,0.05283668197567204,15.489026775360108,14.758803339004517
2016-06-08,15.701333045959473,16.05666732788086,15.507332801818848,15.58666706085205,89580000,0.013686831518021192,15.496213436126709,14.760386667251588
2016-06-09,15.290666580200195,15.688667297363281,15.137332916259766,15.665332794189453,67381500,-0.026154878987485475,15.499506759643555,14.763883333206177
2016-06-10,14.586000442504883,15.197999954223633,14.561332702636719,15.159333229064941,90399000,-0.0460847232525351,15.484866771697998,14.763470001220703
2016-06-13,14.524666786193848,15.0513334274292,14.510666847229004,14.633333206176758,62895000,-0.00420496739684062,15.458573455810546,14.761146669387818
2016-06-14,14.330666542053223,14.813332557678223,14.16866683959961,14.592000007629395,53703000,-0.013356605490256634,15.415866794586181,14.751803336143494
2016-06-15,14.513333320617676,14.793333053588867,14.342000007629395,14.463333129882812,43627500,0.012746565418183309,15.365506782531739,14.741543340682984
2016-06-16,14.528667449951172,14.53600025177002,14.233332633972168,14.494667053222656,36604500,0.0010565546173815221,15.30218677520752,14.731166677474976
2016-06-17,14.364666938781738,14.666000366210938,14.300000190734863,14.52066707611084,46689000,-0.011288062840889457,15.246546764373779,14.723446679115295
2016-06-20,14.646666526794434,14.916666984558105,14.548666954040527,14.633333206176758,53332500,0.019631474173017693,15.206053428649902,14.714116678237914
2016-06-21,14.640666961669922,14.838000297546387,14.587332725524902,14.711999893188477,67935000,-0.0004096198348979563,15.165640106201172,14.705463352203369
2016-06-22,13.11066722869873,13.729999542236328,13.050000190734863,13.29800033569336,356136000,-0.10450341756812143,15.097426776885987,14.690373349189759
2016-06-23,13.09333324432373,13.170000076293945,12.808667182922363,13.045999526977539,151960500,-0.001322128315258908,15.019920120239258,14.673116683959961
2016-06-24,12.876667022705078,13.008000373840332,12.648667335510254,12.670000076293945,105397500,-0.016547827629193046,14.941640129089356,14.654530019760132
2016-06-27,13.236666679382324,13.253999710083008,12.524666786193848,12.723999977111816,108081000,0.027957518513328727,14.867026805877686,14.637886691093446
2016-06-28,13.452667236328125,13.603333473205566,13.293999671936035,13.459333419799805,93186000,0.016318349791359932,14.797573490142822,14.621736693382264
2016-06-29,14.012666702270508,14.118666648864746,13.533332824707031,13.675333023071289,89923500,0.041627392999816326,14.748000164031982,14.607403359413148
2016-06-30,14.152000427246094,14.233332633972168,13.934666633605957,14.197999954223633,72646500,0.009943412480724279,14.697746829986572,14.593640027046204
2016-07-01,14.433333396911621,14.549332618713379,13.733332633972168,13.742667198181152,81000000,0.019879378262587677,14.655360145568848,14.57839002609253
2016-07-05,14.26533317565918,14.302666664123535,13.866666793823242,13.982000350952148,77629500,-0.011639738141737244,14.602333450317383,14.562360029220581
2016-07-06,14.295999526977539,14.34866714477539,13.933333396911621,14.0,73798500,0.002149711537805965,14.552493438720703,14.546966695785523
2016-07-07,14.395999908447266,14.541333198547363,14.200667381286621,14.206666946411133,54180000,0.006994990541306256,14.502093429565429,14.530880031585694
2016-07-08,14.45199966430664,14.654000282287598,14.300000190734863,14.520000457763672,61122000,0.0038899525017721537,14.455840072631837,14.51616003036499
2016-07-11,14.985333442687988,15.118666648864746,14.633999824523926,14.663999557495117,81447000,0.036903805062947104,14.425266742706299,14.504066700935363
2016-07-12,14.976667404174805,15.166666984558105,14.881333351135254,14.9399995803833,68569500,-0.0005783013468687592,14.403786754608154,14.491243376731873
2016-07-13,14.835332870483398,15.03933334350586,14.685999870300293,15.033332824707031,53506500,-0.009436981531152133,14.378093395233154,14.4797833776474
2016-07-14,14.768667221069336,14.996000289916992,14.736666679382324,14.874667167663574,40137000,-0.004493707690691684,14.363706741333008,14.470816712379456
2016-07-15,14.69333267211914,14.850000381469727,14.642666816711426,14.834667205810547,33513000,-0.005100971389125797,14.360826740264892,14.462066712379455
2016-07-18,15.083333015441895,15.13933277130127,14.553333282470703,14.642666816711426,51181500,0.026542674288099866,14.380453395843507,14.454683380126953
2016-07-19,15.017333030700684,15.273332595825195,14.983332633972168,15.0,46726500,-0.004375689688323026,14.394226722717285,14.449810047149658
2016-07-20,15.223999977111816,15.319999694824219,15.0,15.097999572753906,38527500,0.013761894071912417,14.420146713256836,14.443406710624695
2016-07-21,14.699999809265137,15.1899995803833,14.606666564941406,15.066666603088379,66430500,-0.03441934896442955,14.435893363952637,14.43485671043396
2016-07-22,14.817999839782715,14.966667175292969,14.592000007629395,14.799332618713379,38695500,0.0080272130645338,14.453640022277831,14.428460040092467
2016-07-25,15.333999633789062,15.425999641418457,14.758000373840332,14.817999839782715,67360500,0.03482249963460071,14.483946666717529,14.427810039520264
2016-07-26,15.300666809082031,15.333333015441895,15.020000457763672,15.179332733154297,51450000,-0.002173785411705653,14.513146667480468,14.428740038871766
2016-07-27,15.232666969299316,15.557332992553711,15.128000259399414,15.28933334350586,43335000,-0.0044442402825445315,14.540080013275146,14.431340036392212
2016-07-28,15.37399959564209,15.383999824523926,15.106666564941406,15.196666717529297,36286500,0.0092782587991731,14.574680004119873,14.43635003566742
2016-07-29,15.652667045593262,15.685333251953125,15.349332809448242,15.380000114440918,46062000,0.0181258915884297,14.606173343658448,14.44153003692627
2016-08-01,15.333999633789062,15.775333404541016,15.291999816894531,15.699999809265137,60244500,-0.02035866545145193,14.625906677246094,14.445906701087951
2016-08-02,15.146666526794434,15.324666976928711,14.760000228881836,15.291333198547363,59016000,-0.012216845667703868,14.63513334274292,14.447870035171508
2016-08-03,15.052666664123535,15.313332557678223,14.947333335876465,15.157999992370605,58317000,-0.006205976906180188,14.647893333435059,14.447463369369506
2016-08-04,15.37399959564209,15.390666961669922,14.803333282470703,15.045999526977539,62205000,0.02134724289646428,14.66482666015625,14.448300032615661
2016-08-05,15.335332870483398,15.466667175292969,15.15999984741211,15.333333015441895,48078000,-0.00251507260151429,14.67875997543335,14.453966698646546
2016-08-08,15.077333450317383,15.30666732788086,15.072667121887207,15.199999809265137,33954000,-0.01682385523320451,14.68014663696289,14.45932336807251
2016-08-09,15.272000312805176,15.435999870300293,15.109999656677246,15.121333122253418,33117000,0.012911226187923619,14.688199977874756,14.465110034942628
2016-08-10,15.043333053588867,15.324666976928711,14.974666595458984,15.215999603271484,35074500,-0.014972973712197857,14.691426639556886,14.47063003540039
2016-08-11,14.994000434875488,15.171333312988281,14.894000053405762,15.07800006866455,28213500,-0.003279367580152681,14.6985599899292,14.473846702575683
2016-08-12,15.040666580200195,15.109999656677246,14.935999870300293,15.02733325958252,27202500,0.003112321193226242,14.707426662445068,14.478933372497558
2016-08-15,15.03933334350586,15.300000190734863,14.995332717895508,15.067999839782715,30514500,-8.864212814152506e-05,14.71622667312622,14.483143372535705
2016-08-16,14.907333374023438,15.145999908447266,14.894000053405762,15.03266716003418,34006500,-0.008776982760304364,14.720133342742919,14.487136702537537
2016-08-17,14.88266658782959,14.988666534423828,14.853333473205566,14.95533275604248,26806500,-0.0016546746205348128,14.708000011444092,14.492573370933533
2016-08-18,14.900667190551758,15.043999671936035,14.81933307647705,14.921333312988281,25717500,0.001209501174802119,14.691986694335938,14.495813369750977
2016-08-19,15.0,15.011333465576172,14.835332870483398,14.902667045593262,24892500,0.006666333002271596,14.686173362731934,14.501363368034363
2016-08-22,14.862000465393066,15.007332801818848,14.845333099365234,14.944666862487793,30982500,-0.009199968973795603,14.691693363189698,14.498463368415832
2016-08-23,14.989333152770996,15.232666969299316,14.853333473205566,14.954667091369629,71766000,0.00856766810594789,14.70098669052124,14.49615336894989
2016-08-24,14.841333389282227,15.143333435058594,14.814666748046875,15.136667251586914,38560500,-0.009873672296182856,14.71120002746582,14.492906699180603
2016-08-25,14.730667114257812,14.920000076293945,14.718000411987305,14.87399959564209,26437500,-0.007456626175134096,14.715546703338623,14.491450033187867
2016-08-26,14.666000366210938,14.857333183288574,14.588000297546387,14.809332847595215,33585000,-0.004389940220988597,14.718293361663818,14.492613368034363
2016-08-29,14.346667289733887,14.69333267211914,14.333333015441895,14.676667213439941,48994500,-0.021773698929720697,14.71793336868286,14.491320037841797
2016-08-30,14.089332580566406,14.407333374023438,14.034667015075684,14.407333374023438,47533500,-0.017936898094209175,14.706786689758301,14.490786700248718
2016-08-31,14.133999824523926,14.173333168029785,13.90999984741211,14.028667449951172,49147500,0.003170288138355737,14.696653347015381,14.492393364906311
2016-09-01,13.38466739654541,14.073332786560059,13.366666793823242,13.934000015258789,119146500,-0.05301630375559707,14.702133350372314,14.487880039215089
2016-09-02,13.185333251953125,13.546667098999023,13.079999923706055,13.488666534423828,89661000,-0.014892723045455192,14.703973350524903,14.482473368644714
2016-09-06,13.522000312805176,13.550000190734863,13.266667366027832,13.267999649047852,65859000,0.0255334510261378,14.716880016326904,14.476393370628356
2016-09-07,13.447333335876465,13.766667366027832,13.380666732788086,13.699999809265137,54613500,-0.0055218884189791595,14.721093349456787,14.469696702957153
2016-09-08,13.157333374023438,13.326000213623047,13.090666770935059,13.303333282470703,50668500,-0.021565611159450437,14.715186672210693,14.462146706581116
2016-09-09,12.964667320251465,13.32800006866455,12.91333293914795,13.272666931152344,56355000,-0.014643244819832146,14.694226684570312,14.454386706352233
2016-09-12,13.220000267028809,13.424667358398438,12.9399995803833,13.0,55728000,0.019694523621018867,14.675586681365967,14.447736706733703
2016-09-13,13.069999694824219,13.232666969299316,12.896666526794434,13.137332916259766,53841000,-0.011346487834701269,14.64832000732422,14.436540040969849
2016-09-14,13.093999862670898,13.194666862487793,12.990667343139648,13.050000190734863,33817500,0.0018362791436163928,14.624893341064453,14.42480670452118
2016-09-15,13.361332893371582,13.501333236694336,13.09333324432373,13.099332809448242,46158000,0.020416452841336197,14.606200008392333,14.414860033988953
2016-09-16,13.69333267211914,13.713333129882812,13.266667366027832,13.361332893371582,46617000,0.02484780383791363,14.59214666366577,14.404263362884521
2016-09-19,13.755999565124512,13.961999893188477,13.666666984558105,13.800000190734863,34492500,0.00457645297210707,14.578226661682129,14.395713362693787
2016-09-20,13.642666816711426,13.850000381469727,13.593999862670898,13.789999961853027,36157500,-0.008238786856348712,14.551373329162598,14.386356697082519
2016-09-21,13.6813325881958,13.800000190734863,13.437333106994629,13.758000373840332,39502500,0.0028341798567572685,14.525466632843017,14.377970023155212
2016-09-22,13.76200008392334,13.8186674118042,13.533332824707031,13.760000228881836,35743500,0.005896172409194822,14.503999977111816,14.36973669052124
2016-09-23,13.829999923706055,14.01200008392334,13.711333274841309,13.732666969299316,43578000,0.004941130603694166,14.48522663116455,14.363313355445861
2016-09-26,13.932666778564453,14.066666603088379,13.766667366027832,13.766667366027832,35916000,0.007423489184726462,14.470013313293457,14.358136687278748
2016-09-27,13.720666885375977,13.998666763305664,13.640666961669922,13.976667404174805,50598000,-0.015216031256459872,14.442759990692139,14.351050024032594
2016-09-28,13.751333236694336,13.883333206176758,13.684000015258789,13.833999633789062,31326000,0.002235048163077513,14.417439994812012,14.347466688156128
2016-09-29,13.380000114440918,13.821999549865723,13.371999740600586,13.706666946411133,40905000,-0.027003426930455432,14.380559997558594,14.341506690979005
2016-09-30,13.60200023651123,13.665332794189453,13.303333282470703,13.480667114257812,38794500,0.016591937232549814,14.358600006103515,14.335820026397705
2016-10-03,14.24666690826416,14.378000259399414,13.883333206176758,14.153332710266113,89998500,0.047394990482537924,14.347173347473145,14.328883361816406
2016-10-04,14.093999862670898,14.221332550048828,13.921333312988281,14.206666946411133,53122500,-0.010715983364832038,14.322373352050782,14.321556696891784
2016-10-05,13.897333145141602,14.210000038146973,13.874667167663574,14.149333000183105,28162500,-0.013953932130380098,14.294306678771973,14.31422336101532
2016-10-06,13.399999618530273,13.61400032043457,13.347332954406738,13.497332572937012,70551000,-0.03578625635704735,14.257653331756591,14.303703360557556
2016-10-07,13.107333183288574,13.421333312988281,13.053333282470703,13.399999618530273,52395000,-0.021840779371141483,14.212320003509522,14.29259002685547
2016-10-10,13.396666526794434,13.609333038330078,13.310667037963867,13.423333168029785,49744500,0.02207415798926582,14.167199993133545,14.28300669670105
2016-10-11,13.34000015258789,13.479999542236328,13.220666885375977,13.456666946411133,34926000,-0.004229886150648454,14.12732000350952,14.272850031852721
2016-10-12,13.434000015258789,13.592000007629395,13.361332893371582,13.396666526794434,29560500,0.007046466386483763,14.093066673278809,14.263703365325927
2016-10-13,13.349332809448242,13.393333435058594,13.136667251586914,13.366666793823242,37419000,-0.006302456879140883,14.058999996185303,14.251386694908142
2016-10-14,13.100666999816895,13.428667068481445,13.08666706085205,13.37733268737793,64048500,-0.018627583354229538,14.013533344268799,14.237526693344115
2016-10-17,12.93066692352295,13.22599983215332,12.800000190734863,13.136667251586914,68311500,-0.012976444351751049,13.96544002532959,14.222176690101623
2016-10-18,13.273332595825195,13.29800033569336,12.883999824523926,13.065999984741211,85207500,0.02650023191602613,13.929360008239746,14.21407335281372
2016-10-19,13.570667266845703,13.77733325958252,13.204000473022461,13.315999984741211,104868000,0.02240090564098618,13.895333347320557,14.207450022697449
2016-10-20,13.273332595825195,13.533332824707031,13.136667251586914,13.474666595458984,76093500,-0.021910099567979402,13.859933338165284,14.200803351402282
2016-10-21,13.339332580566406,13.437999725341797,13.160667419433594,13.239999771118164,44151000,0.00497237481730628,13.826839981079102,14.19561667919159
2016-10-24,13.517333030700684,13.596667289733887,13.350000381469727,13.399999618530273,41274000,0.013344029700076643,13.79637331008911,14.192870011329651
2016-10-25,13.489333152770996,13.645999908447266,13.41333293914795,13.526666641235352,36675000,-0.0020714054958987926,13.765373306274414,14.1910333442688
2016-10-26,13.482666969299316,13.545999526977539,13.34000015258789,13.399999618530273,84492000,-0.0004941818395456377,13.736879978179932,14.188456678390503
2016-10-27,13.600666999816895,14.24666690826416,13.44333267211914,14.089332580566406,196405500,0.008751979915121444,13.711239986419677,14.189690012931823
2016-10-28,13.33133316040039,13.687999725341797,13.321999549865723,13.600000381469727,64201500,-0.0198029875608402,13.67985330581665,14.187620015144349
2016-10-31,13.182000160217285,13.499333381652832,13.053999900817871,13.499333381652832,70384500,-0.011201655407329203,13.643493309020997,14.185200014114379
2016-11-01,12.719332695007324,13.233332633972168,12.540666580200195,13.202667236328125,105900000,-0.03509842661102913,13.600639953613282,14.180556678771973
2016-11-02,12.534667015075684,12.846667289733887,12.500666618347168,12.670000076293945,63801000,-0.014518503789442305,13.551546630859375,14.176996679306031
2016-11-03,12.494667053222656,12.764666557312012,12.469332695007324,12.600000381469727,39795000,-0.0031911467456550158,13.504613304138184,14.172813348770141
2016-11-04,12.704000473022461,12.897333145141602,12.397333145141602,12.600000381469727,77190000,0.01675382136299608,13.464079971313476,14.168816685676575
2016-11-07,12.880666732788086,12.952667236328125,12.670000076293945,12.906000137329102,58051500,0.013906348645120303,13.42837329864502,14.167760019302369
2016-11-08,12.996000289916992,13.166000366210938,12.750666618347168,12.919333457946777,49014000,0.008954005217394645,13.401359958648682,14.168220019340515
2016-11-09,12.670666694641113,12.800000190734863,12.263333320617676,12.458666801452637,122596500,-0.025033363190080093,13.372986640930176,14.168883352279662
2016-11-10,12.356666564941406,12.77400016784668,12.027999877929688,12.736666679382324,101254500,-0.024781658082167812,13.337439975738526,14.167433352470399
2016-11-11,12.570667266845703,12.592000007629395,12.199999809265137,12.28266716003418,59827500,0.017318643404319323,13.321159973144532,14.166553354263305
2016-11-14,12.096667289733887,12.550000190734863,11.879332542419434,12.533332824707031,98283000,-0.03770682709596174,13.299386653900147,14.161390027999879
2016-11-15,12.251333236694336,12.428667068481445,12.136667251586914,12.185333251953125,58530000,0.012785831275339055,13.27397331237793,14.161720027923584
2016-11-16,12.26200008392334,12.315333366394043,12.080666542053223,12.176667213439941,51516000,0.0008706682793555576,13.250266647338867,14.16520336151123
2016-11-17,12.577333450317383,12.63266658782959,12.140666961669922,12.232666969299316,73306500,0.025716307636262092,13.238666648864745,14.169646692276
2016-11-18,12.334667205810547,12.866666793823242,12.333333015441895,12.710000038146973,78154500,-0.019293934240147914,13.226066646575928,14.177120027542115
2016-11-21,12.3013334274292,12.592666625976562,12.293999671936035,12.336000442504883,65415000,-0.0027024465131613162,13.207693309783936,14.18929669380188
2016-11-22,12.744667053222656,12.764666557312012,12.247332572937012,12.38933277130127,84051000,0.03603947721674805,13.201186656951904,14.203603363037109
2016-11-23,12.87600040435791,13.042667388916016,12.600000381469727,12.707332611083984,73378500,0.010304965252273535,13.196826667785645,14.220093364715575
2016-11-25,13.109999656677246,13.149333000183105,12.909333229064941,12.909333229064941,35491500,0.018173287121064252,13.191800003051759,14.235486698150634
2016-11-28,13.074666976928711,13.289999961853027,12.970000267028809,13.031999588012695,67938000,-0.0026950938729078944,13.179426689147949,14.250513367652893
2016-11-29,12.637999534606934,13.11533260345459,12.633333206176758,13.037332534790039,66589500,-0.03339797817354062,13.157066688537597,14.261980028152466
2016-11-30,12.626667022705078,12.792667388916016,12.5,12.733332633972168,53206500,-0.0008967014020552222,13.136746692657471,14.268886699676514
2016-12-01,12.125332832336426,12.5686674118042,12.066666603088379,12.550000190734863,76896000,-0.03970439621692412,13.105626697540282,14.273923363685608
2016-12-02,12.097999572753906,12.325332641601562,12.0,12.192000389099121,60634500,-0.002254227571355849,13.072346687316895,14.278886694908142
2016-12-05,12.453332901000977,12.592666625976562,12.167332649230957,12.167332649230957,61083000,0.029371246552803765,13.044813346862792,14.281906695365906
2016-12-06,12.390000343322754,12.438667297363281,12.178667068481445,12.368000030517578,50874000,-0.0050855909965381585,13.01396001815796,14.28478669643402
2016-12-07,12.876667022705078,12.893333435058594,12.333333015441895,12.40999984741211,81928500,0.03927898836940713,12.99708002090454,14.289503364562988
2016-12-08,12.81933307647705,12.833333015441895,12.63599967956543,12.803333282470703,47911500,-0.004452545532701246,12.978440017700196,14.291123366355896
2016-12-09,12.812000274658203,12.922666549682617,12.720666885375977,12.724666595458984,40837500,-0.0005720111783587001,12.967080020904541,14.291736702919007
2016-12-12,12.828666687011719,12.961333274841309,12.745332717895508,12.853333473205566,36583500,0.0013008438960526725,12.95161334991455,14.291903371810912
2016-12-13,13.210000038146973,13.41866683959961,12.866666793823242,12.878666877746582,102358500,0.02972509618020802,12.930880012512207,14.295836706161499
2016-12-14,13.246000289916992,13.533332824707031,13.11733341217041,13.249333381652832,62263500,0.0027252272268023514,12.913920021057129,14.299286708831787
2016-12-15,13.17199993133545,13.38266658782959,13.159333229064941,13.227333068847656,48294000,-0.005586619127426196,12.899413356781006,14.299900045394898
2016-12-16,13.499333381652832,13.505999565124512,13.173333168029785,13.20533275604248,56953500,0.02485070240083087,12.901400032043457,14.300383377075196
2016-12-19,13.51533317565918,13.630000114440918,13.322667121887207,13.499333381652832,52321500,0.0011852284519540124,12.90956003189087,14.29953004360199
2016-12-20,13.919333457946777,13.933333396911621,13.5,13.536666870117188,70336500,0.02989199578262669,12.920013370513916,14.301593375205993
2016-12-21,13.846667289733887,14.148667335510254,13.827333450317383,13.896666526794434,78114000,-0.005220520683151264,12.930146713256836,14.30125337600708
2016-12-22,13.896666526794434,13.999333381652832,13.766667366027832,13.881333351135254,46666500,0.00361092210958347,12.939400043487549,14.302343373298646
2016-12-23,14.22266674041748,14.229999542236328,13.847332954406738,13.866666793823242,70057500,0.023458878645067793,12.956866722106934,14.304290041923522
2016-12-27,14.635333061218262,14.816666603088379,14.29466724395752,14.325332641601562,88735500,0.029014693821664217,12.98756004333496,14.305750041007995
2016-12-28,14.649333000183105,14.920000076293945,14.479999542236328,14.768667221069336,56737500,0.0009565849240522617,13.021933364868165,14.306216707229614
2016-12-29,14.312000274658203,14.613332748413086,14.274666786193848,14.570667266845703,60675000,-0.02302717301331647,13.042706718444824,14.303800044059754
2016-12-30,14.246000289916992,14.5,14.112000465393066,14.420000076293945,69639000,-0.0046115136580925364,13.05621337890625,14.299570045471192
2017-01-03,14.465999603271484,14.688667297363281,14.064000129699707,14.324000358581543,88849500,0.015442882835696947,13.080066719055175,14.294320044517518
2017-01-04,15.13266658782959,15.199999809265137,14.287332534790039,14.316666603088379,168202500,0.04608509628379487,13.11593339920044,14.29054337978363
2017-01-05,15.116666793823242,15.165332794189453,14.796667098999023,15.094667434692383,88675500,-0.0010573016932267087,13.14792007446289,14.288046712875365
2017-01-06,15.267333030700684,15.354000091552734,15.029999732971191,15.128666877746582,82918500,0.009966895409707854,13.183480072021485,14.290190043449401
2017-01-09,15.41866683959961,15.461333274841309,15.199999809265137,15.264666557312012,59692500,0.009912262252654847,13.22220006942749,14.291366710662842
2017-01-10,15.324666976928711,15.466667175292969,15.12600040435791,15.466667175292969,54900000,-0.006096497424114444,13.256680068969727,14.2912367105484
2017-01-11,15.315333366394043,15.331999778747559,15.112000465393066,15.271332740783691,54762000,-0.0006090579683538655,13.2963600730896,14.291103377342225
2017-01-12,15.305999755859375,15.380000114440918,15.038666725158691,15.27066707611084,56853000,-0.0006094291460314594,13.338840065002442,14.292003374099732
2017-01-13,15.850000381469727,15.856666564941406,15.305999755859375,15.333333015441895,91395000,0.03554165910672369,13.40145341873169,14.294663376808167
2017-01-17,15.70533275604248,15.997332572937012,15.624667167663574,15.779999732971191,69262500,-0.009127294759965876,13.464866733551025,14.293993377685547
2017-01-18,15.890666961669922,15.980667114257812,15.70533275604248,15.776666641235352,56535000,0.011800718170465796,13.532786731719971,14.291116714477539
2017-01-19,16.250667572021484,16.57866668701172,16.049999237060547,16.483333587646484,115984500,0.02265484584252664,13.603720073699952,14.287213382720948
2017-01-20,16.315332412719727,16.399999618530273,16.200666427612305,16.36400032043457,63064500,0.003979211340805033,13.672413387298583,14.280316705703735
2017-01-23,16.594667434692383,16.72599983215332,16.366666793823242,16.389999389648438,93943500,0.017121013222806347,13.744386730194092,14.277556705474854
2017-01-24,16.974000930786133,16.98666763305664,16.643333435058594,16.666667938232422,74482500,0.022858758549190616,13.830453414916992,14.279070043563843
2017-01-25,16.96466636657715,17.230667114257812,16.786666870117188,17.15399932861328,77139000,-0.0005499330562692695,13.922613410949706,14.280586709976197
2017-01-26,16.833999633789062,17.049333572387695,16.71666717529297,16.952667236328125,47281500,-0.007702287210641479,14.007880058288574,14.282150039672851
2017-01-27,16.863332748413086,16.866666793823242,16.56800079345703,16.7586669921875,47494500,0.0017424922931057463,14.103213367462159,14.281623373031616
2017-01-30,16.708667755126953,17.019332885742188,16.47333335876465,16.8353328704834,57016500,-0.009171674163915622,14.192360057830811,14.28121337890625
2017-01-31,16.795333862304688,17.05933380126953,16.51333236694336,16.615999221801758,61741500,0.005186895116227497,14.283026733398437,14.280353384017944
2017-02-01,16.615999221801758,16.8799991607666,16.60333251953125,16.8700008392334,59382000,-0.010677646659077555,14.363800048828125,14.278806715011596
2017-02-02,16.770000457763672,16.827999114990234,16.513999938964844,16.555999755859375,37497000,0.009268250070681772,14.452506713867187,14.280200052261353
2017-02-03,16.755332946777344,16.812000274658203,16.64533233642578,16.79400062561035,32800500,-0.0008746279419173941,14.54158670425415,14.280653381347657
2017-02-06,17.184667587280273,17.187999725341797,16.708667755126953,16.733333587646484,53437500,0.02562376061798921,14.630386714935304,14.283813381195069
2017-02-07,17.165332794189453,17.333332061767578,17.094667434692383,17.21266746520996,63672000,-0.0011251188300628323,14.716173362731933,14.285056705474853
2017-02-08,17.472000122070312,17.55733299255371,17.079999923706055,17.156667709350586,58995000,0.01786550436031553,14.803413372039795,14.288476705551147
2017-02-09,17.946666717529297,18.07866668701172,17.74333381652832,17.75,117303000,0.027167272901938322,14.900853366851807,14.29363003730774
2017-02-10,17.948667526245117,18.06333351135254,17.74066734313965,17.986000061035156,54295500,0.00011148636943625334,15.00706672668457,14.299550037384034
2017-02-13,18.706666946411133,18.71933364868164,18.034000396728516,18.049333572387695,105444000,0.04223151490536248,15.128666725158691,14.310513372421264
2017-02-14,18.73200035095215,19.159332275390625,18.573999404907227,18.601999282836914,110178000,0.0013542446986194445,15.260800075531005,14.323920040130615
2017-02-15,18.650667190551758,18.81599998474121,18.429332733154297,18.666667938232422,74218500,-0.004341936732680907,15.391853427886963,14.336573371887207
2017-02-16,17.93000030517578,18.666667938232422,17.899999618530273,18.50666618347168,106159500,-0.03864027372388368,15.50138677597046,14.348783373832703
2017-02-17,18.148666381835938,18.19266700744629,17.610000610351562,17.719999313354492,93856500,0.012195542272078752,15.616560096740722,14.365340042114259
2017-02-21,18.492666244506836,18.760000228881836,18.267332077026367,18.363332748413086,85150500,0.01895455321252637,15.728880081176758,14.387293372154236
2017-02-22,18.233999252319336,18.89666748046875,18.17333221435547,18.687332153320312,131325000,-0.013987544509128647,15.837173404693603,14.406820034980774
2017-02-23,17.06599998474121,17.643999099731445,17.03733253479004,17.600000381469727,223728000,-0.06405612128285887,15.922253398895263,14.42251003265381
2017-02-24,17.133333206176758,17.21666717529297,16.68000030517578,16.8439998626709,122574000,0.003945460066550499,16.008346729278564,14.438613362312317
2017-02-27,16.415332794189453,16.55733299255371,16.134000778198242,16.544666290283203,171912000,-0.04190663914295778,16.072453384399413,14.45103669166565
2017-02-28,16.666000366210938,16.733333587646484,16.260000228881836,16.279333114624023,91171500,0.015270331412970961,16.140853385925293,14.465273356437683
2017-03-01,16.667999267578125,16.989999771118164,16.607332229614258,16.94533348083496,72142500,0.00011993887695105343,16.210773372650145,14.479410018920898
2017-03-02,16.698667526245117,16.885332107543945,16.551332473754883,16.6473331451416,50277000,0.0018399484050042325,16.274760055541993,14.493473358154297
2017-03-03,16.771333694458008,16.793333053588867,16.600000381469727,16.715999603271484,43791000,0.004351614767985623,16.339880065917967,14.509110026359558
2017-03-06,16.747333526611328,16.780000686645508,16.500667572021484,16.527332305908203,50332500,-0.0014310232140101187,16.39644006729126,14.522456693649293
2017-03-07,16.57266616821289,16.926000595092773,16.55466651916504,16.794666290283203,51892500,-0.010429562301419115,16.45096004486084,14.533583359718323
2017-03-08,16.45800018310547,16.67133331298828,16.35466766357422,16.46666717529297,55878000,-0.006918982373962046,16.502186717987062,14.542446694374085
2017-03-09,16.32666778564453,16.577333450317383,16.200000762939453,16.5086669921875,58189500,-0.007979851500776736,16.5442667388916,14.552006697654724
2017-03-10,16.246000289916992,16.433332443237305,16.200000762939453,16.413999557495117,45994500,-0.0049408426009909245,16.576480083465576,14.560600032806397
2017-03-13,16.411333084106445,16.456666946411133,16.185333251953125,16.321332931518555,45339000,0.010176830680722393,16.611720085144043,14.569463362693787
2017-03-14,17.200000762939453,17.20800018310547,16.40133285522461,16.407333374023438,113976000,0.04805628371511106,16.66948009490967,14.580423364639282
2017-03-15,17.048667907714844,17.399999618530273,16.951332092285156,17.133333206176758,79962000,-0.008798421425113223,16.725533447265626,14.591320037841797
2017-03-16,17.469999313354492,17.71666717529297,17.270666122436523,17.49333381652832,106983000,0.024713450219121746,16.785613441467284,14.604260034561158
2017-03-17,17.433332443237305,17.68866729736328,17.413333892822266,17.600000381469727,97462500,-0.002098847828182704,16.83162675857544,14.618240032196045
2017-03-20,17.461332321166992,17.636667251586914,17.254667282104492,17.373332977294922,54214500,0.0016061116267274134,16.878520069122313,14.632560029029847
2017-03-21,16.711999893188477,17.65333366394043,16.682666778564453,17.52199935913086,103629000,-0.04291381746799239,16.907413406372072,14.643123364448547
2017-03-22,17.000667572021484,17.004667282104492,16.700666427612305,16.770666122436523,60889500,0.017273078068332337,16.939053421020507,14.654566702842713
2017-03-23,16.985332489013672,17.17799949645996,16.886667251586914,17.025999069213867,49803000,-0.00090202828464514,16.972266731262206,14.662046699523925
2017-03-24,17.54400062561035,17.592666625976562,17.000667572021484,17.046667098999023,84709500,0.03289120992821504,17.016840076446535,14.67126003742218
2017-03-27,18.014667510986328,18.038000106811523,17.316667556762695,17.373332977294922,93462000,0.026827796887382016,17.071013431549073,14.684880042076111
2017-03-28,18.496667861938477,18.711999893188477,18.333332061767578,18.468000411987305,119814000,0.0267559948391054,17.12394678115845,14.70443337917328
2017-03-29,18.492000579833984,18.639999389648438,18.369333267211914,18.555999755859375,55143000,-0.0002523309678981178,17.17968013763428,14.724270048141479
2017-03-30,18.527999877929688,18.799999237060547,18.480667114257812,18.535999298095703,62226000,0.0019467497819007917,17.232426795959473,14.745256714820862
2017-03-31,18.553333282470703,18.64533233642578,18.42133331298828,18.582000732421875,49419000,0.0013673037946848599,17.278480110168456,14.765456714630126
2017-04-03,19.90133285522461,19.933332443237305,18.972000122070312,19.126667022705078,208329000,0.07265538500445645,17.350200119018556,14.792320041656494
2017-04-04,20.246667861938477,20.320667266845703,19.635332107543945,19.792667388916016,152019000,0.017352355705321898,17.423240127563478,14.821730046272277
2017-04-05,19.666667938232422,20.325332641601562,19.613332748413086,20.13599967956543,118213500,-0.02864668535390913,17.477093467712404,14.846830053329468
2017-04-06,19.913333892822266,20.12933349609375,19.606666564941406,19.79199981689453,82809000,0.012542335863124032,17.536066818237305,14.87319338798523
2017-04-07,20.16933250427246,20.179332733154297,19.809999465942383,19.833332061767578,68694000,0.012855637977449375,17.602773475646973,14.908486714363098
2017-04-10,20.826000213623047,20.915332794189453,20.58066749572754,20.610000610351562,114967500,0.03255773135831275,17.682026824951173,14.947150049209595
2017-04-11,20.58066749572754,20.898000717163086,20.366666793823242,20.892000198364258,85869000,-0.011780116939354768,17.759466819763183,14.985670051574708
2017-04-12,19.78933334350586,20.56333351135254,19.754667282104492,20.422666549682617,90760500,-0.03845036378853883,17.819346809387206,15.018433384895324
2017-04-13,20.266666412353516,20.492666244506836,19.68666648864746,19.780000686645508,139269000,0.024120725067491966,17.892360153198243,15.052503380775452
2017-04-17,20.09600067138672,20.266666412353516,19.91200065612793,20.18000030517578,62080500,-0.008421007061268249,17.958880157470702,15.082920050621032
2017-04-18,20.016666412353516,20.055999755859375,19.860000610351562,19.979999542236328,45535500,-0.0039477635540767775,18.024106826782226,15.11224338054657
2017-04-19,20.368000030517578,20.441333770751953,20.140666961669922,20.163999557495117,58470000,0.017552054419372798,18.087773475646973,15.1419167137146
2017-04-20,20.167333602905273,20.610000610351562,20.01533317565918,20.43400001525879,92241000,-0.00985204376039106,18.14781349182129,15.17142671585083
2017-04-21,20.373332977294922,20.426666259765625,20.027999877929688,20.133333206176758,67647000,0.010214507204857837,18.20584014892578,15.201813383102417
2017-04-24,20.53533363342285,20.703332901000977,20.40133285522461,20.614667892456055,76252500,0.007951603024820342,18.257613487243653,15.232510051727296
2017-04-25,20.91933250427246,20.93199920654297,20.390666961669922,20.53333282470703,101065500,0.018699422064641924,18.3170267868042,15.264846715927124
2017-04-26,20.67799949645996,20.96666717529297,20.600000381469727,20.82466697692871,70425000,-0.011536362728744365,18.356453437805175,15.293310046195984
2017-04-27,20.575332641601562,20.87266731262207,20.5,20.779333114624023,52029000,-0.004965028404995131,18.393320083618164,15.321303372383118
2017-04-28,20.937999725341797,20.98666763305664,20.53333282470703,20.655332565307617,67582500,0.017626304762964118,18.439066734313965,15.35181670665741
2017-05-01,21.52199935913086,21.816667556762695,20.987333297729492,20.992000579833984,132444000,0.027891854114518555,18.510906715393066,15.385583367347717
2017-05-02,21.25933265686035,21.8439998626709,21.104000091552734,21.600000381469727,80742000,-0.012204567888302154,18.573120040893556,15.418413367271423
2017-05-03,20.73466682434082,21.435333251953125,20.696666717529297,21.17799949645996,107001000,-0.02467931806646917,18.617960052490233,15.446670036315918
2017-05-04,19.69733238220215,20.51799964904785,19.384000778198242,20.496000289916992,212280000,-0.05002899014132822,18.64722671508789,15.470070033073425
2017-05-05,20.55666732788086,20.56999969482422,19.786666870117188,19.866666793823242,122659500,0.04362697085089429,18.717040061950684,15.49673336982727
2017-05-08,20.479333877563477,20.91933250427246,20.38800048828125,20.726667404174805,105097500,-0.003761964382840155,18.783960075378417,15.525630040168762
2017-05-09,21.417333602905273,21.465999603271484,20.606666564941406,20.625333786010742,145147500,0.045802257580723316,18.884000091552736,15.558626708984375
2017-05-10,21.681333541870117,21.700000762939453,21.20800018310547,21.437332153320312,86124000,0.012326461540900224,18.98430675506592,15.59036337852478
2017-05-11,21.540000915527344,21.733333587646484,21.30666732788086,21.559999465942383,71307000,-0.00651863161783095,19.0817467880249,15.621560049057006
2017-05-12,21.65399932861328,21.799999237060547,21.435333251953125,21.698667526245117,61824000,0.005292405210798323,19.180853424072264,15.653666710853576
2017-05-15,21.058666229248047,21.34666633605957,20.8353328704834,21.225332260131836,114330000,-0.027492985952879856,19.266600074768068,15.682090044021606
2017-05-16,21.134000778198242,21.33733367919922,21.00933265686035,21.172666549682617,62287500,0.0035773656379796126,19.354333419799804,15.709496712684631
2017-05-17,20.407333374023438,20.975332260131836,20.366666793823242,20.959333419799805,100678500,-0.03438380701321975,19.431026763916016,15.734863381385804
2017-05-18,20.87066650390625,20.929332733154297,20.354000091552734,20.46666717529297,84807000,0.02270424662501913,19.519280090332032,15.763483381271362
2017-05-19,20.722000122070312,21.100000381469727,20.68000030517578,21.03333282470703,70314000,-0.007123221570720428,19.607186737060548,15.791830048561096
2017-05-22,20.690000534057617,20.95800018310547,20.453332901000977,20.85333251953125,64938000,-0.0015442325945463908,19.69606674194336,15.818410053253174
2017-05-23,20.257333755493164,20.715333938598633,20.23200035095215,20.69733238220215,64776000,-0.020911878559512043,19.772986755371093,15.843020057678222
2017-05-24,20.681333541870117,20.733333587646484,20.360000610351562,20.43400001525879,75499500,0.020930680784285283,19.842613410949706,15.871040058135986
2017-05-25,21.121999740600586,21.131332397460938,20.520666122436523,20.73466682434082,75210000,0.02130743638162036,19.924080047607422,15.900290055274963
2017-05-26,21.676000595092773,21.69933319091797,21.08733367919922,21.152000427246094,117033000,0.026228617616507632,20.008200073242186,15.933453392982482
2017-05-30,22.34000015258789,22.41866683959961,21.71733283996582,21.733333587646484,116743500,0.030632936854847692,20.1063334274292,15.970183391571044
2017-05-31,22.733999252319336,22.859333038330078,22.3439998626709,22.512666702270508,149451000,0.017636485991062267,20.211786766052246,16.00865005493164
2017-06-01,22.691333770751953,22.992000579833984,22.486000061035156,22.933332443237305,114120000,-0.0018767257398862869,20.331373443603514,16.046910057067873
2017-06-02,22.656667709350586,22.858667373657227,22.39533233642578,22.65133285522461,83853000,-0.001527722510787366,20.444493446350098,16.085656728744507
2017-06-05,23.154666900634766,23.229333877563477,22.28066635131836,22.566667556762695,101766000,0.021980248714097206,20.56788013458252,16.127016730308533
2017-06-06,23.523332595825195,23.965999603271484,22.6646671295166,22.979999542236328,166302000,0.0159218742715026,20.687466773986817,16.1701300573349
2017-06-07,23.976667404174805,24.03333282470703,23.676000595092773,23.756000518798828,140970000,0.019271708483604266,20.806706771850585,16.215013394355775
2017-06-08,24.666667938232422,24.793333053588867,24.014667510986328,24.25,135922500,0.028777999979157753,20.930106773376465,16.26403673171997
2017-06-09,23.821332931518555,25.124666213989258,23.65333366394043,24.961332321166992,258921000,-0.03427033634338705,21.036693420410156,16.30819673061371
2017-06-12,23.93400001525879,24.299999237060547,23.374666213989258,23.865999221801758,157765500,0.004729671679755576,21.144813423156737,16.35366006374359
2017-06-13,25.06333351135254,25.066667556762695,24.44066619873047,24.507999420166016,177118500,0.04718532194258196,21.275013427734375,16.405323395729067
2017-06-14,25.37733268737793,25.616666793823242,25.08733367919922,25.4060001373291,192276000,0.012528228772248573,21.38453342437744,16.4588800573349
2017-06-15,25.022666931152344,25.03066635131836,24.432666778564453,24.833332061767578,156397500,-0.013975690849574174,21.48005340576172,16.512260055541994
2017-06-16,24.760000228881836,25.200666427612305,24.67333221435547,25.198667526245117,100965000,-0.010497150563255842,21.581920051574706,16.56561339378357
2017-06-19,24.65333366394043,25.113332748413086,24.520000457763672,25.0,98239500,-0.004308019545855357,21.67672004699707,16.61821006298065
2017-06-20,24.81599998474121,25.2586669921875,24.648666381835938,25.1113338470459,111580500,0.006598147050542957,21.769653396606444,16.67536672592163
2017-06-21,25.093332290649414,25.132667541503906,24.534666061401367,24.956666946411133,73848000,0.01117554424882039,21.855000038146972,16.734906721115113
2017-06-22,25.507333755493164,25.666667938232422,24.904666900634766,25.19933319091797,112947000,0.016498465012477537,21.953533363342284,16.794833388328552
2017-06-23,25.56333351135254,25.799333572387695,25.290000915527344,25.496667861938477,96687000,0.0021954374532506815,22.06901336669922,16.855413389205932
2017-06-26,25.166000366210938,25.796667098999023,24.873332977294922,25.779333114624023,99061500,-0.015543088109582714,22.167000045776366,16.91545672416687
2017-06-27,24.158000946044922,25.093332290649414,24.134666442871094,25.093332290649414,104946000,-0.040054017543423526,22.24824005126953,16.971423392295836
2017-06-28,24.749332427978516,24.78266716003418,24.167999267578125,24.44533348083496,94537500,0.024477666146892174,22.342893371582033,17.029070053100586
2017-06-29,24.049999237060547,24.733333587646484,23.606666564941406,24.707332611083984,123315000,-0.028256648657213446,22.41653335571289,17.083970050811768
2017-06-30,24.107332229614258,24.451332092285156,23.974666595458984,24.247333526611328,87727500,0.0023839082899164143,22.49533332824707,17.139036712646483
2017-07-03,23.507999420166016,24.75666618347168,23.433332443237305,24.682666778564453,94581000,-0.024861017541874753,22.55802665710449,17.189770045280458
2017-07-05,21.805999755859375,23.14933204650879,21.755332946777344,23.14666748046875,255700500,-0.07240087231100589,22.583439979553223,17.230333380699157
2017-07-06,20.588666915893555,21.38599967956543,20.420000076293945,21.150667190551758,289867500,-0.05582559174516721,22.576826667785646,17.264496717453003
2017-07-07,20.881332397460938,21.133333206176758,20.492000579833984,20.899999618530273,212653500,0.014214882525563466,22.580893325805665,17.30069004535675
2017-07-10,21.06999969482422,21.195999145507812,20.208667755126953,20.860000610351562,207313500,0.0090352135473033,22.590786666870116,17.337633380889894
2017-07-11,21.814666748046875,21.818666458129883,20.953332901000977,21.066667556762695,173391000,0.03534252795483339,22.60832000732422,17.37789671421051
2017-07-12,21.968000411987305,22.206666946411133,21.633333206176758,22.02666664123535,155191500,0.007028925342357439,22.617240028381346,17.418586716651916
2017-07-13,21.560667037963867,22.106666564941406,21.33133316040039,22.007333755493164,128917500,-0.018542123378747166,22.623266716003418,17.456726717948914
2017-07-14,21.851999282836914,21.89466667175293,21.4146671295166,21.54599952697754,84378000,0.013512209263288222,22.64561336517334,17.497383379936217
2017-07-17,21.30466651916504,21.80666732788086,20.89666748046875,21.702667236328125,148153500,-0.0250472625679502,22.6777600479126,17.535150046348573
2017-07-18,21.882667541503906,21.941999435424805,21.04400062561035,21.166667938232422,95605500,0.027130254389051922,22.70428005218506,17.577663383483888
2017-07-19,21.68400001525879,22.110000610351562,21.54800033569336,21.881999969482422,95355000,-0.009078761803985369,22.728373374938965,17.618073382377624
2017-07-20,21.994667053222656,22.014667510986328,21.613332748413086,21.793333053588867,77493000,0.014327017051524393,22.73992004394531,17.656813383102417
2017-07-21,21.893333435058594,22.083999633789062,21.719999313354492,21.964000701904297,73524000,-0.004607190366594627,22.74416004180908,17.695810050964354
2017-07-24,22.834667205810547,22.893333435058594,22.000667572021484,22.016000747680664,129556500,0.04299636569936682,22.770053367614747,17.7404967212677
2017-07-25,22.639999389648438,23.040000915527344,22.27666664123535,23.0,104838000,-0.008525099770780753,22.789773368835448,17.78669672012329
2017-07-26,22.92333221435547,23.03333282470703,22.541332244873047,22.69066619873047,72312000,0.012514701075326817,22.8270666885376,17.835776715278627
2017-07-27,22.297332763671875,23.166667938232422,21.752666473388672,23.066667556762695,124536000,-0.027308396738741525,22.85033332824707,17.880280046463014
2017-07-28,22.33799934387207,22.639999389648438,22.167333602905273,22.459333419799805,73206000,0.001823831604937487,22.888946647644044,17.925270042419434
2017-07-31,21.564666748046875,22.766000747680664,21.402666091918945,22.366666793823242,128026500,-0.034619599719763694,22.902826652526855,17.965923376083374
2017-08-01,21.30466651916504,21.6299991607666,21.075332641601562,21.53333282470703,124546500,-0.01205677008226358,22.91447998046875,18.005700044631958
2017-08-02,21.72599983215332,21.808000564575195,20.74799919128418,21.262666702270508,196372500,0.019776573954314758,22.935199966430662,18.04882670879364
2017-08-03,23.139333724975586,23.333332061767578,22.876667022705078,23.02199935913086,203025000,0.0650526513735219,22.992839965820313,18.0998700428009
2017-08-04,23.79400062561035,23.81800079345703,22.886667251586914,23.133333206176758,139033500,0.028292383368331286,23.055093307495117,18.15247338294983
2017-08-07,23.67799949645996,23.965333938598633,23.516666412353516,23.823333740234375,94867500,-0.004875225943531958,23.106213302612304,18.2030100440979
2017-08-08,24.347999572753906,24.57200050354004,23.82666778564453,23.8353328704834,111747000,0.02829631263376431,23.15965328216553,18.258383378982543
2017-08-09,24.235332489013672,24.666667938232422,23.93000030517578,24.066667556762695,103381500,-0.004627365110779436,23.197559928894044,18.31286337852478
2017-08-10,23.69333267211914,24.44333267211914,23.643999099731445,24.106666564941406,106393500,-0.02236403470594972,23.21674659729004,18.363743376731872
2017-08-11,23.857999801635742,24.083999633789062,23.57466697692871,23.79800033569336,65487000,0.006949935317051015,23.240079917907714,18.415586709976196
2017-08-14,24.253332138061523,24.51066780090332,24.17333221435547,24.308666229248047,67788000,0.016570221297372845,23.272013206481933,18.469440035820007
2017-08-15,24.155332565307617,24.365999221801758,23.95800018310547,24.34666633605957,46276500,-0.004040664276399042,23.29202651977539,18.52221336364746
2017-08-16,24.194000244140625,24.433332443237305,24.167999267578125,24.200000762939453,51207000,0.0016007926501722114,23.3054398727417,18.57652669906616
2017-08-17,23.461332321166992,24.219999313354492,23.439332962036133,24.08066749572754,75415500,-0.030283041893870877,23.29513317108154,18.62792335987091
2017-08-18,23.163999557495117,23.600000381469727,23.053333282470703,23.527332305908203,81123000,-0.012673311114715258,23.265079803466797,18.68014669418335
2017-08-21,22.52400016784668,23.05466651916504,22.123332977294922,23.05466651916504,97431000,-0.027629053784943403,23.23913314819336,18.730093359947205
2017-08-22,22.75666618347168,22.81599998474121,22.4913330078125,22.742000579833984,64830000,0.010329693388882788,23.215586471557618,18.78140335559845
2017-08-23,23.51799964904785,23.56599998474121,22.553333282470703,22.599332809448242,74317500,0.03345540420719151,23.184679794311524,18.835473351478576
2017-08-24,23.528667449951172,23.777332305908203,23.31599998474121,23.501333236694336,68770500,0.00045360154190454693,23.14770648956299,18.888713355064393
2017-08-25,23.203332901000977,23.71266746520996,23.15333366394043,23.615999221801758,52260000,-0.013827155730014362,23.111319808959962,18.939750018119813
2017-08-28,23.04400062561035,23.156667709350586,22.648000717163086,23.152000427246094,56460000,-0.006866784012039551,23.07699981689453,18.99161668777466
2017-08-29,23.157333374023438,23.270000457763672,22.583332061767578,22.631999969482422,61105500,0.004918102123601331,23.047079811096193,19.045620021820067
2017-08-30,23.545333862304688,23.564666748046875,23.133333206176758,23.31133270263672,51193500,0.016754972691134018,23.021666488647462,19.100493354797365
2017-08-31,23.726667404174805,23.895999908447266,23.521333694458008,23.56999969482422,61092000,0.0077014640323460615,22.99433319091797,19.158643355369566
2017-09-01,23.69333267211914,23.839332580566406,23.57933235168457,23.7413330078125,45742500,-0.001404947921586297,22.958053169250487,19.21585335254669
2017-09-05,23.305999755859375,23.69933319091797,23.05933380126953,23.586666107177734,57526500,-0.016347760005731682,22.912906494140625,19.271073350906374
2017-09-06,22.968666076660156,23.398666381835938,22.770666122436523,23.299999237060547,61371000,-0.01447411322118497,22.868959808349608,19.323030014038086
2017-09-07,23.374000549316406,23.498666763305664,22.89666748046875,23.065332412719727,63588000,0.01764727961577761,22.853279800415038,19.378226680755617
2017-09-08,22.893333435058594,23.318666458129883,22.81999969482422,23.266000747680664,48952500,-0.02056417827336232,22.816159820556642,19.43118668079376
2017-09-11,24.246000289916992,24.247333526611328,23.333332061767578,23.42333221435547,115006500,0.05908562240162629,22.82007984161377,19.488693346977232
2017-09-12,24.183332443237305,24.583999633789062,24.02666664123535,24.299333572387695,89593500,-0.00258466740618446,22.82159984588623,19.545230007171632
2017-09-13,24.415332794189453,24.538000106811523,23.972667694091797,24.254667282104492,62778000,0.009593398738436676,22.8397465133667,19.601756672859192
2017-09-14,25.176000595092773,25.19733238220215,24.17533302307129,24.288667678833008,108037500,0.031155332074128017,22.907146530151365,19.662263340950012
2017-09-15,25.320667266845703,25.333332061767578,24.84666633605957,24.96733283996582,81307500,0.005746213391062849,23.00178653717041,19.725676679611205
2017-09-18,25.666667938232422,25.974000930786133,25.178667068481445,25.350000381469727,107820000,0.013664753291859899,23.097493247985838,19.79087668418884
2017-09-19,25.00666618347168,25.492666244506836,24.904666900634766,25.333332061767578,96778500,-0.025714352807659213,23.17622657775879,19.855283350944518
2017-09-20,24.92733383178711,25.21666717529297,24.738000869750977,24.866666793823242,73786500,-0.0031724481425279283,23.238479919433594,19.919430022239684
2017-09-21,24.43199920654297,25.121999740600586,24.30066680908203,24.99333381652832,69273000,-0.019871143403731972,23.287759895324708,19.979323353767395
2017-09-22,23.4060001373291,24.65999984741211,23.392000198364258,24.432666778564453,122391000,-0.041994069357169206,23.32466655731201,20.034403352737428
2017-09-25,22.999332427978516,23.83133316040039,22.858667373657227,23.543333053588867,114088500,-0.017374506834339942,23.347613220214843,20.085016679763793
2017-09-26,23.016666412353516,23.416000366210938,22.726667404174805,23.39533233642578,107344500,0.0007536733698372267,23.381853218078614,20.136003346443175
2017-09-27,22.731332778930664,23.432666778564453,22.700000762939453,23.32666778564453,90904500,-0.012396827077865047,23.39882652282715,20.18560000896454
2017-09-28,22.639999389648438,22.850000381469727,22.360000610351562,22.658666610717773,79794000,-0.004017951352455751,23.41794651031494,20.234656672477723
2017-09-29,22.739999771118164,22.978666305541992,22.573333740234375,22.790666580200195,76606500,0.004416978099188951,23.432853164672853,20.282306671142578
2017-10-02,22.768667221069336,22.913333892822266,22.367332458496094,22.834667205810547,79302000,0.001260661839917132,23.450359840393066,20.32992000579834
2017-10-03,23.209333419799805,23.23666763305664,22.0853328704834,22.393333435058594,152304000,0.019354062073632994,23.45785316467285,20.38010667324066
2017-10-04,23.667333602905273,23.908000946044922,23.30666732788086,23.416667938232422,122452500,0.019733448385671926,23.47839984893799,20.430946674346924
2017-10-05,23.68866729736328,23.82933235168457,23.42333221435547,23.733333587646484,62575500,0.0009013983077243992,23.493706550598144,20.481813344955444
2017-10-06,23.79199981689453,24.00666618347168,23.483333587646484,23.540000915527344,64462500,0.004362107763772327,23.5235998916626,20.53117667675018
2017-10-09,22.862667083740234,23.450000762939453,22.844667434692383,23.309999465942383,112405500,-0.03906072378558045,23.53409324645996,20.576256675720217
2017-10-10,23.70599937438965,23.708667755126953,23.03533363342285,23.1200008392334,104677500,0.03688687271526536,23.576919898986816,20.62530333995819
2017-10-11,23.639999389648438,23.84000015258789,23.40999984741211,23.592666625976562,67512000,-0.0027841047196057733,23.623626556396484,20.672390003204345
2017-10-12,23.711999893188477,23.985332489013672,23.50933265686035,23.530000686645508,61305000,0.003045706658163727,23.66334655761719,20.717773337364196
2017-10-13,23.704666137695312,23.89933204650879,23.57866668701172,23.798667907714844,53107500,-0.00030928456166490204,23.674653205871582,20.76305000305176
2017-10-16,23.373332977294922,23.631999969482422,23.143999099731445,23.583999633789062,80632500,-0.013977550178338238,23.666239852905274,20.80835666656494
2017-10-17,23.71666717529297,23.74799919128418,23.33799934387207,23.393999099731445,49399500,0.014689141609866452,23.667013206481933,20.85571000099182
2017-10-18,23.976667404174805,24.200000762939453,23.608667373657227,23.731332778930664,74086500,0.010962764159067495,23.659586563110352,20.90326333999634
2017-10-19,23.45400047302246,23.809999465942383,23.213333129882812,23.70400047302246,75927000,-0.021798981582458632,23.64395992279053,20.944870009422303
2017-10-20,23.00666618347168,23.636667251586914,22.95599937438965,23.512666702270508,73956000,-0.019072835359806528,23.63022659301758,20.984320006370545
2017-10-23,22.468000411987305,23.329999923706055,22.416667938232422,23.325332641601562,86209500,-0.023413464914415094,23.602426605224608,21.020323343276978
2017-10-24,22.48933219909668,22.85333251953125,22.410667419433594,22.586666107177734,67375500,0.0009494297097303317,23.567146606445313,21.05567667007446
2017-10-25,21.722667694091797,22.5,21.570667266845703,22.446666717529297,128911500,-0.034090140970734484,23.518493309020997,21.08766667366028
2017-10-26,21.744667053222656,22.01533317565918,21.546667098999023,21.851999282836914,75352500,0.0010127374519863785,23.469506645202635,21.11981334209442
2017-10-27,21.391332626342773,21.639333724975586,21.110666275024414,21.316667556762695,104695500,-0.0162492452064249,23.42810665130615,21.15024000644684
2017-10-30,21.338666915893555,21.5853328704834,21.149999618530273,21.278667449951172,63816000,-0.002462011664685293,23.39159999847412,21.177683339118957
2017-10-31,22.101999282836914,22.1299991607666,21.345333099365234,21.34866714477539,85084500,0.03577226121725574,23.383159980773925,21.20966667175293
2017-11-01,21.405332565307617,22.173999786376953,21.35066795349121,22.149999618530273,126859500,-0.03152052936995098,23.356133308410644,21.23723999977112
2017-11-02,19.950666427612305,20.57933235168457,19.5086669921875,20.0086669921875,296871000,-0.06795811899941895,23.284786643981935,21.255739994049073
2017-11-03,20.4060001373291,20.416667938232422,19.67533302307129,19.96666717529297,133410000,0.022822982448676532,23.22233329772949,21.27619333267212
2017-11-06,20.185333251953125,20.5,19.93400001525879,20.46666717529297,97290000,-0.010813823575954284,23.161973304748535,21.294146661758422
2017-11-07,20.40333366394043,20.433332443237305,20.00200080871582,20.06800079345703,79414500,0.010799941188298634,23.109159965515136,21.311293325424195
2017-11-08,20.292667388916016,20.459333419799805,20.086666107177734,20.366666793823242,70879500,-0.005423931052012332,23.05186664581299,21.32793333053589
2017-11-09,20.19933319091797,20.297332763671875,19.753332138061523,20.166667938232422,81706500,-0.004599405105758847,22.984946632385252,21.344759998321532
2017-11-10,20.19933319091797,20.55733299255371,20.123332977294922,20.166667938232422,69381000,0.0,22.914399948120117,21.361440000534056
2017-11-13,21.02666664123535,21.1200008392334,19.94066619873047,20.0086669921875,113773500,0.040958453553772145,22.861066627502442,21.3830299949646
2017-11-14,20.579999923706055,21.09000015258789,20.459999084472656,21.0,85141500,-0.021242868646299873,22.806546630859376,21.401953325271606
2017-11-15,20.753332138061523,20.832666397094727,20.100000381469727,20.400667190551758,89680500,0.008422362244802972,22.762239952087402,21.422639989852904
2017-11-16,20.833332061767578,21.209333419799805,20.753332138061523,20.932666778564453,87331500,0.0038547989871628996,22.711426582336426,21.442956647872926
2017-11-17,21.003332138061523,21.777999877929688,20.876667022705078,21.711332321166992,206026500,0.008160004160156609,22.673626556396485,21.464196643829347
2017-11-20,20.582666397094727,21.03333282470703,20.316667556762695,20.91933250427246,123715500,-0.02002852395999022,22.60035987854004,21.48118663787842
2017-11-21,21.187332153320312,21.215333938598633,20.58066749572754,20.724000930786133,108919500,0.02937742586698744,22.5404398727417,21.501296634674073
2017-11-22,20.84000015258789,21.161333084106445,20.78933334350586,21.118000030517578,73764000,-0.016393380639855182,22.46893321990967,21.51813663482666
2017-11-24,21.036666870117188,21.0939998626709,20.733333587646484,20.91933250427246,48661500,0.009436982537875505,22.386146545410156,21.5335866355896
2017-11-27,21.12066650390625,21.1560001373291,20.634000778198242,20.883333206176758,68338500,0.003993010599430358,22.30214653015137,21.549446630477906
2017-11-28,21.170000076293945,21.333332061767578,20.92799949645996,21.090667724609375,74242500,0.0023357961917807035,22.2122131729126,21.56176329612732
2017-11-29,20.502666473388672,21.200000762939453,20.082000732421875,21.15333366394043,131511000,-0.031522607487023624,22.12213317871094,21.5706166267395
2017-11-30,20.59000015258789,20.713333129882812,20.30266761779785,20.570667266845703,65274000,0.004259625415678148,22.035386505126954,21.580313291549682
2017-12-01,20.435333251953125,20.687999725341797,20.336666107177734,20.362667083740234,64393500,-0.00751174839672486,21.955453186035157,21.59283995628357
2017-12-04,20.34666633605957,20.551332473754883,20.040666580200195,20.433332443237305,87526500,-0.004338902370729869,21.894266510009764,21.60382995605469
2017-12-05,20.246667861938477,20.53333282470703,20.066667556762695,20.133333206176758,69697500,-0.004914735046491203,21.839213218688965,21.612599964141847
2017-12-06,20.884000778198242,20.892667770385742,20.0,20.00666618347168,107929500,0.03147841020585318,21.79655990600586,21.625849971771242
2017-12-07,20.749332427978516,21.242000579833984,20.73666763305664,20.799999237060547,71709000,-0.006448398065581062,21.756919898986816,21.644266633987428
2017-12-08,21.0086669921875,21.131999969482422,20.750667572021484,20.97333335876465,52027500,0.01249845338924227,21.724293251037597,21.66364330291748
2017-12-11,21.92733383178711,21.93400001525879,20.916667938232422,20.975332260131836,119070000,0.04372799282987505,21.708039932250976,21.691203308105468
2017-12-12,22.735332489013672,22.762666702270508,22.00200080871582,22.030000686645508,130998000,0.036848923969736935,21.707373237609865,21.721549968719483
2017-12-13,22.601999282836914,22.947999954223633,22.433332443237305,22.728666305541992,93322500,-0.0058645813181393835,21.695226554870604,21.751219968795777
2017-12-14,22.525999069213867,23.16266632080078,22.459999084472656,22.733999252319336,86998500,-0.003362543847205468,21.672399864196777,21.78035662651062
2017-12-15,22.89666748046875,22.926666259765625,22.384000778198242,22.80266761779785,103998000,0.016455137466531822,21.65655986785889,21.810983295440675
2017-12-18,22.591333389282227,23.115333557128906,22.505332946777344,22.99333381652832,82143000,-0.013335307046188238,21.63254653930664,21.84020329475403
2017-12-19,22.073333740234375,22.766000747680664,22.020000457763672,22.68400001525879,102375000,-0.02292913127888241,21.616759872436525,21.867706632614137
2017-12-20,21.93199920654297,22.206666946411133,21.66933250427246,22.179332733154297,89307000,-0.006402953688585233,21.58127986907959,21.895076627731324
2017-12-21,22.110666275024414,22.249332427978516,21.81399917602539,21.972667694091797,65778000,0.008146410493583334,21.55069320678711,21.923996620178222
2017-12-22,21.68000030517578,22.06133270263672,21.654666900634766,21.96733283996582,63237000,-0.019477747277796942,21.510053215026854,21.951166620254515
2017-12-26,21.152666091918945,21.59600067138672,21.10533332824707,21.588666915893555,65676000,-0.02432353347942262,21.459013214111327,21.97487328529358
2017-12-27,20.775999069213867,21.178667068481445,20.71666717529297,21.066667556762695,70681500,-0.01780707079988264,21.407066535949706,21.992753276824953
2017-12-28,21.02400016784668,21.05466651916504,20.63599967956543,20.78333282470703,64744500,0.011936903626468931,21.35321319580078,22.01262993812561
2017-12-29,20.75666618347168,21.0939998626709,20.666667938232422,21.07866668701172,56658000,-0.012715657450566908,21.288813171386717,22.029063272476197
2018-01-02,21.368667602539062,21.474000930786133,20.733333587646484,20.799999237060547,65283000,0.029484572024129463,21.24710651397705,22.048739948272704
2018-01-03,21.149999618530273,21.683332443237305,21.036666870117188,21.399999618530273,67822500,-0.010233112708571857,21.209973182678223,22.067183284759523
2018-01-04,20.974666595458984,21.23666763305664,20.3786678314209,20.857999801635742,149194500,-0.008289977599700404,21.180106506347656,22.088496618270874
2018-01-05,21.10533332824707,21.14933204650879,20.799999237060547,21.107999801635742,68868000,0.006229740634655645,21.152426528930665,22.109019947052
2018-01-08,22.42733383178711,22.468000411987305,21.03333282470703,21.066667556762695,147891000,0.06263821959024418,21.16651985168457,22.13622995376587
2018-01-09,22.246000289916992,22.586666107177734,21.82666778564453,22.3439998626709,107199000,-0.00808538113492141,21.17654651641846,22.159739952087403
2018-01-10,22.31999969482422,22.46666717529297,22.0,22.14666748046875,64648500,0.003326413914539472,21.195119857788086,22.181266613006592
2018-01-11,22.530000686645508,22.987333297729492,22.21733283996582,22.349332809448242,99682500,0.009408646715617364,21.218946533203123,22.20143327713013
2018-01-12,22.4146671295166,22.694000244140625,22.244667053222656,22.575332641601562,72376500,-0.005119110235858537,21.225199890136718,22.22104660987854
2018-01-16,22.67066764831543,23.0,22.31999969482422,22.502666473388672,97114500,0.011421116241414841,21.250506591796874,22.24175994873047
2018-01-17,23.143999099731445,23.266666412353516,22.649999618530273,22.697999954223633,106552500,0.02087858455510405,21.314373245239256,22.26471327781677
2018-01-18,22.971332550048828,23.48666763305664,22.916000366210938,23.044666290283203,85287000,-0.007460532163804823,21.365679893493652,22.280063276290893
2018-01-19,23.334667205810547,23.37266731262207,22.84000015258789,23.0,73324500,0.015816873268893028,21.4286665725708,22.295503273010254
2018-01-22,23.437332153320312,23.85533332824707,23.280000686645508,23.293333053588867,93156000,0.004399674810198428,21.489346542358398,22.314356594085694
2018-01-23,23.519332885742188,24.03333282470703,23.399999618530273,24.0,81981000,0.0034987229726255453,21.553879852294923,22.332386589050294
2018-01-24,23.05933380126953,23.649999618530273,22.90133285522461,23.6386661529541,79312500,-0.019558338950656062,21.611079864501953,22.34683659553528
2018-01-25,22.50933265686035,23.280000686645508,22.426666259765625,23.218000411987305,101104500,-0.02385156263182675,21.6572798538208,22.355253257751464
2018-01-26,22.856666564941406,22.933332443237305,22.380666732788086,22.766666412353516,68091000,0.015430662178036458,21.693879852294923,22.366633253097532
2018-01-29,23.302000045776367,23.389999389648438,22.552000045776367,22.656667709350586,71206500,0.019483745784611983,21.748319854736327,22.384196586608887
2018-01-30,23.05466651916504,23.218000411987305,22.81133270263672,23.00933265686035,70765500,-0.010614261699658623,21.794346542358397,22.398136587142943
2018-01-31,23.62066650390625,23.746000289916992,23.012666702270508,23.167333602905273,93211500,0.024550343604870628,21.85009323120117,22.415759916305543
2018-02-01,23.28333282470703,23.977333068847656,23.242000579833984,23.399999618530273,62965500,-0.014281293846785892,21.895693244934083,22.43209324836731
2018-02-02,22.916667938232422,23.463333129882812,22.700666427612305,23.229333877563477,55572000,-0.015747955382294898,21.942373275756836,22.444836587905883
2018-02-05,22.208667755126953,22.96466636657715,22.200000762939453,22.531333923339844,66961500,-0.03089455173037159,21.96279998779297,22.455043258666993
2018-02-06,22.264667510986328,22.4146671295166,21.566667556762695,21.680667877197266,76326000,0.002521527021648984,21.991293334960936,22.46449993133545
2018-02-07,23.0,23.066667556762695,22.37733268737793,22.599332809448242,104538000,0.03302687941110416,22.030559997558594,22.476823263168335
2018-02-08,21.01533317565918,23.2413330078125,20.97333335876465,22.887332916259766,154719000,-0.0862898619278617,22.028453330993653,22.47730326652527
2018-02-09,20.69466781616211,21.398666381835938,19.650667190551758,21.32866668701172,194005500,-0.015258637910555595,22.018946685791015,22.47738660812378
2018-02-12,21.048667907714844,21.205333709716797,20.416667938232422,21.075332641601562,93417000,0.017105860055229627,22.02986671447754,22.479753284454347
2018-02-13,21.577333450317383,21.612667083740234,20.833999633789062,21.001333236694336,68403000,0.025116342037434514,22.049613380432127,22.482949953079224
2018-02-14,21.487333297729492,21.744667053222656,21.23466682434082,21.389333724975586,59260500,-0.004171050736881843,22.070653381347658,22.482776622772217
2018-02-15,22.271333694458008,22.274667739868164,21.49333381652832,21.633333206176758,88693500,0.036486630791516594,22.109146728515626,22.487836627960206
2018-02-16,22.365999221801758,22.874666213989258,22.109333038330078,22.166667938232422,84639000,0.004250554934988271,22.15153335571289,22.49599328994751
2018-02-20,22.31800079345703,22.722667694091797,22.100000381469727,22.29800033569336,60141000,-0.002146044443117834,22.180213356018065,22.509096632003786
2018-02-21,22.219999313354492,22.645999908447266,22.211332321166992,22.402000427246094,48294000,-0.004391140631703427,22.209626693725586,22.517413291931152
2018-02-22,23.077999114990234,23.16266632080078,22.316667556762695,22.368667602539062,104547000,0.03861385365210501,22.25101333618164,22.530406618118285
2018-02-23,23.469999313354492,23.666000366210938,23.139999389648438,23.18866729736328,87261000,0.016985883239315713,22.28186664581299,22.540669946670533
2018-02-26,23.827999114990234,23.933332443237305,23.49066734313965,23.566667556762695,65100000,0.015253507120131848,22.30371997833252,22.55140327453613
2018-02-27,23.39933204650879,23.999332427978516,23.333999633789062,23.75,71961000,-0.017990057260484416,22.31966663360596,22.56069993019104
2018-02-28,22.87066650390625,23.682666778564453,22.814666748046875,23.504667282104492,91045500,-0.022593189478732012,22.326559982299806,22.566783266067503
2018-03-01,22.062000274658203,23.244667053222656,22.004667282104492,23.000667572021484,103284000,-0.03535822749677753,22.309866638183593,22.571799936294557
2018-03-02,22.341333389282227,22.347999572753906,21.531333923339844,21.798667907714844,76392000,0.012661277814635996,22.304866638183594,22.577836599349975
2018-03-05,22.22333335876465,22.516666412353516,21.952667236328125,22.159332275390625,57357000,-0.0052816914935877035,22.307866630554198,22.586916599273682
2018-03-06,21.8799991607666,22.424667358398438,21.802000045776367,22.25,64285500,-0.015449266428910424,22.30682662963867,22.591963262557982
2018-03-07,22.15333366394043,22.166667938232422,21.44933319091797,21.695999145507812,75109500,0.012492436638843696,22.307679977416992,22.599119930267335
2018-03-08,21.940000534057617,22.219999313354492,21.751333236694336,22.19066619873047,53493000,-0.009629843215428147,22.31287998199463,22.605369930267333
2018-03-09,21.81133270263672,21.89933204650879,21.4913330078125,21.606666564941406,82602000,-0.005864531827206032,22.326053314208984,22.61313992500305
2018-03-12,23.034000396728516,23.1473331451416,21.766666412353516,21.907333374023438,123960000,0.05605653312252623,22.371213340759276,22.624903259277342
2018-03-13,22.78933334350586,23.1473331451416,21.766666412353516,21.907333374023438,89487000,-0.010621995702379428,22.406520004272462,22.63323992729187
2018-03-14,21.775333404541016,22.65399932861328,21.595333099365234,22.450666427612305,119511000,-0.044494497652946774,22.42689334869385,22.63373659133911
2018-03-15,21.706666946411133,22.190000534057617,21.406667709350586,21.958667755126953,98472000,-0.003153405592199232,22.43365333557129,22.630569925308226
2018-03-16,21.42333221435547,21.82666778564453,21.271333694458008,21.528667449951172,91759500,-0.01305288982206032,22.439119987487793,22.62401659011841
2018-03-19,20.90399932861328,21.383333206176758,20.64466667175293,21.100000381469727,112264500,-0.024241461624452176,22.43770664215088,22.615079917907714
2018-03-20,20.703332901000977,21.083332061767578,20.583999633789062,20.9913330078125,71464500,-0.00959942757640797,22.429666633605958,22.605313243865968
2018-03-21,21.101999282836914,21.496000289916992,20.679332733154297,20.683332443237305,89376000,0.019256145072983122,22.403159942626953,22.59504990577698
2018-03-22,20.606666564941406,21.254667282104492,20.545333862304688,20.926000595092773,74097000,-0.02347326010471351,22.37037326812744,22.58046657562256
2018-03-23,20.1026668548584,20.75,20.030000686645508,20.75,99823500,-0.024458090225057294,22.326026611328125,22.561096572875975
2018-03-26,20.278667449951172,20.506000518798828,19.423999786376953,20.48933219909668,125628000,0.00875508689287341,22.28099994659424,22.53915657043457
2018-03-27,18.61199951171875,20.284666061401367,18.478666305541992,20.266666412353516,208080000,-0.08218823758246674,22.20494659423828,22.51310990333557
2018-03-28,17.185333251953125,17.91200065612793,16.80666732788086,17.6386661529541,315021000,-0.0766530355251378,22.095239906311036,22.479366569519044
2018-03-29,17.742000579833984,18.06399917602539,16.547332763671875,17.099332809448242,227560500,0.032392000767142104,21.987199935913086,22.44275990486145
2018-04-02,16.832000732421875,17.35533332824707,16.305999755859375,17.083999633789062,241710000,-0.05129071230255955,21.864413299560546,22.40003324508667
2018-04-03,17.8353328704834,18.22333335876465,16.965999603271484,17.988000869750977,282666000,0.05960860827013281,21.754426612854004,22.364096574783325
2018-04-04,19.12933349609375,19.224666595458984,16.799999237060547,16.851999282836914,298450500,0.07255264788199489,21.668266639709472,22.335943241119384
2018-04-05,20.381332397460938,20.417333602905273,19.213333129882812,19.28933334350586,286816500,0.06544916484533281,21.605506629943847,22.314583234786987
2018-04-06,19.953332901000977,20.618667602539062,19.700000762939453,20.066667556762695,202804500,-0.020999583742291605,21.543386611938477,22.290269899368287
2018-04-09,19.310667037963867,20.633333206176758,19.28066635131836,20.024667739868164,153747000,-0.03220844689083846,21.479413299560548,22.26135657310486
2018-04-10,20.31333351135254,20.47333335876465,19.57866668701172,19.931333541870117,164847000,0.05192293313418306,21.42854663848877,22.235386571884156
2018-04-11,20.062000274658203,20.59866714477539,19.977333068847656,20.049333572387695,112243500,-0.012372820864378187,21.363746643066406,22.207879905700683
2018-04-12,19.60533332824707,20.26333236694336,19.57866668701172,20.154666900634766,114132000,-0.022762782382571456,21.294759979248045,22.180076570510863
2018-04-13,20.022666931152344,20.26333236694336,19.73200035095215,20.239999771118164,109908000,0.021286738456213206,21.222799987792968,22.1593999004364
2018-04-16,19.413999557495117,19.977333068847656,19.267332077026367,19.933332443237305,95077500,-0.030398916175858104,21.145413322448732,22.132723236083983
2018-04-17,19.179332733154297,19.47800064086914,18.833999633789062,19.257999420166016,105000000,-0.012087505392479714,21.07066661834717,22.10836990356445
2018-04-18,19.55666732788086,20.016000747680664,19.21066665649414,19.405332565307617,98365500,0.019674020987929586,21.017626609802246,22.085616579055785
2018-04-19,20.005332946777344,20.067333221435547,19.23666763305664,19.405332565307617,91359000,0.02294182395058919,20.972439918518067,22.068103246688842
2018-04-20,19.349332809448242,19.998666763305664,19.316667556762695,19.67799949645996,84418500,-0.032791263163394424,20.899426574707032,22.05581991195679
2018-04-23,18.891332626342773,19.441333770751953,18.82200050354004,19.41933250427246,73401000,-0.023670076256160577,20.856946563720705,22.047333240509033
2018-04-24,18.8973331451416,19.139333724975586,18.56399917602539,19.0,85279500,0.0003176334310297513,20.820999870300295,22.037413244247436
2018-04-25,18.71266746520996,19.01066780090332,18.483333587646484,18.899999618530273,60204000,-0.009772049765610302,20.774279861450196,22.025626583099367
2018-04-26,19.031999588012695,19.05266761779785,18.433332443237305,18.583332061767578,65340000,0.017065024181957433,20.723373184204103,22.011713247299195
2018-04-27,19.60533332824707,19.631332397460938,18.922000885009766,19.024667739868164,65469000,0.030124724287798443,20.685733184814453,21.999899911880494
2018-04-30,19.593332290649414,19.915332794189453,19.5,19.573999404907227,63423000,-0.0006121312704419068,20.632173156738283,21.99006323814392
2018-05-01,19.994667053222656,20.05466651916504,19.54800033569336,19.567333221435547,69384000,0.02048323157183285,20.5847465133667,21.98077657699585
2018-05-02,20.07666778564453,20.456666946411133,19.851999282836914,19.904666900634766,134556000,0.0041011301765416786,20.53991985321045,21.974636583328248
2018-05-03,18.963333129882812,19.202667236328125,18.34866714477539,18.586000442504883,260281500,-0.055454155423032336,20.474786529541017,21.96003991127014
2018-05-04,19.606000900268555,19.790666580200195,18.634666442871094,18.866666793823242,128541000,0.03389002165305066,20.40534656524658,21.94964991569519
2018-05-07,20.184667587280273,20.3973331451416,19.67799949645996,19.833332061767578,130173000,0.029514774071228045,20.3396399307251,21.94059991836548
2018-05-08,20.131332397460938,20.516666412353516,19.933332443237305,20.053333282470703,88950000,-0.002642361564227369,20.26570659637451,21.93178991317749
2018-05-09,20.456666946411133,20.46733283996582,20.003332138061523,20.027332305908203,85911000,0.016160606885176954,20.206853294372557,21.919899911880492
2018-05-10,20.334667205810547,20.865999221801758,20.27400016784668,20.5,84774000,-0.0059638132116135445,20.156133308410645,21.908373250961304
2018-05-11,20.070667266845703,20.591999053955078,19.93866729736328,20.51333236694336,70194000,-0.012982751883414467,20.116306648254394,21.894109926223756
2018-05-14,19.46466636657715,20.32933235168457,19.441333770751953,20.221332550048828,109302000,-0.030193360898847388,20.058773307800294,21.87994659423828
2018-05-15,18.94533348083496,19.130666732788086,18.700000762939453,19.000667572021484,142788000,-0.02668080078854762,19.9932133102417,21.862983264923095
2018-05-16,19.09866714477539,19.253999710083008,18.770666122436523,18.922000885009766,85110000,0.008093479277920368,19.937586669921874,21.85065326690674
2018-05-17,18.96933364868164,19.279333114624023,18.931333541870117,19.059999465942383,66309000,-0.006771859790704271,19.873906669616698,21.83897660255432
2018-05-18,18.454666137695312,18.976667404174805,18.266666412353516,18.976667404174805,108778500,-0.027131554566867888,19.804199981689454,21.82261993408203
2018-05-21,18.965999603271484,19.432666778564453,18.753332138061523,18.755332946777344,137739000,0.027707543542699442,19.74729331970215,21.80175326347351
2018-05-22,18.333999633789062,19.200000762939453,18.22800064086914,19.18400001525879,134187000,-0.033322787235185114,19.65329330444336,21.774453258514406
2018-05-23,18.60466766357422,18.660667419433594,18.266666412353516,18.517332077026367,89776500,0.014763174167753412,19.569599990844726,21.749086599349976
2018-05-24,18.523332595825195,18.74066734313965,18.326000213623047,18.559999465942383,62650500,-0.004371756014124761,19.50455997467041,21.71996326446533
2018-05-25,18.59000015258789,18.642667770385742,18.374000549316406,18.5086669921875,58126500,0.003599112439287566,19.442226638793944,21.6917366027832
2018-05-29,18.917333602905273,19.100000381469727,18.40999984741211,18.567333221435547,84999000,0.017608039140968756,19.392106666564942,21.667856607437134
2018-05-30,19.447999954223633,19.667333602905273,18.773332595825195,18.88599967956543,112345500,0.028051857754248344,19.36298667907715,21.645806608200072
2018-05-31,18.98200035095215,19.357999801635742,18.86199951171875,19.1473331451416,88795500,-0.023961312441811322,19.328560028076172,21.619449949264528
2018-06-01,19.454666137695312,19.463333129882812,18.922666549682617,19.05733299255371,81366000,0.024900736382056587,19.295613365173338,21.595946617126465
2018-06-04,19.78266716003418,19.933332443237305,19.56999969482422,19.62266731262207,71967000,0.016859761047419486,19.279133377075194,21.573889951705933
2018-06-05,19.408666610717773,19.85333251953125,19.115999221801758,19.84666633605957,89928000,-0.018905466401010762,19.265253372192383,21.553626623153686
2018-06-06,21.299999237060547,21.47800064086914,19.832000732421875,20.03333282470703,281509500,0.09744783937389845,19.28568000793457,21.544306621551513
2018-06-07,21.07266616821289,22.0,20.905332565307617,21.07666778564453,215179500,-0.01067291441269691,19.334893341064454,21.537049951553346
2018-06-08,21.17733383178711,21.631999969482422,21.143333435058594,21.266666412353516,123078000,0.004966987221204366,19.414733352661134,21.529153289794923
2018-06-11,22.139999389648438,22.310667037963867,21.5,21.500667572021484,197752500,0.045457353862759176,19.502693328857422,21.522263288497925
2018-06-12,22.851333618164062,23.6646671295166,22.53333282470703,22.979999542236328,335211000,0.03212891816285279,19.623079986572264,21.51887661933899
2018-06-13,22.985332489013672,23.14666748046875,22.65333366394043,23.11400032043457,142047000,0.005863940944921264,19.72607997894287,21.517786617279054
2018-06-14,23.847999572753906,23.916667938232422,23.106666564941406,23.17533302307129,164715000,0.037531198826580514,19.820453300476075,21.52180661201477
2018-06-15,23.878000259399414,24.31133270263672,23.416667938232422,23.589332580566406,162724500,0.001257995940245893,19.890386657714842,21.525409946441652
2018-06-18,24.722000122070312,24.915332794189453,23.633333206176758,23.69333267211914,181098000,0.03534633777963303,19.98576000213623,21.531293277740478
2018-06-19,23.503332138061523,24.666667938232422,23.083332061767578,24.3439998626709,191428500,-0.04929487816484701,20.069613304138183,21.530176601409913
2018-06-20,24.148000717163086,24.29199981689453,23.46666717529297,23.869333267211914,125755500,0.027428816276547474,20.146306648254395,21.532449941635132
2018-06-21,23.167333602905273,24.413999557495117,23.084667205810547,24.133333206176758,119506500,-0.0406106959223671,20.208413314819335,21.53175661087036
2018-06-22,22.242000579833984,23.483333587646484,22.133333206176758,23.43600082397461,153991500,-0.039941282796361555,20.261146659851075,21.52812328338623
2018-06-25,22.200666427612305,22.564666748046875,21.833332061767578,22.007999420166016,103969500,-0.0018583828407574554,20.30470664978027,21.52225661277771
2018-06-26,22.799999237060547,22.90333366394043,21.719999313354492,22.40333366394043,111787500,0.02699616299368457,20.372426643371583,21.52178994178772
2018-06-27,22.96666717529297,23.38599967956543,22.633333206176758,23.0,125005500,0.007309997535504653,20.448173332214356,21.5153932762146
2018-06-28,23.32866668701172,23.801332473754883,23.073999404907227,23.243999481201172,125970000,0.01576195226568089,20.523613319396972,21.51111994743347
2018-06-29,22.863332748413086,23.590667724609375,22.827333450317383,23.55533218383789,97386000,-0.019946872439894237,20.58077331542969,21.50335994720459
2018-07-02,22.33799934387207,24.318666458129883,21.989999771118164,24.004667282104492,281397000,-0.022977114068266302,20.640546646118164,21.489169940948486
2018-07-03,20.724000930786133,22.166000366210938,20.645999908447266,22.116666793823242,184239000,-0.07225349003910242,20.67720001220703,21.46618660926819
2018-07-05,20.610666275024414,20.959333419799805,19.74799919128418,20.917333602905273,262146000,-0.005468763302039603,20.711466674804687,21.440906600952147
2018-07-06,20.593332290649414,20.80466651916504,20.133333206176758,20.329999923706055,132982500,-0.0008410200885162755,20.749079971313478,21.418839931488037
2018-07-09,21.233999252319336,21.23466682434082,20.53333282470703,20.799333572387695,113952000,0.031110407612896296,20.793119964599608,21.400373258590697
2018-07-10,21.49799919128418,21.845333099365234,21.280000686645508,21.637332916259766,142072500,0.012432888210448967,20.830973281860352,21.385703258514404
2018-07-11,21.263999938964844,21.46266746520996,21.004667282104492,21.053333282470703,73261500,-0.010884699093960615,20.86438663482666,21.374993257522583
2018-07-12,21.11400032043457,21.548667907714844,20.851333618164062,21.428667068481445,85818000,-0.007054158152785206,20.886773300170898,21.365566596984863
2018-07-13,21.257999420166016,21.30533218383789,20.616666793823242,21.038667678833008,88047000,0.006820076610119186,20.910399932861328,21.356773262023925
2018-07-16,20.67333221435547,21.01066780090332,20.416667938232422,20.78066635131836,117280500,-0.027503397391944295,20.944599914550782,21.34648325920105
2018-07-17,21.512666702270508,21.64933204650879,20.566667556762695,20.58733367919922,104943000,0.040599864560402654,20.98273323059082,21.34084659576416
2018-07-18,21.59000015258789,21.700000762939453,21.083332061767578,21.666667938232422,84363000,0.0035947868010812734,21.010839881896974,21.33509659767151
2018-07-19,21.34866714477539,21.569332122802734,20.93400001525879,21.088666915893555,88729500,-0.011177999356501767,21.035186576843262,21.32799659729004
2018-07-20,20.905332565307617,21.549333572387695,20.78066635131836,21.415332794189453,77433000,-0.020766382110007697,21.04415988922119,21.31647659301758
2018-07-23,20.213333129882812,20.366666793823242,19.52400016784668,20.12266731262207,164893500,-0.03310157507722111,21.041733207702638,21.299206590652467
2018-07-24,19.82866668701172,20.514667510986328,19.503332138061523,20.294666290283203,143862000,-0.01903033212777827,21.036893196105957,21.279906587600706
2018-07-25,20.582666397094727,20.641332626342773,19.633333206176758,19.78266716003418,106131000,0.03802573929879505,21.05925319671631,21.26385992050171
2018-07-26,20.44333267211914,20.713333129882812,20.242666244506836,20.323333740234375,69457500,-0.006769469139103035,21.089213180541993,21.251763248443602
2018-07-27,19.812000274658203,20.512666702270508,19.689332962036133,20.483333587646484,85549500,-0.030882068378310756,21.10347984313965,21.232293252944945
2018-07-30,19.344667434692383,19.739999771118164,19.075332641601562,19.726667404174805,102211500,-0.023588372374675926,21.110986518859864,21.210816593170165
2018-07-31,19.875999450683594,19.88800048828125,19.271333694458008,19.483333587646484,76153500,0.027466588287701876,21.13941318511963,21.191636590957643
2018-08-01,20.055999755859375,20.200000762939453,19.53333282470703,19.865999221801758,151941000,0.009056163722604094,21.161213188171388,21.173393259048463
2018-08-02,23.30266761779785,23.332666397094727,21.54400062561035,21.895999908447266,348225000,0.1618801307070199,21.260586547851563,21.173039932250976
2018-08-03,23.211332321166992,23.666667938232422,22.8353328704834,23.187332153320312,204847500,-0.003919521066382159,21.352719841003417,21.170513257980346
2018-08-06,22.799333572387695,23.665332794189453,22.788000106811523,23.03066635131836,128464500,-0.017749896605615545,21.43823986053467,21.16462658882141
2018-08-07,25.30466651916504,25.83066749572754,22.610000610351562,22.922666549682617,463137000,0.10988623587715551,21.57253318786621,21.173879919052123
2018-08-08,24.689332962036133,25.50933265686035,24.474666595458984,24.606000900268555,368568000,-0.024316999264261008,21.68797317504883,21.182293252944945
2018-08-09,23.496667861938477,24.46733283996582,23.048667907714844,24.3700008392334,257757000,-0.04830689844604441,21.768946533203124,21.187436590194704
2018-08-10,23.69933319091797,24.0,23.066667556762695,23.600000381469727,173280000,0.008625279557523235,21.86329319000244,21.193486595153807
2018-08-13,23.76066780090332,24.21266746520996,23.26799964904785,24.075332641601562,156958500,0.0025880310425296926,21.949413223266603,21.203676595687867
2018-08-14,23.176000595092773,23.946666717529297,23.139999389648438,23.89666748046875,104796000,-0.024606514038646665,22.017279891967775,21.210833263397216
2018-08-15,22.57933235168457,22.965999603271484,22.142667770385742,22.79400062561035,136519500,-0.02574509095993638,22.08069320678711,21.216773262023924
2018-08-16,22.363332748413086,22.818666458129883,22.254667282104492,22.660667419433594,90960000,-0.0095662528859215,22.10195987701416,21.221896591186525
2018-08-17,20.366666793823242,21.784666061401367,20.235332489013672,21.566667556762695,284379000,-0.08928302310985059,22.087839889526368,21.213219928741456
2018-08-20,20.562667846679688,20.566667556762695,19.213333129882812,19.446666717529297,261034500,0.009623619556435647,22.07554656982422,21.209006605148314
2018-08-21,21.459999084472656,21.652666091918945,20.600000381469727,20.707332611083984,197583000,0.043638852919460236,22.061946563720703,21.216553268432616
2018-08-22,21.44266700744629,21.591999053955078,20.97800064086914,21.391332626342773,89190000,-0.0008076457486387856,22.03377323150635,21.221736602783203
2018-08-23,21.34000015258789,21.821332931518555,21.206666946411133,21.275999069213867,77209500,-0.004787970396720964,22.00086658477783,21.227509937286378
2018-08-24,21.521333694458008,21.59000015258789,21.293333053588867,21.3799991607666,54039000,0.008497354291167936,21.954333267211915,21.233099937438965
2018-08-27,21.284666061401367,21.496000289916992,20.58733367919922,21.200000762939453,196189500,-0.010996885063753514,21.902466583251954,21.23805993080139
2018-08-28,20.790666580200195,21.2586669921875,20.746000289916992,21.227333068847656,114736500,-0.02320917226401842,21.823839912414552,21.2410165977478
2018-08-29,20.333999633789062,20.790000915527344,20.246000289916992,20.684667587280273,111711000,-0.021964997834462707,21.7604532623291,21.24168992996216
2018-08-30,20.209999084472656,20.30666732788086,19.847999572753906,20.150667190551758,108250500,-0.006098187840544389,21.681693229675293,21.237606592178345
2018-08-31,20.110666275024414,20.354000091552734,19.906667709350586,20.133333206176758,80626500,-0.004915032852453649,21.620559883117675,21.235259923934937
2018-09-04,19.26333236694336,19.87933349609375,19.200000762939453,19.79599952697754,125257500,-0.04213355721254075,21.560986518859863,21.227809925079345
2018-09-05,18.715999603271484,19.118667602539062,18.478666305541992,19.003332138061523,115812000,-0.028413192133419196,21.491293182373045,21.217223262786867
2018-09-06,18.729999542236328,19.411333084106445,18.591999053955078,18.98666763305664,112212000,0.000748019836589231,21.409893188476563,21.20585659980774
2018-09-07,17.549333572387695,17.889999389648438,16.816667556762695,17.34000015258789,337378500,-0.06303609176210712,21.30154651641846,21.190689935684205
2018-09-10,19.03333282470703,19.068666458129883,18.066667556762695,18.21733283996582,214252500,0.08456157301917577,21.215639839172365,21.179919939041138
2018-09-11,18.62933349609375,18.799999237060547,18.23666763305664,18.631332397460938,137550000,-0.021225884732538947,21.130959854125976,21.168866605758666
2018-09-12,19.369333267211914,19.5,18.57666778564453,18.762666702270508,150231000,0.039722289113205855,21.071586532592775,21.16052993774414
2018-09-13,19.297332763671875,19.666667938232422,19.011999130249023,19.201332092285156,95104500,-0.003717242227533002,21.043053169250488,21.15141326904297
2018-09-14,19.68000030517578,19.82200050354004,19.101333618164062,19.250667572021484,101484000,0.019830074248618157,21.024439849853515,21.143963270187378
2018-09-17,19.6560001373291,20.058000564575195,19.208667755126953,19.336000442504883,103314000,-0.001219520705005639,21.00569320678711,21.13972993850708
2018-09-18,18.997333526611328,20.176000595092773,18.366666793823242,19.779333114624023,248212500,-0.03350969709584439,20.96095989227295,21.131766605377198
2018-09-19,19.934667587280273,20.0,18.700000762939453,18.700666427612305,124423500,0.049340296066073375,20.92969326019287,21.129263277053834
2018-09-20,19.8886661529541,20.398666381835938,19.55533218383789,20.237333297729492,110241000,-0.0023076098021079794,20.902186584472656,21.126973276138305
2018-09-21,19.940000534057617,20.038667678833008,19.691333770751953,19.84666633605957,75757500,0.0025810871734046614,20.878706588745118,21.1254399394989
2018-09-24,19.978666305541992,20.200000762939453,19.57200050354004,19.898666381835938,72645000,0.0019391058399589323,20.853119926452635,21.12091326713562
2018-09-25,20.06599998474121,20.30666732788086,19.766666412353516,20.0,67225500,0.004371346808820453,20.84097328186035,21.117496604919435
2018-09-26,20.6386661529541,20.926000595092773,20.073999404907227,20.12733268737793,117648000,0.028539129305709343,20.823493270874025,21.115646600723267
2018-09-27,20.501333236694336,20.997333526611328,20.46066665649414,20.860000610351562,127636500,-0.006654156583666082,20.801719932556153,21.1085165977478
2018-09-28,17.65133285522461,18.53333282470703,17.37066650390625,18.017332077026367,504745500,-0.13901536785757185,20.727773246765135,21.08309659957886
2018-10-01,20.713333129882812,20.762666702270508,20.06999969482422,20.384666442871094,326664000,0.17347133498487532,20.72393325805664,21.073653268814088
2018-10-02,20.06800079345703,21.12266731262207,19.94333267211914,20.93000030517578,176152500,-0.0311554076004682,20.721026611328124,21.0613632774353
2018-10-03,19.65333366394043,20.30666732788086,19.437999725341797,20.222000122070312,119925000,-0.0206631011122842,20.7175199508667,21.04514660835266
2018-10-04,18.788667678833008,19.600000381469727,18.511333465576172,19.59666633605957,147213000,-0.043995894024528526,20.681639976501465,21.026133279800415
2018-10-05,17.463333129882812,18.325332641601562,17.333332061767578,18.309999465942383,269167500,-0.07053903829718033,20.622039985656738,21.003083276748658
2018-10-08,16.70400047302246,17.85066795349121,16.600000381469727,17.634666442871094,202090500,-0.043481542224090175,20.559879989624022,20.976943283081056
2018-10-09,17.520000457763672,17.784666061401367,16.886667251586914,17.016666412353516,180909000,0.04885057241581614,20.52338665008545,20.95398995399475
2018-10-10,17.125333786010742,17.700666427612305,16.51799964904785,17.640666961669922,192229500,-0.02252663592700077,20.46837333679199,20.931216621398924
2018-10-11,16.815332412719727,17.483333587646484,16.601999282836914,17.16866683959961,122515500,-0.01810191714594478,20.4035599899292,20.90952995300293
2018-10-12,17.25200080871582,17.465999603271484,16.80066680908203,17.399999618530273,108021000,0.025968466473239804,20.28254665374756,20.89190996170044
2018-10-15,17.305999755859375,17.552000045776367,16.96933364868164,17.270666122436523,93000000,0.003130010700919561,20.164440002441406,20.873319959640504
2018-10-16,18.439332962036133,18.492000579833984,17.482667922973633,17.713333129882812,142896000,0.06548787831763603,20.077239990234375,20.861733293533327
2018-10-17,18.118667602539062,18.84666633605957,17.719999313354492,18.82666778564453,129832500,-0.017390290644313078,19.933520011901855,20.845483293533324
2018-10-18,17.5939998626709,18.066667556762695,17.53333282470703,17.952667236328125,81318000,-0.028957302566477883,19.791613349914552,20.827703294754027
2018-10-19,17.333332061767578,17.977333068847656,16.899999618530273,17.826000213623047,140632500,-0.014815721435600171,19.66834663391113,20.80949662208557
2018-10-22,17.39666748046875,17.457332611083984,16.839332580566406,17.3786678314209,84004500,0.0036539667315824698,19.54229331970215,20.79095329284668
2018-10-23,19.609333038330078,19.86199951171875,17.47333335876465,17.591333389282227,285417000,0.12718904700256473,19.459266624450684,20.776863288879394
2018-10-24,19.233333587646484,20.29599952697754,19.048667907714844,20.06999969482422,300874500,-0.019174515010206283,19.380413284301756,20.76179995536804
2018-10-25,20.99066734313965,21.399999618530273,20.067333221435547,21.148000717163086,312610500,0.09136917152114976,19.34863998413086,20.75515329360962
2018-10-26,22.059999465942383,22.65999984741211,20.44333267211914,20.549999237060547,411382500,0.05094321706509364,19.342573318481445,20.752803287506104
2018-10-29,22.323333740234375,23.143999099731445,21.766666412353516,22.49799919128418,217290000,0.011937184073759655,19.38170665740967,20.752346620559692
2018-10-30,21.99333381652832,22.52666664123535,21.483999252319336,21.892667770385742,136900500,-0.01478273485251358,19.41031997680664,20.748959951400757
2018-10-31,22.488000869750977,22.799999237060547,21.940000534057617,22.16933250427246,114364500,0.022491681222557736,19.43088001251221,20.745679960250854
2018-11-01,22.95199966430664,23.189332962036133,22.315332412719727,22.55066680908203,120001500,0.020633172207841666,19.461066665649415,20.745583295822144
2018-11-02,23.0939998626709,23.280000686645508,22.727333068847656,22.916000366210938,117120000,0.006186833410645631,19.496146659851075,20.744379959106446
2018-11-05,22.760000228881836,22.930667877197266,22.00933265686035,22.700000762939453,117465000,-0.014462615214999586,19.52091999053955,20.740993299484252
2018-11-06,22.737333297729492,23.253332138061523,22.4060001373291,22.60466766357422,101443500,-0.0009959108490508184,19.549973335266113,20.73708330154419
2018-11-07,23.21066665649414,23.41200065612793,22.719999313354492,22.889333724975586,110617500,0.020817452625894184,19.598373336791994,20.737839965820314
2018-11-08,23.426666259765625,23.838666915893555,23.229333877563477,23.233333587646484,106360500,0.00930604908804078,19.660226669311523,20.74242663383484
2018-11-09,23.367332458496094,23.600000381469727,23.01533317565918,23.266666412353516,76482000,-0.0025327462564075365,19.723373336791994,20.74497996330261
2018-11-12,22.0853328704834,23.318666458129883,22.022666931152344,23.224666595458984,104122500,-0.05486289846261738,19.76286666870117,20.738896627426147
2018-11-13,22.582000732421875,22.979999542236328,22.14666748046875,22.21066665649414,81729000,0.022488583932654294,19.82924003601074,20.736533298492432
2018-11-14,22.933332443237305,23.140666961669922,22.476667404174805,22.84666633605957,75604500,0.015558041777538723,19.913586692810057,20.733096628189088
2018-11-15,23.229333877563477,23.238666534423828,22.6026668548584,22.82200050354004,69385500,0.012907039788430774,20.003573379516602,20.73282663345337
2018-11-16,23.62066650390625,23.713333129882812,23.007999420166016,23.012666702270508,108093000,0.016846485069498707,20.125000038146972,20.736346626281737
2018-11-19,23.564666748046875,24.450000762939453,23.525333404541016,23.756000518798828,145633500,-0.0023707949075066903,20.21562671661377,20.743126621246336
2018-11-20,23.166000366210938,23.31999969482422,22.23666763305664,22.78333282470703,120070500,-0.01691797240752324,20.306360054016114,20.74763328552246
2018-11-21,22.54599952697754,23.540000915527344,22.49333381652832,23.46666717529297,70302000,-0.026763395900558984,20.369893379211426,20.74536328315735
2018-11-23,21.722000122070312,22.5,21.703332901000977,22.290000915527344,63039000,-0.03654747725516738,20.418386726379396,20.748896617889404
2018-11-26,23.066667556762695,23.08133316040039,21.666667938232422,21.666667938232422,119881500,0.061903481591741416,20.486120071411133,20.760756616592406
2018-11-27,22.92799949645996,23.130666732788086,22.366666793823242,22.670000076293945,95374500,-0.00601162087941387,20.55156005859375,20.77015327453613
2018-11-28,23.191333770751953,23.218666076660156,22.81399917602539,23.06599998474121,61914000,0.011485270415007243,20.635440063476562,20.778223276138306
2018-11-29,22.744667053222656,23.166667938232422,22.636667251586914,23.133333206176758,46210500,-0.019260070246266525,20.69164005279541,20.784509944915772
2018-11-30,23.365333557128906,23.440000534057617,22.55066680908203,22.788667678833008,84436500,0.027288440954263526,20.761173400878906,20.789979944229128
2018-12-03,23.89933204650879,24.399999618530273,23.46666717529297,24.0,124597500,0.022854306277042546,20.84036003112793,20.79764660835266
2018-12-04,23.979999542236328,24.57866668701172,23.46666717529297,23.73666763305664,126928500,0.00337530335871139,20.920386695861815,20.805956602096558
2018-12-06,24.20400047302246,24.492000579833984,23.384000778198242,23.733999252319336,117637500,0.009341156591416766,21.00314670562744,20.815876607894896
2018-12-07,23.864667892456055,25.299333572387695,23.843332290649414,24.600000381469727,172668000,-0.014019689883274622,21.06766674041748,20.819809951782226
2018-12-10,24.343332290649414,24.398666381835938,23.541332244873047,24.0,99202500,0.020057450635827756,21.144506721496583,20.8241766166687
2018-12-11,24.450666427612305,24.81133270263672,24.01533317565918,24.660667419433594,94632000,0.004409180127082246,21.280493392944337,20.827289953231812
2018-12-12,24.440000534057617,24.79400062561035,24.3439998626709,24.628000259399414,75405000,-0.00043622097525497505,21.35502674102783,20.832493295669554
2018-12-13,25.119333267211914,25.16266632080078,24.450000762939453,24.676666259765625,110488500,0.027795937737711274,21.45605339050293,20.843736629486084
2018-12-14,24.380666732788086,25.191333770751953,24.288667678833008,25.0,95064000,-0.029406295404663663,21.550600051879883,20.855329961776732
2018-12-17,23.22800064086914,24.3799991607666,22.92533302307129,24.133333206176758,115110000,-0.04727787408573181,21.639386711120604,20.859763298034668
2018-12-18,22.468666076660156,23.43666648864746,22.246000289916992,23.369333267211914,106500000,-0.03269048317800338,21.739493370056152,20.860989961624146
2018-12-19,22.197999954223633,23.134000778198242,21.982667922973633,22.50666618347168,124113000,-0.012046381459097089,21.849373359680175,20.86257996559143
2018-12-20,21.025333404541016,22.019332885742188,20.791332244873047,21.803333282470703,136078500,-0.052827576903363926,21.919480018615722,20.856939964294433
2018-12-21,21.31800079345703,21.564666748046875,20.82933235168457,21.15999984741211,120252000,0.013919750202525005,22.00333335876465,20.85382996559143
2018-12-24,19.69266700744629,20.96666717529297,19.68000030517578,20.899999618530273,83398500,-0.07624231754928879,22.06088005065918,20.843236637115478
2018-12-26,21.73933219909668,21.79800033569336,19.606000900268555,20.0,122446500,0.10393032040182759,22.150626678466796,20.83676329612732
2018-12-27,21.075332641601562,21.47800064086914,20.100000381469727,21.32266616821289,128626500,-0.030543696163891743,22.22601333618164,20.828193292617797
2018-12-28,22.257999420166016,22.416000366210938,21.227333068847656,21.540000915527344,149085000,0.05611616189772173,22.302386665344237,20.830606622695925
2018-12-31,22.18666648864746,22.61400032043457,21.68400001525879,22.519332885742188,94534500,-0.0032048222381534375,22.383746643066406,20.833006620407104
2019-01-02,20.674667358398438,21.0086669921875,19.920000076293945,20.406667709350586,174879000,-0.06814899980682931,22.445359992980958,20.82926329612732
2019-01-03,20.02400016784668,20.626667022705078,19.825332641601562,20.46666717529297,104478000,-0.03147171266518323,22.49917335510254,20.824863300323486
2019-01-04,21.179332733154297,21.200000762939453,20.18199920654297,20.399999618530273,110911500,0.0576973909120706,22.57482666015625,20.827243299484252
2019-01-07,22.33066749572754,22.44933319091797,21.183332443237305,21.447999954223633,113268000,0.05436123871697496,22.6292533493042,20.833386640548706
2019-01-08,22.356666564941406,22.93400001525879,21.801332473754883,22.797332763671875,105127500,0.0011642764023440666,22.691720008850098,20.842136640548706
2019-01-09,22.568666458129883,22.899999618530273,22.097999572753906,22.366666793823242,81493500,0.009482625353500751,22.7232799911499,20.854466638565064
2019-01-10,22.99799919128418,23.025999069213867,22.119333267211914,22.293333053588867,90846000,0.019023398389568458,22.74203998565674,20.86806329727173
2019-01-11,23.150667190551758,23.227333068847656,22.584667205810547,22.805999755859375,75586500,0.0066383165769237085,22.758586654663088,20.890756635665895
2019-01-14,22.293333053588867,22.833332061767578,22.266666412353516,22.825332641601562,78709500,-0.03703280470952408,22.764586639404296,20.916296634674072
2019-01-15,22.961999893188477,23.253332138061523,22.299999237060547,22.333332061767578,90849000,0.029994027272290946,22.774066619873047,20.942396631240843
2019-01-16,23.06999969482422,23.46666717529297,22.899999618530273,22.985332489013672,70375500,0.004703414429845898,22.7764266204834,20.973586626052857
2019-01-17,23.15399932861328,23.433332443237305,22.94333267211914,23.08066749572754,55150500,0.0036410765019605495,22.777626609802248,21.000179958343505
2019-01-18,20.150667190551758,21.808666229248047,19.98200035095215,21.53333282470703,362262000,-0.1297111611448507,22.725439949035646,21.005286626815796
2019-01-22,19.92799949645996,20.53333282470703,19.700000762939453,20.321332931518555,181000500,-0.011050140026936717,22.669253273010256,21.00301996231079
2019-01-23,19.172666549682617,19.633333206176758,18.779333114624023,19.5,187950000,-0.03790309945117787,22.588493270874025,20.999116630554198
2019-01-24,19.43400001525879,19.57866668701172,18.618667602539062,18.868667602539062,120183000,0.013630522645296628,22.508639945983887,20.999733295440674
2019-01-25,19.80266761779785,19.90133285522461,19.303333282470703,19.625999450683594,108744000,0.018970237843449533,22.43734664916992,20.9971799659729
2019-01-28,19.7586669921875,19.83066749572754,19.183332443237305,19.527332305908203,96349500,-0.0022219544588429896,22.390813331604004,20.995663299560547
2019-01-29,19.83066749572754,19.90399932861328,19.453332901000977,19.684667587280273,69325500,0.0036439960027925267,22.335786666870117,20.99678997039795
2019-01-30,20.584667205810547,20.600000381469727,19.89933204650879,20.030000686645508,168754500,0.038021902704256094,22.288813362121584,20.99959997177124
2019-01-31,20.468000411987305,20.770666122436523,19.600000381469727,20.066667556762695,188538000,-0.005667655087972956,22.233586692810057,21.0048699760437
2019-02-01,20.81399917602539,21.073333740234375,20.233333587646484,20.3613338470459,109251000,0.01690437546773982,22.17745334625244,21.013043308258055
2019-02-04,20.859333038330078,21.020000457763672,20.125333786010742,20.865333557128906,110281500,0.002178046704109926,22.123346672058105,21.019556636810304
2019-02-05,21.42333221435547,21.496000289916992,20.816667556762695,20.832666397094727,101142000,0.027038217137097087,22.088493309020997,21.026646633148193
2019-02-06,21.148000717163086,21.615999221801758,21.041332244873047,21.305999755859375,75577500,-0.012851945460094494,22.060533332824708,21.035639972686766
2019-02-07,20.500667572021484,20.979999542236328,20.200000762939453,20.886667251586914,97809000,-0.030609661584522496,22.036106681823732,21.04368664741516
2019-02-08,20.386667251586914,20.496667861938477,19.899999618530273,20.455333709716797,87663000,-0.005560810155770368,21.982506675720217,21.05113331794739
2019-02-11,20.856000900268555,21.239999771118164,20.700000762939453,20.773332595825195,106945500,0.02302159754165345,21.941066703796388,21.06184998512268
2019-02-12,20.78733253479004,21.21266746520996,20.641332626342773,21.079999923706055,82764000,-0.003292499161602569,21.892986679077147,21.070626649856568
2019-02-13,20.544666290283203,20.850000381469727,20.3713321685791,20.823333740234375,77124000,-0.011673755836671518,21.84898666381836,21.075323314666747
2019-02-14,20.251333236694336,20.451332092285156,20.066667556762695,20.225332260131836,78012000,-0.014277820308407851,21.786706657409667,21.078613319396972
2019-02-15,20.525333404541016,20.53333282470703,20.260000228881836,20.299999237060547,58573500,0.013529981687833148,21.719226684570312,21.081266651153566
2019-02-19,20.375999450683594,20.769332885742188,20.364667892456055,20.437332153320312,62526000,-0.007275592114103446,21.64714668273926,21.08276330947876
2019-02-20,20.17066764831543,20.420000076293945,19.933332443237305,20.29400062561035,107131500,-0.010077140160173803,21.566480026245117,21.088799982070924
2019-02-21,19.415332794189453,20.215999603271484,19.366666793823242,20.12066650390625,133638000,-0.03744719150082565,21.477493324279784,21.087846641540526
2019-02-22,19.6473331451416,19.766666412353516,19.47333335876465,19.632667541503906,86109000,0.011949336815981981,21.38357334136963,21.085159969329833
2019-02-25,19.917999267578125,20.19333267211914,19.799999237060547,19.860666275024414,99397500,0.013776227055194656,21.292919998168944,21.08409330368042
2019-02-26,19.857332229614258,20.134000778198242,19.251333236694336,19.481332778930664,128737500,-0.0030458399535449043,21.201266632080078,21.081096630096436
2019-02-27,20.982667922973633,21.086666107177734,20.036666870117188,20.118667602539062,167758500,0.05667104122280353,21.118533325195312,21.084336633682252
2019-02-28,21.325332641601562,21.333332061767578,20.720666885375977,21.261333465576172,157810500,0.016330846005180755,21.05742664337158,21.09060996055603
2019-03-01,19.652666091918945,20.475332260131836,19.459999084472656,20.46266746520996,343671000,-0.07843566043230532,20.985919952392578,21.09154995918274
2019-03-04,19.02400016784668,19.933332443237305,18.851999282836914,19.874666213989258,256452000,-0.03198883658491347,20.91702663421631,21.0919432926178
2019-03-05,18.43600082397461,18.933332443237305,18.00666618347168,18.799999237060547,281470500,-0.03090829156245878,20.84178665161133,21.088629961013794
2019-03-06,18.416000366210938,18.767332077026367,18.292667388916016,18.43199920654297,155032500,-0.0010848588017886573,20.789599990844728,21.08586329460144
2019-03-07,18.439332962036133,18.979999542236328,18.28333282470703,18.589332580566406,141637500,0.0012669741182240735,20.732026634216307,21.085786628723145
2019-03-08,18.94266700744629,19.03933334350586,18.392667770385742,18.46066665649414,132294000,0.02729675994497449,20.71702663421631,21.085669965744017
2019-03-11,19.39466667175293,19.41866683959961,18.700000762939453,18.90133285522461,110884500,0.023861458586003748,20.670133323669432,21.09097330093384
2019-03-12,18.890666961669922,19.204666137695312,18.737333297729492,19.099332809448242,112561500,-0.025986510550194186,20.6264400100708,21.092403297424315
2019-03-13,19.263999938964844,19.465999603271484,18.84666633605957,18.926666259765625,102670500,0.019762826693860758,20.566560020446776,21.096106634140014
2019-03-14,19.33066749572754,19.69266700744629,19.21933364868164,19.496667861938477,106551000,0.0034607328163371864,20.50944004058838,21.099809970855713
2019-03-15,18.36199951171875,18.9146671295166,18.293333053588867,18.900667190551758,221782500,-0.05011042604829263,20.463186683654786,21.09703330039978
2019-03-18,17.965999603271484,18.536666870117188,17.81999969482422,18.399999618530273,154215000,-0.021566273770704303,20.42202667236328,21.08962329864502
2019-03-19,17.83133316040039,18.219999313354492,17.56399917602539,17.833332061767578,177009000,-0.007495627621330492,20.3550666809082,21.083869962692262
2019-03-20,18.239999771118164,18.33133316040039,17.753332138061523,17.979333877563477,103623000,0.02291845522943481,20.273253326416015,21.077796630859375
2019-03-21,18.26799964904785,18.43000030517578,17.89666748046875,18.17333221435547,89206500,0.0015350810461096653,20.191479988098145,21.070223293304444
2019-03-22,17.635332107543945,18.18666648864746,17.600000381469727,18.172000885009766,131184000,-0.03463255713040714,20.092813301086426,21.061356620788573
2019-03-25,17.3613338470459,17.545333862304688,16.964000701904297,17.31399917602539,153225000,-0.015536892576059724,19.98007999420166,21.0416632938385
2019-03-26,17.851333618164062,18.017332077026367,17.6286678314209,17.62933349609375,110263500,0.028223624718877183,19.874093322753907,21.025556631088257
2019-03-27,18.32200050354004,18.357999801635742,17.8786678314209,17.916667938232422,131688000,0.026365922874079573,19.79466667175293,21.01127996444702
2019-03-28,18.57466697692871,18.68866729736328,18.34000015258789,18.477333068847656,101611500,0.013790332193247767,19.706920013427734,20.993453302383422
2019-03-29,18.657333374023438,18.67733383178711,18.299999237060547,18.579999923706055,89869500,0.004450491478388496,19.618666687011718,20.97248330116272
2019-04-01,19.278667449951172,19.280000686645508,18.75200080871582,18.841333389282227,121656000,0.03330240519756256,19.541160049438478,20.953949975967408
2019-04-02,19.058666229248047,19.29599952697754,18.92533302307129,19.219999313354492,82183500,-0.011411640419352831,19.519320030212402,20.930003309249877
2019-04-03,19.45400047302246,19.744667053222656,19.14466667175293,19.154666900634766,118791000,0.020743017324461155,19.50984004974365,20.90788331031799
2019-04-04,17.851999282836914,18.079999923706055,17.37266731262207,17.459333419799805,355810500,-0.08234816239503528,19.48342670440674,20.873533306121825
2019-04-05,18.33066749572754,18.406667709350586,17.74066734313965,17.99066734313965,195574500,0.02681314318395822,19.46136005401611,20.847669982910155
2019-04-08,18.213333129882812,18.743999481201172,18.029333114624023,18.512666702270508,156156000,-0.0064009870820075365,19.429573364257813,20.817996644973753
2019-04-09,18.15399932861328,18.333332061767578,17.974000930786133,18.110000610351562,88560000,-0.003257712404775681,19.397480010986328,20.792929973602295
2019-04-10,18.40399932861328,18.558666229248047,18.19266700744629,18.44933319091797,105919500,0.013771070245990558,19.368946647644044,20.77373996734619
2019-04-11,17.89466667175293,18.03333282470703,17.706666946411133,17.886667251586914,147538500,-0.027675107337592375,19.31514663696289,20.752209968566895
2019-04-12,17.84666633605957,18.1299991607666,17.788667678833008,18.014667510986328,101190000,-0.00268238221889483,19.262719955444336,20.72744330406189
2019-04-15,17.7586669921875,17.92533302307129,17.242000579833984,17.908666610717773,150579000,-0.004930856117047799,19.201613311767577,20.701403303146364
2019-04-16,18.224000930786133,18.333332061767578,17.648000717163086,17.71666717529297,109093500,0.026203202008537207,19.1489066696167,20.675879974365234
2019-04-17,18.082000732421875,18.319332122802734,17.902666091918945,18.316667556762695,76897500,-0.007791933226055425,19.082080039978027,20.65197331428528
2019-04-18,18.21733283996582,18.32266616821289,17.983333587646484,18.082000732421875,88144500,0.007484354720840525,19.023466682434083,20.631369981765747
2019-04-22,17.516666412353516,17.978666305541992,17.498666763305664,17.933332443237305,182206500,-0.03846152638080802,18.96378665924072,20.615333309173582
2019-04-23,17.593332290649414,17.706666946411133,17.049999237060547,17.343332290649414,164158500,0.004376739071872082,18.90791996002197,20.600246639251708
2019-04-24,17.243999481201172,17.687999725341797,17.200000762939453,17.59000015258789,160912500,-0.019855977462206353,18.835679931640627,20.583499975204468
2019-04-25,16.5086669921875,17.266666412353516,16.404666900634766,17.0,327741000,-0.0426428039397303,18.750106620788575,20.559873313903807
2019-04-26,15.675999641418457,16.44533348083496,15.408666610717773,16.433332443237305,335410500,-0.05043819414148287,18.65273328781128,20.53076331615448
2019-04-29,16.097999572753906,16.26533317565918,15.477999687194824,15.723999977111816,250717500,0.026920128922461872,18.56966661453247,20.504933314323424
2019-04-30,15.912667274475098,16.28066635131836,15.800000190734863,16.137332916259766,141969000,-0.011512753335668258,18.477413291931153,20.478926649093626
2019-05-01,15.600666999816895,16.0,15.433333396911621,15.923333168029785,160566000,-0.019607038171323476,18.38190664291382,20.45063998699188
2019-05-02,16.273332595825195,16.475332260131836,15.847999572753906,16.368000030517578,272389500,0.043117745928183515,18.303959941864015,20.42863998889923
2019-05-03,17.00200080871582,17.107332229614258,16.232667922973633,16.257333755493164,355602000,0.044776827893111326,18.25569330215454,20.40608665943146
2019-05-06,17.022666931152344,17.22333335876465,16.566667556762695,16.667999267578125,162508500,0.0012155112018303882,18.203199977874757,20.38324999332428
2019-05-07,16.470666885375977,17.1473331451416,16.34000015258789,17.1200008392334,151971000,-0.03242735395158203,18.134253330230713,20.358859992027284
2019-05-08,16.32266616821289,16.706666946411133,16.280000686645508,16.46266746520996,92646000,-0.008985714919320764,18.063560009002686,20.33594666004181
2019-05-09,16.131999969482422,16.245332717895508,15.795999526977539,16.133333206176758,100671000,-0.011681069548660883,17.966546649932862,20.315539994239806
2019-05-10,15.968000411987305,16.132667541503906,15.73466682434082,15.983332633972168,105124500,-0.010166102021160528,17.859400005340575,20.296236662864686
2019-05-13,15.133999824523926,15.498000144958496,14.966667175292969,15.46733283996582,162522000,-0.052229494360313766,17.769026679992677,20.26899333000183
2019-05-14,15.487333297729492,15.633333206176758,15.199999809265137,15.286666870117188,108786000,0.02334699863237777,17.698293342590333,20.24421333312988
2019-05-15,15.463333129882812,15.496000289916992,15.016667366027832,15.288000106811523,109440000,-0.00154966432150061,17.638839988708497,20.222469997406005
2019-05-16,15.222000122070312,15.399999618530273,15.100000381469727,15.299332618713379,112249500,-0.01560679096708617,17.574959983825682,20.201856660842896
2019-05-17,14.0686674118042,14.815999984741211,13.928000450134277,14.797332763671875,266800500,-0.07576748791335908,17.487546672821043,20.1728200006485
2019-05-20,13.690667152404785,13.733332633972168,13.016667366027832,13.520000457763672,307893000,-0.02686823480397693,17.382506675720215,20.140993337631226
2019-05-21,13.67199993133545,13.826666831970215,13.06933307647705,13.184000015258789,270058500,-0.0013634997375607805,17.268053340911866,20.092839999198915
2019-05-22,12.84866714477539,13.595999717712402,12.785332679748535,13.273332595825195,280278000,-0.06022036210467108,17.147213344573974,20.041026673316956
2019-05-23,13.03266716003418,13.29800033569336,12.414667129516602,12.956000328063965,398206500,0.014320552722358215,17.02258668899536,19.992193341255188
2019-05-24,12.708666801452637,13.331999778747559,12.583333015441895,13.321999549865723,212049000,-0.02486063325357668,16.890146675109865,19.929213342666625
2019-05-28,12.579999923706055,13.0,12.523332595825195,12.74666690826416,154693500,-0.010124341109633561,16.77450668334961,19.868666677474977
2019-05-29,12.657333374023438,12.826000213623047,12.336000442504883,12.473333358764648,179529000,0.006147333130873456,16.66833335876465,19.8144700050354
2019-05-30,12.54800033569336,12.817333221435547,12.468000411987305,12.583333015441895,118897500,-0.008637920413351985,16.56266670227051,19.75871334075928
2019-05-31,12.343999862670898,12.661333084106445,12.273332595825195,12.34000015258789,156100500,-0.016257608189742534,16.44474670410156,19.701630001068114
2019-06-03,11.9313325881958,12.445332527160645,11.799332618713379,12.36733341217041,195966000,-0.03343059616543187,16.31801336288452,19.64540666103363
2019-06-04,12.90666675567627,12.932000160217285,11.973999977111816,12.073332786560059,207112500,0.08174561896341825,16.223440055847167,19.597043333053588
2019-06-05,13.105999946594238,13.41866683959961,12.789999961853027,13.245332717895508,202662000,0.01544420373527533,16.138333377838133,19.550756669044496
2019-06-06,13.729999542236328,14.066666603088379,13.453332901000977,13.629332542419434,303633000,0.0476117502048552,16.055906696319582,19.51757333278656
2019-06-07,13.633333206176758,14.055999755859375,13.566666603088379,13.666666984558105,240052500,-0.007040519976872828,15.962133350372314,19.482926659584045
2019-06-10,14.192000389099121,14.462667465209961,13.934000015258789,14.016667366027832,158775000,0.0409780333593881,15.874480018615722,19.446586666107176
2019-06-11,14.473333358764648,14.726667404174805,14.233332633972168,14.609333038330078,174802500,0.01982334850283829,15.790800018310547,19.41173999786377
2019-06-12,13.950667381286621,14.892000198364258,13.933333396911621,14.863332748413086,227962500,-0.03611234292213106,15.684240016937256,19.374793334007265
2019-06-13,14.260666847229004,14.326666831970215,13.833999633789062,14.025333404541016,122524500,0.022221120858935794,15.588280029296875,19.338489999771117
2019-06-14,14.32800006866455,14.44333267211914,14.026666641235352,14.083333015441895,111501000,0.004721603986466594,15.485760021209718,19.303706669807433
2019-06-17,15.001999855041504,15.133333206176758,14.284667015075684,14.36533260345459,184752000,0.04704074421740101,15.428760032653809,19.27476333618164
2019-06-18,14.982666969299316,15.649333000183105,14.837332725524902,15.248000144958496,190737000,-0.0012886872369679558,15.361800022125244,19.24800667285919
2019-06-19,15.095333099365234,15.184666633605957,14.737333297729492,15.007332801818848,98626500,0.007519764691878983,15.299440021514892,19.222433342933655
2019-06-20,14.641332626342773,15.126667022705078,14.423333168029785,14.866666793823242,177952500,-0.030075551830091918,15.229186687469483,19.195086674690245
2019-06-21,14.790666580200195,14.812000274658203,14.366666793823242,14.414667129516602,123031500,0.010199478262568729,15.15692003250122,19.17272334575653
2019-06-24,14.909333229064941,15.057332992553711,14.73466682434082,14.88266658782959,86262000,0.008023076459826362,15.09721336364746,19.153690013885498
2019-06-25,14.650667190551758,15.022666931152344,14.63266658782959,14.959333419799805,92731500,-0.01734926938308201,15.033293380737305,19.133293352127076
2019-06-26,14.618000030517578,15.148667335510254,14.539999961853027,14.687333106994629,127608000,-0.002229738728571129,14.970480041503906,19.118636684417723
2019-06-27,14.855999946594238,14.859999656677246,14.489999771118164,14.630000114440918,95095500,0.016281291255971775,14.903120021820069,19.09775002002716
2019-06-28,14.897333145141602,15.011333465576172,14.720000267028809,14.732666969299316,102771000,0.002782256239630465,14.839426670074463,19.0790900182724
2019-07-01,15.14466667175293,15.539999961853027,15.085332870483398,15.347332954406738,123201000,0.016602537125377292,14.777973346710205,19.057966685295106
2019-07-02,14.970000267028809,15.276666641235352,14.814666748046875,15.259332656860352,138885000,-0.011533195712382427,14.727040023803712,19.03633002281189
2019-07-03,15.65999984741211,16.10466766357422,15.633999824523926,15.959333419799805,213016500,0.0460921555160565,14.688373374938966,19.01623002052307
2019-07-05,15.539999961853027,15.696666717529297,15.386667251586914,15.637999534606934,105985500,-0.0076628280158580475,14.654293384552002,18.99565001964569
2019-07-08,15.355999946594238,15.483332633972168,15.244000434875488,15.416000366210938,88207500,-0.011840412851381266,14.631240043640137,18.977443351745606
2019-07-09,15.337332725524902,15.399999618530273,15.152000427246094,15.264666557312012,92862000,-0.0012156304463569745,14.624466705322266,18.954456677436827
2019-07-10,15.928000450134277,15.929332733154297,15.542667388916016,15.609999656677246,137185500,0.038511763106394925,14.621066722869873,18.93465334892273
2019-07-11,15.90666675567627,16.100000381469727,15.720000267028809,15.87600040435791,112716000,-0.0013393830898483783,14.620946712493897,18.914486680030823
2019-07-12,16.338666915893555,16.358667373657227,15.980667114257812,15.983332633972168,138007500,0.027158434061185455,14.63570671081543,18.89628668308258
2019-07-15,16.899999618530273,16.961332321166992,16.323999404907227,16.53333282470703,165001500,0.034356089485530594,14.648240051269532,18.880456681251527
2019-07-16,16.825332641601562,16.902000427246094,16.528667449951172,16.6200008392334,122235000,-0.004418164415035952,14.644706687927247,18.861390013694763
2019-07-17,16.99066734313965,17.220666885375977,16.889999389648438,17.044666290283203,146470500,0.009826533897421275,14.644066696166993,18.84383668422699
2019-07-18,16.902666091918945,17.049999237060547,16.792667388916016,17.003332138061523,71379000,-0.00517938756868408,14.652706680297852,18.840093350410463
2019-07-19,17.211999893188477,17.33066749572754,16.974666595458984,17.04599952697754,105726000,0.01830088813133579,14.670493354797363,18.82258668422699
2019-07-22,17.045333862304688,17.476667404174805,16.945999145507812,17.25,102636000,-0.009683129904604848,14.688760032653809,18.80747334957123
2019-07-23,17.344667434692383,17.365333557128906,16.96666717529297,17.11400032043457,75346500,0.017561027246856264,14.71629337310791,18.795930018424986
2019-07-24,17.658666610717773,17.738000869750977,17.21066665649414,17.277999877929688,166092000,0.018103499372800647,14.766786708831788,18.790280013084413
2019-07-25,15.254667282104492,15.633333206176758,15.036666870117188,15.566666603088379,336274500,-0.13613708110635003,14.762133388519286,18.77923668384552
2019-07-26,15.202667236328125,15.350666999816895,14.816666603088379,15.128000259399414,150415500,-0.003408795800965758,14.756920070648194,18.771730017662048
2019-07-29,15.718000411987305,15.72933292388916,15.0686674118042,15.13933277130127,139099500,0.03389755018959728,14.766840076446533,18.762720017433168
2019-07-30,16.150667190551758,16.224000930786133,15.478667259216309,15.526666641235352,121635000,0.02752683338998274,14.808480072021485,18.75784668445587
2019-07-31,16.107332229614258,16.44533348083496,15.776666641235352,16.200000762939453,137673000,-0.002683168467668695,14.856813373565673,18.754306683540346
2019-08-01,15.59000015258789,16.30066680908203,15.451333045959473,16.176666259765625,123892500,-0.032117800120570084,14.895173377990723,18.745996680259704
2019-08-02,15.62266731262207,15.751333236694336,15.281999588012695,15.423333168029785,92047500,0.002095391899579857,14.950653381347657,18.737580018043516
2019-08-05,15.221332550048828,15.424667358398438,15.052000045776367,15.30666732788086,105424500,-0.025689260005491543,14.99442668914795,18.72149001598358
2019-08-06,15.383333206176758,15.5,15.050000190734863,15.458666801452637,83463000,0.010643000906475075,15.047920017242431,18.70781334400177
2019-08-07,15.561332702636719,15.571332931518555,15.053333282470703,15.100000381469727,71647500,0.011570931609834023,15.107546672821044,18.6976500082016
2019-08-08,15.886667251586914,15.986666679382324,15.510000228881836,15.630000114440918,79114500,0.020906599400388748,15.172133350372315,18.690416684150694
2019-08-09,15.667332649230957,15.93066692352295,15.587332725524902,15.736666679382324,58473000,-0.013806206102418894,15.234519996643066,18.68177000999451
2019-08-12,15.267333030700684,15.718000411987305,15.25,15.53266716003418,69958500,-0.025530805242072074,15.292986660003661,18.66006000995636
2019-08-13,15.666666984558105,15.733332633972168,15.170000076293945,15.253999710083008,72721500,0.02615610421639536,15.367693347930908,18.64222667694092
2019-08-14,14.641332626342773,15.433333396911621,14.446000099182129,15.413999557495117,143439000,-0.06544687260065951,15.402386665344238,18.610480003356933
2019-08-15,14.37600040435791,14.77066707611084,14.103333473205566,14.723999977111816,122394000,-0.018122136062087457,15.427786674499512,18.57206000804901
2019-08-16,14.662667274475098,14.815999984741211,14.40133285522461,14.444000244140625,76477500,0.01994065540164347,15.446440029144288,18.533756675720216
2019-08-19,15.121999740600586,15.188667297363281,14.779999732971191,14.947333335876465,79644000,0.03132666502806747,15.476213359832764,18.499400005340576
2019-08-20,15.057332992553711,15.272666931152344,14.969332695007324,15.174667358398438,61878000,-0.00427633574634001,15.493520011901856,18.46224666595459
2019-08-21,14.722000122070312,14.881333351135254,14.506667137145996,14.800666809082031,116914500,-0.022270402776456533,15.498493347167969,18.421096668243408
2019-08-22,14.8100004196167,15.026666641235352,14.54800033569336,14.853333473205566,98385000,0.00597746887764683,15.51568000793457,18.379676671028136
2019-08-23,14.09333324432373,14.744667053222656,14.066666603088379,14.664667129516602,128079000,-0.048390759958635954,15.512333335876464,18.336343336105347
2019-08-26,14.333333015441895,14.334667205810547,14.102666854858398,14.239999771118164,75778500,0.017029312154725806,15.512439994812011,18.29432333469391
2019-08-27,14.272000312805176,14.58666706085205,14.135333061218262,14.38266658782959,81243000,-0.004279025860254748,15.497840003967285,18.249630002975465
2019-08-28,14.37266731262207,14.483332633972168,14.154000282287598,14.246000289916992,48382500,0.007053461155446694,15.485640010833741,18.204360008239746
2019-08-29,14.780667304992676,14.893333435058594,14.533332824707031,14.600000381469727,77692500,0.028387214669075345,15.479346694946289,18.16142668247223
2019-08-30,15.040666580200195,15.496000289916992,14.947333335876465,15.276666641235352,139809000,0.01759049641281729,15.487333374023438,18.126203351020813
2019-09-03,15.000666618347168,15.263333320617676,14.87733268737793,14.938667297363281,80311500,-0.0026594540634046204,15.491533374786377,18.08829668045044
2019-09-04,14.711999893188477,15.230667114257812,14.61400032043457,15.12600040435791,86415000,-0.01924359313509616,15.487586708068848,18.047190017700196
2019-09-05,15.305333137512207,15.319999694824219,14.723333358764648,14.833333015441895,110929500,0.04032988367532808,15.500680027008057,18.00757001399994
2019-09-06,15.16333293914795,15.309332847595215,15.011333465576172,15.146666526794434,62841000,-0.009277824735237306,15.511586685180664,17.965283346176147
2019-09-09,15.452667236328125,15.583999633789062,15.281999588012695,15.333333015441895,72040500,0.019081180789296548,15.523520030975341,17.924723348617555
2019-09-10,15.702667236328125,15.702667236328125,15.262666702270508,15.386667251586914,73255500,0.016178436782244843,15.539626712799071,17.88740668296814
2019-09-11,16.47333335876465,16.544666290283203,15.733332633972168,15.825332641601562,150642000,0.04907867630625118,15.566200046539306,17.857043352127075
2019-09-12,16.391332626342773,16.899999618530273,16.293333053588867,16.51333236694336,128718000,-0.004977786258313466,15.594626693725585,17.830390014648437
2019-09-13,16.34666633605957,16.56333351135254,16.32466697692871,16.464000701904297,79696500,-0.0027249944407460314,15.608360023498536,17.79679000854492
2019-09-16,16.187332153320312,16.495332717895508,16.077999114990234,16.399999618530273,70921500,-0.009747197346762881,15.62130666732788,17.763086671829225
2019-09-17,16.319332122802734,16.373332977294922,16.024667739868164,16.1646671295166,57981000,0.008154522822672039,15.640573310852051,17.728726663589477
2019-09-18,16.232667922973633,16.544666290283203,16.158000946044922,16.333332061767578,62553000,-0.005310523689140867,15.658480014801025,17.696166667938233
2019-09-19,16.440000534057617,16.529333114624023,16.32266616821289,16.399999618530273,71937000,0.012772552981913154,15.668720016479492,17.661540002822875
2019-09-20,16.041332244873047,16.463333129882812,15.87733268737793,16.432666778564453,95295000,-0.024249895148037104,15.671413326263428,17.6222500038147
2019-09-23,16.082000732421875,16.345333099365234,15.947999954223633,16.0,65103000,0.002535231296753704,15.666280002593995,17.582760009765625
2019-09-24,14.880666732788086,16.132667541503906,14.840666770935059,16.101333618164062,193372500,-0.0747005313345035,15.62589334487915,17.536143341064452
2019-09-25,15.24666690826416,15.26533317565918,14.557332992553711,14.970666885375977,141406500,0.02459568391983602,15.594320030212403,17.493053336143493
2019-09-26,16.17066764831543,16.220666885375977,15.15999984741211,15.37733268737793,178267500,0.060603458159791845,15.577920036315918,17.452190012931823
2019-09-27,16.142000198364258,16.58066749572754,15.915332794189453,16.14666748046875,166746000,-0.0017728055869207227,15.562706718444824,17.410646681785583
2019-09-30,16.058000564575195,16.26533317565918,15.740667343139648,16.200000762939453,88197000,-0.005203793381044264,15.53962673187256,17.36873668193817
2019-10-01,16.312667846679688,16.39666748046875,15.942000389099121,16.100000381469727,92439000,0.015859214917846032,15.524973411560058,17.32470335483551
2019-10-02,16.208667755126953,16.309999465942383,15.961999893188477,16.21933364868164,84471000,-0.006375418940066435,15.50225341796875,17.283843359947205
2019-10-03,15.535332679748535,15.631999969482422,14.95199966430664,15.457332611083984,226267500,-0.041541666813759925,15.459786739349365,17.245380020141603
2019-10-04,15.428667068481445,15.652000427246094,15.204667091369629,15.440667152404785,119925000,-0.006866001099940178,15.463266735076905,17.21018002510071
2019-10-07,15.847999572753906,15.904000282287598,15.236666679382324,15.319999694824219,120963000,0.027178790132110553,15.47617338180542,17.17843002319336
2019-10-08,16.003332138061523,16.262666702270508,15.633333206176758,15.724666595458984,130173000,0.009801398882838708,15.481880016326905,17.153320016860963
2019-10-09,16.302000045776367,16.48666763305664,16.043333053588867,16.08799934387207,103416000,0.018662857531057897,15.484906673431396,17.128240013122557
2019-10-10,16.31599998474121,16.618667602539062,16.10533332824707,16.351999282836914,94249500,0.0008587865860343324,15.489080028533936,17.111356678009034
2019-10-11,16.525999069213867,16.738666534423828,16.45400047302246,16.476667404174805,127131000,0.012870745566869735,15.507800006866455,17.085290012359618
2019-10-14,17.130666732788086,17.23666763305664,16.475332260131836,16.52666664123535,153075000,0.036588871936986234,15.537959995269775,17.06556668281555
2019-10-15,17.19266700744629,17.333332061767578,16.941333770751953,17.18000030517578,96492000,0.0036192563678525413,15.577386684417725,17.040240020751952
2019-10-16,17.316667556762695,17.47333335876465,17.128000259399414,17.159332275390625,100261500,0.007212409177860479,15.616053371429443,17.015890026092528
2019-10-17,17.46466636657715,17.652000427246094,17.344667434692383,17.5,71539500,0.008546610329575488,15.654120044708252,16.999840021133423
2019-10-18,17.1299991607666,17.520000457763672,17.00666618347168,17.3799991607666,86247000,-0.019162530722660276,15.678986682891846,16.985370016098024
2019-10-21,16.899999618530273,17.299999237060547,16.678667068481445,17.222000122070312,75304500,-0.01342671065408474,15.703640022277831,16.963973350524903
2019-10-22,17.038667678833008,17.222000122070312,16.72333335876465,16.954666137695312,69012000,0.00820521085401027,15.739066715240478,16.93751335144043
2019-10-23,16.978666305541992,17.076000213623047,16.75666618347168,16.96666717529297,78916500,-0.0035214826899614415,15.765306701660156,16.91062335014343
2019-10-24,19.978666305541992,20.32866668701172,19.280000686645508,19.891332626342773,445813500,0.1766923235319593,15.87205337524414,16.897673349380494
2019-10-25,21.875333786010742,22.0,19.74066734313965,19.847999572753906,450091500,0.09493463935290936,16.022040042877197,16.892060022354126
2019-10-28,21.847333908081055,22.722667694091797,21.50666618347168,21.836000442504883,283054500,-0.0012799748887760698,16.165733375549316,16.885543355941774
2019-10-29,21.08133316040039,21.6200008392334,20.983333587646484,21.332666397094727,190264500,-0.03506152059118439,16.284920043945313,16.87948335647583
2019-10-30,21.000667572021484,21.252666473388672,20.6646671295166,20.866666793823242,144627000,-0.0038263988223681267,16.403786735534666,16.869676694869995
2019-10-31,20.994667053222656,21.266666412353516,20.866666793823242,20.873332977294922,76005000,-0.0002857299073112385,16.529240074157716,16.859300031661988
2019-11-01,20.887332916259766,21.09866714477539,20.65333366394043,21.08799934387207,95758500,-0.005112447684490151,16.650786724090576,16.84796669960022
2019-11-04,21.1646671295166,21.46266746520996,20.617332458496094,20.98666763305664,131805000,0.013277626893232641,16.792213401794434,16.853036699295043
2019-11-05,21.148000717163086,21.567333221435547,21.07466697692871,21.308000564575195,104151000,-0.0007874639488315571,16.928506755828856,16.85913670539856
2019-11-06,21.77199935913086,21.781333923339844,20.96666717529297,21.200000762939453,119113500,0.029506271080336877,17.078506736755372,16.8721333694458
2019-11-07,22.369333267211914,22.766666412353516,21.868000030517578,21.94266700744629,217009500,0.027435877533706687,17.238440055847168,16.886810035705565
2019-11-08,22.47599983215332,22.497333526611328,22.166667938232422,22.299999237060547,91038000,0.004768428440276917,17.39234670639038,16.900176696777343
2019-11-11,23.006000518798828,23.279333114624023,22.799999237060547,22.93000030517578,149800500,0.02358073903734903,17.551653385162354,16.9164133644104
2019-11-12,23.32866668701172,23.357999801635742,22.93600082397461,23.126667022705078,110391000,0.014025304743831235,17.718213386535645,16.93390336036682
2019-11-13,23.073999404907227,23.755332946777344,23.011999130249023,23.666667938232422,126301500,-0.010916495379750035,17.88545337677002,16.946350021362306
2019-11-14,23.290000915527344,23.589332580566406,22.860666275024414,23.073999404907227,96973500,0.009361251460125342,18.045146732330323,16.960460023880003
2019-11-15,23.47800064086914,23.520000457763672,23.224000930786133,23.375999450683594,72135000,0.008072121852793046,18.211440086364746,16.973780031204225
2019-11-18,23.332666397094727,23.543333053588867,23.073333740234375,23.527999877929688,66006000,-0.006190230846208622,18.369040069580077,16.98614669799805
2019-11-19,23.968000411987305,23.999332427978516,23.18666648864746,23.450000762939453,115872000,0.02722937893509192,18.534346733093262,16.998870038986205
2019-11-20,23.481332778930664,24.079999923706055,23.30466651916504,24.0,100876500,-0.020304890883314552,18.67450672149658,17.010536699295045
2019-11-21,23.655332565307617,24.055999755859375,23.600000381469727,23.634000778198242,91650000,0.00741013246629163,18.81978672027588,17.026310024261473
2019-11-22,22.202667236328125,22.733333587646484,22.0,22.67733383178711,253059000,-0.06140963459164972,18.93690673828125,17.03539002418518
2019-11-25,22.422666549682617,22.971332550048828,22.297332763671875,22.954666137695312,185092500,0.009908688492819007,19.061613426208496,17.04322335243225
2019-11-26,21.92799949645996,22.366666793823242,21.80666732788086,22.351333618164062,119211000,-0.022061027047189374,19.17378677368164,17.048926687240602
2019-11-27,22.086000442504883,22.261999130249023,21.904666900634766,22.07466697692871,83334000,0.0072054427979364455,19.290853424072267,17.056633358001708
2019-11-29,21.996000289916992,22.083999633789062,21.833332061767578,22.073999404907227,36984000,-0.0040749864522633406,19.401973419189453,17.065356693267823
2019-12-02,22.32466697692871,22.42533302307129,21.91266632080078,21.959999084472656,91117500,0.014942111414791182,19.527640113830568,17.07435336112976
2019-12-03,22.413333892822266,22.527332305908203,22.145999908447266,22.174667358398438,98605500,0.003971701615311352,19.654266777038575,17.084540033340453
2019-12-04,22.20199966430664,22.52400016784668,22.190000534057617,22.516666412353516,82995000,-0.009428951066637326,19.800693435668947,17.09469669342041
2019-12-05,22.024667739868164,22.294666290283203,21.816667556762695,22.18866729736328,55869000,-0.007987205077007897,19.936253452301024,17.107743368148803
2019-12-06,22.392667770385742,22.590667724609375,22.31800079345703,22.333332061767578,114186000,0.016708539482365836,20.06069345474243,17.121470041275025
2019-12-09,22.635332107543945,22.963333129882812,22.338666915893555,22.439332962036133,135346500,0.010836776557687555,20.190560092926024,17.135056705474852
2019-12-10,23.256000518798828,23.381999969482422,22.62066650390625,22.663999557495117,132424500,0.027420335973247223,20.334520092010496,17.152050046920778
2019-12-11,23.51333236694336,23.812667846679688,23.4060001373291,23.458667755126953,103467000,0.011065180701923305,20.478533382415772,17.164703369140625
2019-12-12,23.978666305541992,24.182666778564453,23.548667907714844,23.661333084106445,116458500,0.019790216517877823,20.633933353424073,17.177970037460327
2019-12-13,23.892667770385742,24.347333908081055,23.642667770385742,24.06999969482422,98563500,-0.0035864603168681564,20.801080055236817,17.19917004585266
2019-12-16,25.433332443237305,25.573999404907227,24.166667938232422,24.170000076293945,272613000,0.06448273954410277,21.001173362731933,17.231216707229613
2019-12-17,25.266000747680664,25.700000762939453,25.059999465942383,25.266000747680664,127452000,-0.006579228102730705,21.18953338623047,17.265366706848145
2019-12-18,26.209999084472656,26.347999572753906,25.371999740600586,25.375333786010742,211815000,0.03736239645598238,21.393666725158692,17.304336700439453
2019-12-19,26.93600082397461,27.123332977294922,26.433332443237305,26.488000869750977,271606500,0.02769941872802484,21.606346740722657,17.346820039749147
2019-12-20,27.03933334350586,27.53333282470703,26.679332733154297,27.3526668548584,221290500,0.003836223506470837,21.820813407897948,17.387303371429443
2019-12-23,27.947999954223633,28.134000778198242,27.333332061767578,27.45199966430664,199794000,0.0336053629419828,22.049253425598145,17.430070037841798
2019-12-24,28.350000381469727,28.364667892456055,27.512666702270508,27.890666961669922,120820500,0.014383871042812801,22.27364009857178,17.477366704940795
2019-12-26,28.729333877563477,28.898666381835938,28.42333221435547,28.527332305908203,159508500,0.013380370052541224,22.50437343597412,17.524693374633788
2019-12-27,28.691999435424805,29.020666122436523,28.407333374023438,29.0,149185500,-0.0012995234173469594,22.731880073547362,17.571500034332274
2019-12-30,27.64666748046875,28.600000381469727,27.284000396728516,28.586000442504883,188796000,-0.03643287242176041,22.935520095825197,17.617923374176026
2019-12-31,27.8886661529541,28.086000442504883,26.80533218383789,27.0,154285500,0.008753267375039453,23.150693435668945,17.667536706924437
2020-01-02,28.68400001525879,28.713333129882812,28.11400032043457,28.299999237060547,142981500,0.0285181750157113,23.386373443603517,17.72180004119873
2020-01-03,29.534000396728516,30.266666412353516,29.128000259399414,29.366666793823242,266677500,0.02963325829792085,23.636280097961425,17.77827004432678
2020-01-06,30.1026668548584,30.104000091552734,29.333332061767578,29.364667892456055,151995000,0.01925463704513497,23.898760108947755,17.837443380355836
2020-01-07,31.270666122436523,31.441999435424805,30.224000930786133,30.760000228881836,268231500,0.03880052465815398,24.124600105285644,17.905620050430297
2020-01-08,32.80933380126953,33.232666015625,31.215333938598633,31.579999923706055,467164500,0.04920482578812169,24.34328010559082,17.982860050201417
2020-01-09,32.089332580566406,33.253334045410156,31.524667739868164,33.13999938964844,426606000,-0.021945011900097344,24.548120079040526,18.054050045013426
2020-01-10,31.876667022705078,32.3293342590332,31.579999923706055,32.11933135986328,194392500,-0.006627297633174267,24.764026756286622,18.121823377609253
2020-01-13,34.990665435791016,35.04199981689453,32.79999923706055,32.900001525878906,397764000,0.09768895885093332,25.043826713562012,18.203903369903564
2020-01-14,35.861331939697266,36.49399948120117,34.99333190917969,36.284000396728516,434943000,0.024882822120200876,25.341160011291503,18.289923362731933
2020-01-15,34.56666564941406,35.85599899291992,34.452667236328125,35.31733322143555,260532000,-0.03610201351305786,25.61474666595459,18.36636335372925
2020-01-16,34.232666015625,34.297332763671875,32.81133270263672,32.91666793823242,326050500,-0.009662477636014799,25.876106643676756,18.442233352661134
2020-01-17,34.03333282470703,34.37799835205078,33.54399871826172,33.840667724609375,204436500,-0.005822894156913949,26.133813285827635,18.515130014419555
2020-01-21,36.47999954223633,36.571998596191406,35.227333068847656,35.349998474121094,267052500,0.07189030619278935,26.427973289489746,18.608270015716553
2020-01-22,37.97066879272461,39.633331298828125,37.27333450317383,38.125999450683594,470535000,0.04086264444061727,26.74,18.70647002220154
2020-01-23,38.14666748046875,38.79999923706055,37.040000915527344,37.616668701171875,294765000,0.004635122144013071,27.05341335296631,18.806136693954468
2020-01-24,37.654666900634766,38.25733184814453,36.95066833496094,38.04199981689453,215304000,-0.012897603180825445,27.34638668060303,18.903640031814575
2020-01-27,37.201332092285156,37.62933349609375,35.95199966430664,36.132667541503906,204121500,-0.012039272835579595,27.623839988708497,18.997626695632935
2020-01-28,37.793331146240234,38.45399856567383,37.2053337097168,37.89933395385742,176827500,0.015913383222044608,27.918226623535155,19.09712001800537
2020-01-29,38.732666015625,39.31999969482422,37.82866668701172,38.37933349609375,267022500,0.024854513769903885,28.227079925537108,19.2015500164032
2020-01-30,42.72066879272461,43.391998291015625,41.20000076293945,42.16133117675781,435085500,0.10296225866535558,28.611933288574217,19.326360025405883
2020-01-31,43.371334075927734,43.53333282470703,42.167999267578125,42.66666793823242,235789500,0.015230690473505337,29.012706642150878,19.45209669113159
2020-02-03,52.0,52.409332275390625,44.90133285522461,44.91266632080078,705975000,0.19894859376394902,29.573346633911132,19.62168668746948
2020-02-04,59.137332916259766,64.59933471679688,55.59199905395508,58.86399841308594,914082000,0.13725640223576474,30.286466636657714,19.826286687850953
2020-02-05,48.97999954223633,56.39866638183594,46.94066619873047,54.88399887084961,726357000,-0.1717583947927872,30.79295997619629,19.983603353500367
2020-02-06,49.930667877197266,53.05533218383789,45.79999923706055,46.66133117675781,598212000,0.01940931694254422,31.347519989013673,20.145290031433106
2020-02-07,49.871334075927734,51.31666564941406,48.66666793823242,48.70333480834961,255952500,-0.001188323805631053,31.896493339538573,20.308426704406738
2020-02-10,51.41866683959961,54.66600036621094,50.15999984741211,53.33333206176758,370338000,0.031026496329857656,32.48630668640137,20.4829767036438
2020-02-11,51.62533187866211,52.23400115966797,50.53333282470703,51.25266647338867,175462500,0.004019260937028868,33.077093315124515,20.66272336483002
2020-02-12,51.15266799926758,52.650001525878906,50.891334533691406,51.858001708984375,180337500,-0.009155657933695438,33.66022666931153,20.837996706962585
2020-02-13,53.599998474121094,54.53333282470703,49.0,49.45600128173828,394339500,0.047843652551780025,34.28573329925537,21.026433362960816
2020-02-14,53.33533477783203,54.198001861572266,52.366668701171875,52.4813346862793,235405500,-0.004937755668348531,34.904173316955564,21.215106701850893
2020-02-18,57.22666549682617,57.33333206176758,55.490665435791016,56.106666564941406,245725500,0.0729597130158357,35.60466663360596,21.419873366355898
2020-02-19,61.16133117675781,62.98533248901367,60.06800079345703,61.56666564941406,381345000,0.06875580895325561,36.38739990234375,21.640670018196104
2020-02-20,59.96066665649414,60.79999923706055,57.3293342590332,60.79666519165039,264523500,-0.019631105097986157,37.13875988006592,21.855360016822814
2020-02-21,60.06666564941406,60.87066650390625,58.6966667175293,60.46533203125,214722000,0.0017678087791648256,37.88738655090332,22.073340010643005
2020-02-24,55.58599853515625,57.56666564941406,54.813331604003906,55.93333435058594,227883000,-0.07459490327646512,38.53398651123047,22.269656672477723
2020-02-25,53.32733154296875,57.106666564941406,52.46666717529297,56.599998474121094,259357500,-0.040633739641448896,39.13026649475098,22.455633330345155
2020-02-26,51.91999816894531,54.22066879272461,51.740665435791016,52.16666793823242,211282500,-0.026390470576789893,39.689093132019046,22.635393319129943
2020-02-27,45.266666412353516,49.31800079345703,44.599998474121094,48.66666793823242,364158000,-0.1281458395846271,40.1165731048584,22.786056652069092
2020-02-28,44.53266525268555,46.03466796875,40.768001556396484,41.97999954223633,363343500,-0.016215047800994142,40.49855976104736,22.93128331184387
2020-03-02,49.574668884277344,49.5793342590332,45.77799987792969,47.41733169555664,302925000,0.11322034293215233,40.9847331237793,23.101839990615844
2020-03-03,49.70066833496094,53.798667907714844,47.740665435791016,53.66666793823242,386760000,0.0025416095259802596,41.454546508789065,23.274233331680296
2020-03-04,49.96666717529297,51.10133361816406,48.31533432006836,50.930667877197266,225735000,0.0053520173720666975,41.91515983581543,23.45372333049774
2020-03-05,48.30266571044922,49.71666717529297,47.871334075927734,48.2513313293457,162790500,-0.033302230445070524,42.340426483154296,23.626783323287963
2020-03-06,46.89866638183594,47.133331298828125,45.61800003051758,46.0,189943500,-0.029066704869448956,42.71943981170654,23.792916655540466
2020-03-09,40.53333282470703,44.20000076293945,40.33333206176758,40.35933303833008,256105500,-0.13572525720249962,42.96310646057129,23.931339983940124
2020-03-10,43.02199935913086,44.53333282470703,40.53333282470703,43.96200180053711,233916000,0.061398023823663106,43.24895977020264,24.08128664493561
2020-03-11,42.28200149536133,43.571998596191406,40.866668701171875,42.68000030517578,199837500,-0.017200452670558586,43.52075981140137,24.229153318405153
2020-03-12,37.369998931884766,39.633331298828125,36.41666793823242,38.72600173950195,283636500,-0.11617242301113506,43.71522644042969,24.353103313446045
2020-03-13,36.44133377075195,40.50466537475586,33.46666717529297,39.66666793823242,339604500,-0.0248505535904755,43.88627979278564,24.472023315429688
2020-03-16,29.67133331298828,32.9913330078125,29.47800064086914,31.299999237060547,307342500,-0.18577806455584012,43.906026458740236,24.55763998031616
2020-03-17,28.68000030517578,31.456666946411133,26.399999618530273,29.333999633789062,359919000,-0.03341046380880208,43.88894645690918,24.639319982528686
2020-03-18,24.08133316040039,26.99066734313965,23.367332458496094,25.933332443237305,356793000,-0.1603440409986845,43.76851978302002,24.70006998538971
2020-03-19,28.50933265686035,30.133333206176758,23.8973331451416,24.979999542236328,452932500,0.1838768421567878,43.713293113708495,24.77808331489563
2020-03-20,28.50200080871582,31.799999237060547,28.38599967956543,29.213333129882812,424282500,-0.0002571736151377735,43.62714645385742,24.855063319206238
2020-03-23,28.952667236328125,29.46666717529297,27.366666793823242,28.906667709350586,246817500,0.015811747064244486,43.564413146972655,24.931176657676698
2020-03-24,33.66666793823242,34.24599838256836,31.600000381469727,31.81999969482422,343428000,0.16281749323562988,43.6002131652832,25.031343331336974
2020-03-25,35.95000076293945,37.133331298828125,34.07400131225586,36.349998474121094,318340500,0.06782176450892674,43.619399871826175,25.140133333206176
2020-03-26,35.21066665649414,37.33333206176758,34.150001525878906,36.49266815185547,260710500,-0.020565621439638027,43.60638656616211,25.243819999694825
2020-03-27,34.29066848754883,35.0533332824707,32.935333251953125,33.66666793823242,215661000,-0.026128393930185068,43.600866622924805,25.345520005226135
2020-03-30,33.47533416748047,34.44333267211914,32.7486686706543,34.017333984375,179971500,-0.02377714859552571,43.585719985961916,25.441593341827392
2020-03-31,34.93333435058594,36.19733428955078,33.133331298828125,33.41666793823242,266572500,0.04355446239344318,43.60372001647949,25.544620013237
2020-04-01,32.104000091552734,34.26333236694336,31.67333221435547,33.599998474121094,200298000,-0.08099239055277141,43.51620002746582,25.630130014419557
2020-04-02,30.29800033569336,32.95066833496094,29.760000228881836,32.068668365478516,297876000,-0.05625466454987249,43.36274665832519,25.706706681251525
2020-04-03,32.000667572021484,34.36600112915039,31.22599983215332,33.96666717529297,338431500,0.05619734693587186,43.23982666015625,25.791233353614807
2020-04-06,34.41600036621094,34.733333587646484,33.19733428955078,34.08000183105469,223527000,0.0754775752334993,43.17505332946777,25.89010669231415
2020-04-07,36.36333465576172,37.66666793823242,35.48933410644531,36.33333206176758,268797000,0.05658223700690801,43.158293380737305,25.997970032691956
2020-04-08,36.589332580566406,37.14733123779297,35.55533218383789,36.9466667175293,189840000,0.006214994497730331,43.13421340942383,26.10637002944946
2020-04-09,38.20000076293945,38.345333099365234,37.14066696166992,37.4726676940918,204750000,0.04402015748241661,43.123560104370114,26.224116697311402
2020-04-13,43.39666748046875,43.46666717529297,38.70199966430664,39.34400177001953,337131000,0.13603839302984921,43.137080078125,26.368010034561156
2020-04-14,47.32600021362305,49.45866775512695,46.1619987487793,46.597999572753906,458647500,0.09054457315006381,43.21617340087891,26.5303600358963
2020-04-15,48.65533447265625,50.20866775512695,47.33333206176758,49.46666717529297,353655000,0.028088878270565276,43.149280090332034,26.699150042533873
2020-04-16,49.680667877197266,50.630001068115234,47.11466598510742,47.79600143432617,309868500,0.021073401625000487,42.960146789550784,26.871830048561097
2020-04-17,50.259334564208984,51.663333892822266,49.84400177001953,51.48533248901367,196923000,0.011647723586206471,42.98573348999023,27.048276720046996
2020-04-20,49.75733184814453,51.03799819946289,47.48066711425781,48.8466682434082,221199000,-0.009988248360573104,42.98226676940918,27.21876338005066
2020-04-21,45.781333923339844,50.22200012207031,44.919334411621094,48.67466735839844,303136500,-0.07990777996173748,42.900466766357425,27.369970049858093
2020-04-22,48.807334899902344,48.93333435058594,45.91400146484375,46.93199920654297,212482500,0.06609682849410836,42.84824012756348,27.537226724624634
2020-04-23,47.04199981689453,48.93333435058594,46.87533187866211,48.50666809082031,198550500,-0.03616946277907396,42.75657348632812,27.695750060081483
2020-04-24,48.34333419799805,48.71533203125,46.54533386230469,47.387332916259766,198180000,0.02766324531628772,42.70038681030273,27.8578267288208
2020-04-27,53.25,53.29933166503906,49.0,49.17399978637695,310221000,0.10149622245552825,42.69338684082031,28.04454339504242
2020-04-28,51.27466583251953,53.66666793823242,50.44599914550781,53.042667388916016,228330000,-0.037095477323576875,42.65217346191406,28.21922338962555
2020-04-29,53.367332458496094,53.54666519165039,52.21066665649414,52.678001403808594,243240000,0.040812876924676944,42.57498680114746,28.401560053825378
2020-04-30,52.12533187866211,57.987998962402344,50.900001525878906,57.01266860961914,427078500,-0.023272674923369818,42.394266815185546,28.57806005001068
2020-05-01,46.75466537475586,51.518001556396484,45.5359992980957,50.33333206176758,487977000,-0.1030337133662409,42.13014678955078,28.726880040168762
2020-05-04,50.74599838256836,50.79999923706055,46.53333282470703,46.733333587646484,288556500,0.08536758793631605,41.94373344421387,28.89609670162201
2020-05-05,51.2140007019043,53.26133346557617,50.8120002746582,52.65266799926758,254875500,0.009222447764407393,41.856293487548825,29.06610670566559
2020-05-06,52.172000885009766,52.6533317565918,50.740665435791016,51.766666412353516,166848000,0.018705825945557253,41.83318687438965,29.241740040779113
2020-05-07,52.00266647338867,53.09333419799805,51.4900016784668,51.81399917602539,172915500,-0.003245695176505081,41.83484024047851,29.415030035972595
2020-05-08,54.62799835205078,54.93333435058594,52.46733474731445,52.917999267578125,241297500,0.05048456274844226,42.02206687927246,29.59987669467926
2020-05-11,54.08599853515625,54.93333435058594,52.33333206176758,52.70066833496094,247794000,-0.0099216488475673,42.213133544921874,29.79403335094452
2020-05-12,53.96066665649414,56.21933364868164,53.866668701171875,55.133331298828125,238603500,-0.002317270311292141,42.30085350036621,29.98782334804535
2020-05-13,52.73066711425781,55.06666564941406,50.88666534423828,54.72200012207031,285982500,-0.02279437261341355,42.361453475952146,30.1728866815567
2020-05-14,53.55533218383789,53.557334899902344,50.93333435058594,52.0,205233000,0.01563919280204029,42.43322677612305,30.359910006523133
2020-05-15,53.27799987792969,53.66999816894531,52.436668395996094,52.689998626708984,157776000,-0.005178425650618879,42.53273345947266,30.54576334476471
2020-05-18,54.242000579833984,55.64799880981445,53.59199905395508,55.185333251953125,174987000,0.018093785504579962,42.679600143432616,30.73902334690094
2020-05-19,53.867332458496094,54.80466842651367,53.73866653442383,54.34466552734375,144547500,-0.006907343337870575,42.9462801361084,30.93024667263031
2020-05-20,54.37066650390625,55.06666564941406,54.119998931884766,54.70000076293945,109639500,0.00934395713390801,43.173253479003904,31.125993342399596
2020-05-21,55.17333221435547,55.5,53.06666564941406,54.400001525878906,183819000,0.01476284478490908,43.43108009338379,31.32494333744049
2020-05-22,54.45866775512695,55.45199966430664,54.133331298828125,54.81133270263672,149812500,-0.012953077701596039,43.772853469848634,31.51943001270294
2020-05-26,54.591331481933594,55.63999938964844,54.38066864013672,55.633331298828125,121345500,0.0024360442933191173,44.135853424072266,31.712953333854674
2020-05-27,54.68199920654297,55.180667877197266,52.33333206176758,54.7239990234375,173242500,0.0016608447192643094,44.63606674194336,31.908026666641234
2020-05-28,53.72066879272461,54.983333587646484,53.44599914550781,54.23400115966797,108834000,-0.017580381620416863,45.13688011169434,32.100293345451355
2020-05-29,55.66666793823242,55.66666793823242,53.61399841308594,53.91666793823242,176467500,0.03622440280883765,45.768586807250976,32.300293350219725
2020-06-01,59.87333297729492,59.93333435058594,56.939998626708984,57.20000076293945,224092500,0.07556883131087,46.395866813659666,32.52645335197449
2020-06-02,58.770668029785156,60.57733154296875,58.06666564941406,59.64666748046875,203484000,-0.018416628784101885,47.00124015808105,32.748426690101624
2020-06-03,58.86399841308594,59.862667083740234,58.67333221435547,59.20800018310547,119242500,0.0015880436011630472,47.59946678161621,32.96943334579468
2020-06-04,57.62533187866211,59.71666717529297,57.229331970214844,59.32533264160156,133315500,-0.021042854169221026,48.0786400604248,33.18195000648498
2020-06-05,59.04399871826172,59.10133361816406,57.746665954589844,58.522666931152344,117178500,0.024618805538279664,48.54052001953125,33.401883335113524
2020-06-08,63.327999114990234,63.33333206176758,60.61066818237305,61.266666412353516,212620500,0.0725560681818036,49.102866668701175,33.644913330078126
2020-06-09,62.711334228515625,63.62933349609375,61.595333099365234,62.66733169555664,170823000,-0.009737634144336038,49.671279983520506,33.88441999912262
2020-06-10,68.336669921875,68.49866485595703,65.5,66.12533569335938,278451000,0.08970205725269786,50.3685066986084,34.15563668251038
2020-06-11,64.85600280761719,67.9306640625,64.80000305175781,66.01333618164062,238747500,-0.0509341048991272,50.96696006774902,34.408250031471255
2020-06-12,62.35200119018555,65.8653335571289,60.84000015258789,65.33333587646484,251451000,-0.03860863311078977,51.57192008972168,34.648650035858154
2020-06-15,66.05999755859375,66.5893325805664,60.56666564941406,61.18600082397461,235458000,0.059468762792361796,52.287160034179685,34.90708668708801
2020-06-16,65.47533416748047,67.52532958984375,64.15933227539062,67.4566650390625,210766500,-0.008850490655781473,52.956653366088865,35.16056002140045
2020-06-17,66.11933135986328,67.0,65.50466918945312,65.84733581542969,148362000,0.009835722116904755,53.59071998596191,35.41595334529877
2020-06-18,66.9306640625,67.94667053222656,66.2979965209961,66.86666870117188,146278500,0.012270733625858066,54.202066574096676,35.67560333251953
2020-06-19,66.72666931152344,67.73133087158203,66.0893325805664,67.51866912841797,130195500,-0.0030478518902198326,54.80481330871582,35.935676679611205
2020-06-22,66.28800201416016,67.2586669921875,66.00133514404297,66.663330078125,95436000,-0.0065740925163715325,55.366573333740234,36.190590023994446
2020-06-23,66.78533172607422,67.46666717529297,66.267333984375,66.59200286865234,95479500,0.0075025599927995845,55.83434661865235,36.44870001792908
2020-06-24,64.0566635131836,66.72533416748047,63.542667388916016,66.27400207519531,164394000,-0.040857298187609414,56.168959884643556,36.69171999931336
2020-06-25,65.73200225830078,65.73200225830078,62.47666549682617,63.61800003051758,138817500,0.02615401198303724,56.510493240356446,36.94186667442322
2020-06-26,63.982666015625,66.33333587646484,63.65800094604492,66.31866455078125,132823500,-0.026613159231048233,56.796533203125,37.17941333770752
2020-06-29,67.29000091552734,67.33333587646484,63.23466873168945,64.60066986083984,135396000,0.05169110801188981,57.13714653015137,37.433906679153445
2020-06-30,71.98733520507812,72.51266479492188,66.91533660888672,67.0999984741211,253777500,0.0698073149894527,57.58174659729004,37.71211002349853
2020-07-01,74.64199829101562,75.68866729736328,72.03333282470703,72.19999694824219,199903500,0.03687680726581788,58.15895988464356,38.00438335418701
2020-07-02,80.57733154296875,81.86666870117188,79.04000091552734,81.43199920654297,258751500,0.0795173412803385,58.79435981750488,38.32567335128784
2020-07-06,91.43866729736328,91.85266876220703,84.40266418457031,85.11266326904297,308548500,0.1347939370342961,59.68229316711426,38.70170334815979
2020-07-07,92.65733337402344,95.30000305175781,89.11399841308594,93.6673355102539,322345500,0.013327688522591696,60.56857315063476,39.08279001235962
2020-07-08,91.05867004394531,94.48400115966797,87.42266845703125,93.66666412353516,244669500,-0.01725350030984496,61.32474655151367,39.457876701354984
2020-07-09,92.9520034790039,93.90399932861328,90.08533477783203,93.1326675415039,175764000,0.020792456491456113,62.15829330444336,39.84222671508789
2020-07-10,102.97666931152344,103.2613296508789,91.73400115966797,93.06666564941406,350064000,0.10784776505418647,63.150480041503904,40.28270672798157
2020-07-13,99.80400085449219,119.66600036621094,98.0739974975586,110.5999984741211,584781000,-0.030809585105470272,64.10405342102051,40.70549339771271
2020-07-14,101.12000274658203,106.0,95.4000015258789,103.73332977294922,351271500,0.013185863099901995,65.19136016845704,41.13024007320404
2020-07-15,103.06732940673828,103.33333587646484,97.13333129882812,102.86666870117188,245517000,0.019257581163604875,66.23778678894043,41.56486671924591
2020-07-16,100.04266357421875,102.11399841308594,97.73332977294922,98.47733306884766,214512000,-0.029346504366899673,67.21436004638672,41.98479003429413
2020-07-17,100.05599975585938,102.50066375732422,99.33333587646484,100.89666748046875,139950000,0.00013330494375263235,68.17204002380372,42.40350669384003
2020-07-20,109.53333282470703,110.0,99.19999694824219,101.267333984375,256821000,0.09472028755869433,69.32265335083008,42.870130019187926
2020-07-21,104.55733489990234,111.66666412353516,103.86666870117188,109.32866668701172,241608000,-0.045429074387502544,70.32124008178711,43.3152400302887
2020-07-22,106.15533447265625,108.4280014038086,104.13333129882812,106.5999984741211,212416500,0.015283476518254346,71.36262680053711,43.76887336730957
2020-07-23,100.87133026123047,112.5999984741211,98.71800231933594,111.93000030517578,364927500,-0.04977615338574293,72.30084007263184,44.193990020751954
2020-07-24,94.46666717529297,97.66666412353516,91.10266876220703,94.40066528320312,290949000,-0.06349339370613127,73.13556007385255,44.58630669593811
2020-07-27,102.63999938964844,103.19599914550781,94.19999694824219,95.66666412353516,240730500,0.08652080631985237,74.11725341796875,45.01799669265747
2020-07-28,98.43267059326172,104.3133316040039,98.29467010498047,100.26667022705078,237130500,-0.040991122577997974,75.0203468322754,45.42858004570007
2020-07-29,99.94066619873047,102.32066345214844,99.13333129882812,100.06666564941406,141403500,0.015320072049045619,75.93432014465333,45.84565338134766
2020-07-30,99.16600036621094,100.8826675415039,98.06666564941406,99.19999694824219,114315000,-0.007751257440881121,76.84029350280761,46.25583004951477
2020-07-31,95.38400268554688,101.13666534423828,94.73200225830078,101.0,183123000,-0.03813804798718812,77.66056022644042,46.64678672790527
2020-08-03,99.0,100.65399932861328,96.29199981689453,96.61333465576172,132139500,0.03790989277703116,78.53709358215332,47.05520339012146
2020-08-04,99.13333129882812,101.82733154296875,97.46666717529297,99.6673355102539,126225000,0.0013467807962437295,79.43058685302735,47.463546714782716
2020-08-05,99.00133514404297,99.98933410644531,97.88733673095703,99.53266906738281,74217000,-0.001331501252462397,80.31878692626952,47.872903394699094
2020-08-06,99.30533599853516,101.15399932861328,98.48400115966797,99.38866424560547,89884500,0.003070674289896047,81.21125366210937,48.284930076599125
2020-08-07,96.84733581542969,99.98332977294922,94.33399963378906,99.96932983398438,133446000,-0.024751944680411975,82.07378700256348,48.683973417282104
2020-08-10,94.57133483886719,97.16666412353516,92.38933563232422,96.53333282470703,112834500,-0.02350091468597615,82.85188034057617,49.07193675994873
2020-08-11,91.6259994506836,94.66666412353516,91.0,93.06666564941406,129387000,-0.031144060652225414,83.48693367004394,49.43017342567444
2020-08-12,103.65066528320312,105.66666412353516,95.66666412353516,98.0,327441000,0.1312363947417745,84.3845336151123,49.8390500831604
2020-08-13,108.06666564941406,110.07866668701172,104.48400115966797,107.4000015258789,306379500,0.042604650478076156,85.36858695983886,50.270146741867066
2020-08-14,110.04733276367188,111.25333404541016,108.44266510009766,110.99933624267578,188664000,0.01832819678811437,86.41702697753907,50.714976739883426
2020-08-17,122.3759994506836,123.05733489990234,111.52200317382812,111.80000305175781,303634500,0.11203058154519474,87.6836669921875,51.22185339927673
2020-08-18,125.80599975585938,128.25999450683594,123.00733184814453,126.59933471679688,247117500,0.028028374195693928,88.93322700500488,51.74591006278992
2020-08-19,125.23533630371094,127.4000015258789,122.74732971191406,124.33333587646484,183079500,-0.004536059116861502,90.18370704650879,52.267650079727176
2020-08-20,133.45533752441406,134.79933166503906,123.80400085449219,124.04533386230469,309177000,0.06563643667445929,91.48608039855957,52.82910343170166
2020-08-21,136.6653289794922,139.69932556152344,135.00332641601562,136.3173370361328,322344000,0.024052926729070556,92.92226692199706,53.40669007301331
2020-08-24,134.27999877929688,141.93333435058594,128.50132751464844,141.7519989013672,300954000,-0.017453806448256226,94.3608268737793,53.969230070114136
2020-08-25,134.8893280029297,135.19667053222656,131.1999969482422,131.65933227539062,159883500,0.004537751185374361,95.73741348266601,54.53183004379272
2020-08-26,143.54466247558594,144.39999389648438,136.90866088867188,137.3333282470703,213591000,0.06416619165356252,97.29880004882813,55.137173357009885
2020-08-27,149.25,153.0399932861328,142.8333282470703,145.36399841308594,355395000,0.039746079206424145,98.96141342163087,55.76839335441589
2020-08-28,147.55999755859375,154.5659942626953,145.76800537109375,153.00799560546875,301218000,-0.011323299439907841,100.57400009155273,56.3895500087738
2020-08-31,166.10667419433594,166.7133331298828,146.70333862304688,148.20333862304688,355123200,0.1256890549105465,102.56160018920899,57.104713382720945
2020-09-01,158.35000610351562,167.49667358398438,156.836669921875,167.3800048828125,269523300,-0.04669690804684601,104.4028402709961,57.78001340866089
2020-09-02,149.1233367919922,159.67999267578125,135.0399932861328,159.663330078125,288528300,-0.05826756524083643,106.04960037231446,58.4082400894165
2020-09-03,135.6666717529297,143.93333435058594,134.0,135.7433319091797,262788300,-0.09023849203316048,107.48180053710938,58.96991011619568
2020-09-04,139.44000244140625,142.6666717529297,124.00666809082031,134.27000427246094,330965700,0.027813247275265907,108.95596054077149,59.547270126342774
2020-09-08,110.06999969482422,122.913330078125,109.95999908447266,118.66666412353516,346397100,-0.21062824320390794,109.87770721435547,59.98021346092224
2020-09-09,122.09333038330078,123.0,113.836669921875,118.86666870117188,238397400,0.10923349433825735,110.97377380371094,60.47240345001221
2020-09-10,123.77999877929688,132.99667358398438,120.1866683959961,128.73666381835938,254791800,0.013814582587770685,112.00962707519531,60.98029010772705
2020-09-11,124.23999786376953,127.5,120.16666412353516,127.3133316040039,182152500,0.003716263443279244,113.00158706665039,61.48937676429748
2020-09-14,139.8733367919922,140.0,124.43333435058594,126.98332977294922,249061800,0.12583177074233998,114.18750717163086,62.07910345077514
2020-09-15,149.9199981689453,153.97999572753906,143.56666564941406,145.52000427246094,291894600,0.07182685140266343,115.3571337890625,62.71827343940735
2020-09-16,147.25332641601562,152.59666442871094,145.10333251953125,146.6233367919922,216837900,-0.01778729846250804,116.44905364990234,63.34456007003784
2020-09-17,141.14332580566406,145.92999267578125,136.0,138.53334045410156,230337600,-0.04149312452942333,117.45074676513671,63.93865336418152
2020-09-18,147.38333129882812,150.3333282470703,142.93333435058594,149.31333923339844,259220400,0.04421041843491591,118.5393733215332,64.56350335121155
2020-09-21,149.79666137695312,151.89332580566406,135.69000244140625,151.0433349609375,328430400,0.016374511668703073,119.47577316284179,65.20147665977478
2020-09-22,141.41000366210938,145.9199981689453,139.1999969482422,143.1999969482422,238742400,-0.055986946823462835,120.30789321899414,65.79840333938598
2020-09-23,126.78666687011719,137.38333129882812,125.2933349609375,135.05332946777344,285222600,-0.10341090738483938,120.82122650146485,66.32037333488465
2020-09-24,129.26333618164062,133.1666717529297,117.0999984741211,121.26667022705078,289683300,0.0195341463945935,121.3451466369629,66.85351335525513
2020-09-25,135.77999877929688,136.2433319091797,130.43333435058594,131.1566619873047,201625500,0.05041385121376596,122.05989334106445,67.41613334655761
2020-09-28,140.39999389648438,142.69332885742188,138.51666259765625,141.5399932861328,149158800,0.034025594039789775,122.86677322387695,68.00056665420533
2020-09-29,139.69000244140625,142.8333282470703,137.1999969482422,138.6666717529297,150657900,-0.005056919415549199,123.46990661621093,68.57912333488464
2020-09-30,143.00332641601562,144.64332580566406,140.1566619873047,140.44000244140625,144436800,0.02371912031427703,124.23882644653321,69.17467662811279
2020-10-01,149.3866729736328,149.6266632080078,144.80667114257812,146.9199981689453,152224500,0.04463774876849502,125.10345321655274,69.79444333076476
2020-10-02,138.3633270263672,146.3766632080078,138.3333282470703,140.4633331298828,214290000,-0.0737906918190171,125.85329315185547,70.3599299621582
2020-10-05,141.89332580566406,144.54666137695312,139.77667236328125,141.11666870117188,134168400,0.025512531789757986,126.8018263244629,70.93834659576416
2020-10-06,137.9933319091797,142.92666625976562,135.35000610351562,141.26333618164062,147438900,-0.02748539351192436,127.50889297485351,71.49363325119019
2020-10-07,141.76666259765625,143.3000030517578,137.9499969482422,139.9566650390625,129383100,0.027344297266189477,128.3755728149414,72.06726989746093
2020-10-08,141.97332763671875,146.3333282470703,141.76666259765625,146.14666748046875,121263300,0.0014577830589765917,129.21622604370117,72.6373965358734
2020-10-09,144.6666717529297,144.8633270263672,142.15333557128906,143.3766632080078,86777100,0.01897077543397918,130.12623947143555,73.21897989273072
2020-10-12,147.43333435058594,149.5800018310547,146.19332885742188,147.3333282470703,116373300,0.01912439516394837,131.16722610473633,73.81249989509583
2020-10-13,148.88333129882812,149.6300048828125,145.53334045410156,147.78334045410156,103391100,0.009834932884270176,132.1648927307129,74.41345655441285
2020-10-14,153.76666259765625,155.3000030517578,149.11666870117188,149.92666625976562,143639100,0.032799718116372834,133.25755935668946,75.04405652999878
2020-10-15,149.6266632080078,152.19000244140625,147.5,150.10333251953125,107017200,-0.02692390743031925,134.27006591796874,75.65274651527405
2020-10-16,146.55667114257812,151.98333740234375,146.28334045410156,151.47999572753906,98327700,-0.02051768046956881,135.21509262084962,76.24210987091064
2020-10-19,143.61000061035156,149.0,142.9566650390625,148.74667358398438,108863400,-0.020106014344170586,136.15034591674805,76.81248987197876
2020-10-20,140.64666748046875,143.9166717529297,139.68333435058594,143.9166717529297,94968900,-0.020634587544658856,137.07185256958007,77.36520987510681
2020-10-21,140.8800048828125,144.31666564941406,140.4166717529297,140.89999389648438,97111500,0.0016590325709362475,138.05693267822267,77.9132565689087
2020-10-22,141.92999267578125,148.41000366210938,141.50332641601562,147.30667114257812,119979600,0.007453064711647084,138.8225192260742,78.45885986328125
2020-10-23,140.2100067138672,140.9633331298828,135.7933349609375,140.6133270263672,101151000,-0.012118551755604834,139.46538604736327,78.99946323394775
2020-10-26,140.0933380126953,141.9199981689453,136.6666717529297,137.2100067138672,84717600,-0.0008320996760948773,140.06630615234374,79.54054658889771
2020-10-27,141.55999755859375,143.5,140.03334045410156,141.25332641601562,68059500,0.010469159823756513,140.44998611450194,80.07339324951172
2020-10-28,135.33999633789062,139.53334045410156,135.3333282470703,138.82666015625,76354200,-0.043938975190562446,140.64066604614257,80.57078657150268
2020-10-29,136.94332885742188,139.35333251953125,135.48666381835938,136.65333557128906,67965900,0.011846701366300838,140.8748258972168,81.08266988754272
2020-10-30,129.34666442871094,135.8633270263672,126.37000274658203,135.63333129882812,127533900,-0.05547305218949494,140.79265243530273,81.55823987960815
2020-11-02,133.50332641601562,135.66000366210938,130.76666259765625,131.3333282470703,87063300,0.03213582666134873,140.7294123840332,82.0555898475647
2020-11-03,141.3000030517578,142.58999633789062,135.56333923339844,136.57666015625,103055100,0.05840061701119437,140.8698124694824,82.5796898651123
2020-11-04,140.32666015625,145.13333129882812,139.03334045410156,143.5399932861328,96429300,-0.006888484603579825,140.97855911254882,83.09146982192993
2020-11-05,146.02999877929688,146.6666717529297,141.3333282470703,142.76666259765625,85243500,0.040643300543862226,141.02826583862304,83.63088647842407
2020-11-06,143.31666564941406,145.52333068847656,141.42666625976562,145.36666870117188,65118000,-0.01858065570474754,140.90959915161133,84.15919647216796
2020-11-09,140.4199981689453,150.8333282470703,140.3333282470703,146.5,104499000,-0.02021165833954497,140.76679916381835,84.67528980255128
2020-11-10,136.7866668701172,140.02999877929688,132.00999450683594,140.02999877929688,90852600,-0.02587474253102262,140.180399017334,85.17025648117065
2020-11-11,139.0433349609375,139.56666564941406,136.86000061035156,138.81666564941406,52073100,0.0164977197153513,139.79426559448243,85.67180982589721
2020-11-12,137.25332641601562,141.0,136.5066680908203,138.35000610351562,59565300,-0.012873745767280065,139.5568653869629,86.14447311401368
2020-11-13,136.1666717529297,137.50999450683594,133.8866729736328,136.9499969482422,59313300,-0.007917146283160204,139.5668653869629,86.60844980239868
2020-11-16,136.02999877929688,137.48333740234375,134.69667053222656,136.30999755859375,80515800,-0.0010037182511209997,139.4986653137207,87.02859979629517
2020-11-17,147.20333862304688,154.0,144.336669921875,153.38999938964844,183564900,0.08213879250177958,140.24133209228515,87.4689298248291
2020-11-18,162.2133331298828,165.3333282470703,147.8333282470703,149.4499969482422,234132000,0.10196775866118779,141.0437321472168,88.03509649276734
2020-11-19,166.42333984375,169.5366668701172,162.52333068847656,164.0,187425900,0.025953518324515645,141.89659896850586,88.6175598526001
2020-11-20,163.20333862304688,167.5,163.02000427246094,165.99667358398438,98735700,-0.019348255020757876,142.6758657836914,89.1842198753357
2020-11-23,173.9499969482422,175.3333282470703,167.26333618164062,167.8333282470703,150780900,0.06584827501609536,143.3573989868164,89.7968765258789
2020-11-24,185.1266632080078,186.663330078125,175.39999389648438,180.13333129882812,160945500,0.06425217853318599,144.06153228759766,90.46438318252564
2020-11-25,191.3333282470703,191.3333282470703,181.7899932861328,183.35333251953125,146790600,0.03352658623835669,144.94313232421874,91.16528648376465
2020-11-27,195.25332641601562,199.5933380126953,192.81666564941406,193.72000122070312,112683300,0.020487795852708768,146.02533233642578,91.87355312347412
2020-11-30,189.1999969482422,202.60000610351562,184.836669921875,200.73666381835938,189009300,-0.031002439645386293,146.86166564941405,92.55287643432617
2020-12-01,194.9199981689453,199.28334045410156,190.68333435058594,199.19667053222656,120310500,0.030232565079099327,147.7641323852539,93.24134309768677
2020-12-02,189.60667419433594,190.51333618164062,180.40333557128906,185.47999572753906,143327100,-0.027258998689319136,148.72806579589843,93.88356981277465
2020-12-03,197.7933349609375,199.6566619873047,194.14332580566406,196.67333984375,127656000,0.04317707064578702,150.14819915771486,94.57273315429687
2020-12-04,199.67999267578125,199.67999267578125,195.1666717529297,197.00332641601562,88203900,0.00953853028069096,151.55653228759766,95.27079978942871
2020-12-07,213.9199981689453,216.26333618164062,201.01666259765625,201.63999938964844,168929100,0.07131413268972531,153.11933227539063,96.06246978759765
2020-12-08,216.6266632080078,217.0933380126953,206.1666717529297,208.50332641601562,192795000,0.01265269756091203,154.6438656616211,96.87896644592286
2020-12-09,201.4933319091797,218.10667419433594,196.0,217.89666748046875,213873600,-0.06985904262531573,155.87993225097657,97.62683311462402
2020-12-10,209.02333068847656,209.25,188.77999877929688,191.4566650390625,201249600,0.03737095767859411,157.2003323364258,98.44561643600464
2020-12-11,203.3300018310547,208.0,198.93333435058594,205.00332641601562,139425000,-0.027237767375868138,158.27919891357422,99.23960311889648
2020-12-14,213.27667236328125,214.25,203.39999389648438,206.3333282470703,156121800,0.048918853305726984,159.7774658203125,100.05811313629151
2020-12-15,211.0833282470703,215.63333129882812,207.93333435058594,214.42666625976562,135214500,-0.010284031966116491,161.16126586914064,100.86502643585204
2020-12-16,207.58999633789062,210.8333282470703,201.6666717529297,209.41000366210938,126287400,-0.016549539644792777,162.55319915771486,101.65314308166504
2020-12-17,218.63333129882812,219.60667419433594,206.5,209.39666748046875,168810300,0.053197818564255206,164.0905325317383,102.50479640960694
2020-12-18,231.6666717529297,231.6666717529297,209.51333618164062,222.96665954589844,666378600,0.059612778969587055,165.8843994140625,103.4286364364624
2020-12-21,216.6199951171875,222.8333282470703,215.35667419433594,222.0800018310547,174135900,-0.06494968189377415,167.32346588134766,104.30906974792481
2020-12-22,213.44667053222656,216.6266632080078,204.7433319091797,216.0,155148000,-0.01464926902636221,168.64373260498047,105.16119310379028
2020-12-23,215.32666015625,217.1666717529297,207.52333068847656,210.73333740234375,99519000,0.008807772074100217,169.9725991821289,106.02641639709472
2020-12-24,220.58999633789062,222.02999877929688,213.6666717529297,214.3300018310547,68596800,0.02444349518922251,171.3090658569336,106.94251638412476
2020-12-28,221.22999572753906,227.13333129882812,220.26666259765625,224.836669921875,96835800,0.002901307404113318,172.7411325073242,107.8664596939087
2020-12-29,221.99667358398438,223.3000030517578,218.3333282470703,220.3333282470703,68732400,0.003465523985226371,174.24993255615234,108.82808639526367
2020-12-30,231.5933380126953,232.1999969482422,222.7866668701172,224.0,128538000,0.0432288658824449,176.0095993041992,109.84265308380127
2020-12-31,235.22332763671875,239.57333374023438,230.3733367919922,233.3300018310547,148949700,0.01567398119122254,177.9011325073242,110.89836305618286
2021-01-04,243.2566680908203,248.163330078125,239.06333923339844,239.82000732421875,145914600,0.03415197180829077,179.94866577148437,111.97209973335266
2021-01-05,245.0366668701172,246.94667053222656,239.73333740234375,241.22000122070312,96735600,0.007317368906131216,182.0107992553711,113.05477306365967
2021-01-06,251.9933319091797,258.0,249.6999969482422,252.8300018310547,134100000,0.028390302267496503,184.24646575927736,114.16997638702392
2021-01-07,272.0133361816406,272.3299865722656,258.3999938964844,259.2099914550781,154496700,0.07944656360858104,186.88486572265626,115.36170972824097
2021-01-08,293.3399963378906,294.8299865722656,279.46331787109375,285.3333435058594,225166500,0.07840299470467449,189.9204656982422,116.64865970611572
2021-01-11,270.39666748046875,284.80999755859375,267.8733215332031,283.1333312988281,177904800,-0.07821411721500826,192.62159912109374,117.8245897102356
2021-01-12,283.14666748046875,289.3333435058594,275.7799987792969,277.0,138812100,0.047152947996006445,195.54566589355468,119.0688697052002
2021-01-13,284.8033447265625,286.8233337402344,277.3333435058594,284.2533264160156,99937500,0.005850950889994211,198.6547994995117,120.3255097579956
2021-01-14,281.6666564941406,287.6666564941406,279.5833435058594,281.1300048828125,93798900,-0.011013523157297866,201.61806610107422,121.55917636871338
2021-01-15,275.38665771484375,286.6333312988281,273.0333251953125,284.0,116332800,-0.02229585445953386,204.29979919433595,122.77558965682984
2021-01-19,281.51666259765625,283.3333435058594,277.6666564941406,279.26666259765625,76101000,0.022259629183487784,207.12359924316405,124.03168296813965
2021-01-20,283.48333740234375,286.5,279.09332275390625,286.2466735839844,76997700,0.00698599786790699,209.872666015625,125.28909631729125
2021-01-21,281.663330078125,285.239990234375,280.47332763671875,285.0,61563300,-0.006420156263490129,212.6395993041992,126.52533296585084
2021-01-22,282.21331787109375,282.6666564941406,276.2066650390625,278.10333251953125,60199500,0.0019526425140830028,215.47546569824217,127.75458288192749
2021-01-25,293.6000061035156,300.1333312988281,279.6066589355469,285.0,123520200,0.040347806114603646,218.61173248291016,129.03963624954224
2021-01-26,294.36334228515625,298.6333312988281,290.5333251953125,297.1266784667969,69394800,0.0025999188207492807,221.71813262939452,130.32045295715332
2021-01-27,288.0533447265625,297.1666564941406,286.2200012207031,290.1166687011719,82002000,-0.02143608477064074,224.73413299560548,131.54373634338378
2021-01-28,278.4766540527344,282.6666564941406,267.0,273.3333435058594,79134000,-0.033246240146660666,227.58033264160156,132.69948961257936
2021-01-29,264.510009765625,280.8033447265625,260.0333251953125,276.6666564941406,104972400,-0.05015373491403896,230.14993286132812,133.7787629890442
2021-02-01,279.9366760253906,280.6666564941406,265.1866760253906,271.42999267578125,76174200,0.058321672867634566,232.804599609375,134.93004302978517
2021-02-02,290.92999267578125,293.5,280.73333740234375,281.55999755859375,73038600,0.039270726531715816,235.37893280029297,136.13339632034302
2021-02-03,284.89666748046875,292.6933288574219,284.35333251953125,292.3399963378906,55030500,-0.020738065332563282,237.74839935302734,137.30909299850464
2021-02-04,283.3299865722656,285.5,277.8066711425781,285.0,47438100,-0.005499119810906672,240.15093231201172,138.49683626174928
2021-02-05,284.07666015625,288.25665283203125,279.65667724609375,281.6666564941406,55699800,0.0026353496607176563,242.35346557617189,139.673182888031
2021-02-08,287.8066711425781,292.5899963378906,284.9166564941406,289.8900146484375,60485100,0.0131302972383458,244.4070657348633,140.8770062446594
2021-02-09,283.1533203125,286.6000061035156,280.5833435058594,285.0400085449219,45473100,-0.016168321643152184,246.24346557617187,142.05105617523193
2021-02-10,268.2733459472656,281.6066589355469,266.67333984375,281.21331787109375,108648300,-0.052550944303998315,247.70386596679688,143.12617290496826
2021-02-11,270.5533447265625,276.6266784667969,267.24334716796875,270.8133239746094,64868400,0.008498789811735685,249.33093292236327,144.22256629943848
2021-02-12,272.0400085449219,272.4433288574219,261.77667236328125,267.086669921875,71304900,0.005494900903412869,250.8733331298828,145.3159296798706
2021-02-16,265.40667724609375,273.6666564941406,264.14666748046875,272.6666564941406,59406900,-0.024383660823671716,252.38933319091797,146.38233640670776
2021-02-17,266.04998779296875,266.61334228515625,254.00332641601562,259.6966552734375,77989500,0.0024238672272682837,253.75446624755858,147.47881301879883
2021-02-18,262.4599914550781,264.89666748046875,258.75665283203125,260.29998779296875,53871300,-0.013493691045324274,255.01006622314452,148.53738298416138
2021-02-19,260.4333190917969,265.5966796875,259.1233215332031,265.0,56874900,-0.007721833533733569,255.94033264160157,149.58347957611085
2021-02-22,238.1666717529297,256.1666564941406,236.73333740234375,254.2133331298828,111809100,-0.08549845855559934,256.3711328125,150.51345293045043
2021-02-23,232.94667053222656,237.8699951171875,206.3333282470703,220.7100067138672,199820700,-0.021917429429917368,257.0001995849609,151.41817295074463
2021-02-24,247.33999633789062,248.3333282470703,231.38999938964844,237.28334045410156,110301000,0.06178807266392261,257.7665328979492,152.38173294067383
2021-02-25,227.4066619873047,245.73666381835938,223.52667236328125,242.0500030517578,117071700,-0.08059082496045267,258.24806610107424,153.24833625793457
2021-02-26,225.1666717529297,235.56666564941406,219.836669921875,233.3333282470703,123267600,-0.009850152211020369,258.48586608886717,154.10436628341674
2021-03-01,239.47666931152344,239.6666717529297,228.35000610351562,230.0366668701172,81408600,0.06355291148192554,259.05373291015627,155.0380962944031
2021-03-02,228.81333923339844,240.3699951171875,228.3333282470703,239.42666625976562,71196600,-0.044527636486599076,259.4781997680664,155.91438632965088
2021-03-03,217.73333740234375,233.56666564941406,217.23666381835938,229.3300018310547,90624000,-0.048423758283395624,259.4601998901367,156.73666301727295
2021-03-04,207.14666748046875,222.81666564941406,200.0,218.60000610351562,197758500,-0.04862218183112754,258.9697998046875,157.5011863517761
2021-03-05,199.31666564941406,209.27999877929688,179.8300018310547,208.68666076660156,268189500,-0.037799313531283074,258.62373321533204,158.2284330177307
2021-03-08,187.6666717529297,206.7100067138672,186.26333618164062,200.18333435058594,155361000,-0.05844967282854319,258.1081332397461,158.89491304397583
2021-03-09,224.52667236328125,226.02999877929688,198.40333557128906,202.72666931152344,202569900,0.1964120760817838,258.29213348388674,159.74167974472047
2021-03-10,222.68666076660156,239.28334045410156,218.35333251953125,233.43333435058594,181817100,-0.00819506910832657,258.3340667724609,160.58281970977782
2021-03-11,233.1999969482422,234.1666717529297,225.72666931152344,233.13333129882812,108761700,0.04721134236531421,258.573466796875,161.47586303710938
2021-03-12,231.2433319091797,231.6266632080078,222.04666137695312,223.3333282470703,100751400,-0.008390501992574073,258.7583999633789,162.35866970062256
2021-03-15,235.97999572753906,237.72666931152344,228.01333618164062,231.3633270263672,88006800,0.020483461206222797,258.8461331176758,163.26996633529663
2021-03-16,225.6266632080078,235.97332763671875,223.6666717529297,234.4499969482422,96587100,-0.04387377195940434,258.6541998291016,164.11976631164552
2021-03-17,233.93666076660156,234.57666015625,217.00332641601562,218.9566650390625,121117500,0.03683074261011732,258.46779968261717,164.99008295059204
2021-03-18,217.72000122070312,229.7433319091797,217.3333282470703,228.09666442871094,99674400,-0.06932072763951169,257.9214663696289,165.78482961654663
2021-03-19,218.2899932861328,219.07666015625,208.2066650390625,215.53334045410156,128682000,0.0026180050626212203,257.24739959716794,166.58195959091188
2021-03-22,223.3333282470703,233.2066650390625,222.9166717529297,228.19667053222656,118536600,0.023103830299388672,256.27379943847654,167.4104995727539
2021-03-23,220.72000122070312,225.93333435058594,219.1699981689453,225.2566680908203,91475700,-0.01170146456365928,254.82139953613282,168.2188795852661
2021-03-24,210.08999633789062,222.67333984375,210.0366668701172,222.6366729736328,101385600,-0.04816058727810224,253.61526611328125,168.9526895713806
2021-03-25,213.4633331298828,215.1666717529297,203.1666717529297,204.3333282470703,117674700,0.016056627401557888,252.22159942626953,169.70644956588745
2021-03-26,206.23666381835938,214.60667419433594,199.9633331298828,213.9566650390625,101558400,-0.03385438241576755,250.65026580810547,170.39594953536988
2021-03-29,203.76333618164062,205.4933319091797,198.67333984375,205.2133331298828,85911000,-0.01199266702111268,249.09219940185548,171.09048620224
2021-03-30,211.8733367919922,212.55332946777344,197.00332641601562,200.5833282470703,118297200,0.039801078851212424,247.82193298339843,171.83809288024904
2021-03-31,222.64332580566406,224.0,213.70333862304688,215.5399932861328,100011900,0.05083220558444013,246.6444662475586,172.62100952148438
2021-04-01,220.5833282470703,230.80667114257812,219.80667114257812,229.4566650390625,105895200,-0.009252455923119962,245.38646606445312,173.39654949188233
2021-04-05,230.35000610351562,236.05332946777344,228.23333740234375,235.90333557128906,125528400,0.04427659122771899,244.36019958496092,174.2177028656006
2021-04-06,230.5399932861328,232.18333435058594,227.1233367919922,230.10000610351562,84815400,0.0008247761127986308,243.3267330932617,175.03574951171876
2021-04-07,223.6566619873047,230.4600067138672,222.6133270263672,229.0,78928200,-0.029857428208930892,241.9278662109375,175.82039947509764
2021-04-08,227.93333435058594,229.85000610351562,223.88333129882812,225.7933349609375,71772900,0.01912159613436426,240.5992660522461,176.6286261367798
2021-04-09,225.67333984375,226.99000549316406,223.14332580566406,225.92333984375,64311300,-0.009915155733034697,239.35166595458983,177.42306617736816
2021-04-12,233.9933319091797,234.93333435058594,227.3633270263672,228.56666564941406,87407100,0.03686741230129442,238.46199951171874,178.27274951934814
2021-04-13,254.10667419433594,254.3333282470703,236.8866729736328,237.56666564941406,133958400,0.0859569036478478,238.25393280029297,179.21462287902833
2021-04-14,244.07666015625,260.2633361816406,242.67666625976562,256.8999938964844,147052200,-0.03947166704647498,237.53673248291017,180.11509284973144
2021-04-15,246.28334045410156,247.89666748046875,240.43666076660156,247.6999969482422,83546700,0.009040931223980753,236.64379943847655,181.0100595474243
2021-04-16,246.5933380126953,249.80332946777344,241.53334045410156,242.88333129882812,83938500,0.0012587029151958085,235.8777328491211,181.8830895614624
2021-04-19,238.2100067138672,241.8000030517578,230.60000610351562,239.86666870117188,119058600,-0.03399658468630862,234.97533325195312,182.70092960357667
2021-04-20,239.663330078125,245.75,236.89666748046875,239.13999938964844,106827000,0.006101017267521991,234.08706665039062,183.49635959625243
2021-04-21,248.0399932861328,248.27999877929688,232.6666717529297,234.92333984375,93646500,0.034951793439894185,233.2917330932617,184.2793662261963
2021-04-22,239.89666748046875,251.2566680908203,239.34666442871094,247.1666717529297,106770900,-0.03283069676699324,232.4266000366211,185.0155628967285
2021-04-23,243.13333129882812,245.7866668701172,238.48666381835938,239.93333435058594,85110000,0.013491908213451476,231.92379974365235,185.77593620300294
2021-04-26,246.06666564941406,249.76666259765625,244.20333862304688,247.0,93115500,0.012064715006025573,231.4340661621094,186.54150951385498
2021-04-27,234.913330078125,241.3333282470703,234.4499969482422,239.32000732421875,88311000,-0.04532647907368281,230.69153259277343,187.201192817688
2021-04-28,231.46665954589844,236.1666717529297,231.1999969482422,232.1366729736328,66813000,-0.014672094304228334,230.01273223876953,187.859506111145
2021-04-29,225.6666717529297,234.0833282470703,222.8333282470703,233.1699981689453,86536200,-0.02505755171974844,229.20506591796874,188.48223945617676
2021-04-30,236.47999572753906,238.49000549316406,222.04666137695312,222.52999877929688,122276100,0.04791723957558203,228.68546600341796,189.14930278778075
2021-05-03,228.3000030517578,235.3333282470703,226.8333282470703,234.60000610351562,81129300,-0.034590632711300695,228.0427996826172,189.79058948516845
2021-05-04,224.53334045410156,227.81666564941406,219.23333740234375,226.31333923339844,89217900,-0.01649874089928205,227.77013305664062,190.41297618865966
2021-05-05,223.64666748046875,228.43333435058594,222.44667053222656,227.02000427246094,65705700,-0.003948959080373515,227.58413299560547,190.98354286193847
2021-05-06,221.17999267578125,227.0066680908203,216.6666717529297,226.9199981689453,83353800,-0.011029338520784915,227.0609329223633,191.56665615081786
2021-05-07,224.1233367919922,230.0,220.07333374023438,221.93333435058594,70407600,0.013307460953421169,226.99526641845702,192.15649616241456
2021-05-10,209.67999267578125,221.68333435058594,209.20333862304688,221.63333129882812,94177200,-0.06444373139784076,226.68553283691406,192.7005394744873
2021-05-11,205.73333740234375,209.03334045410156,198.53334045410156,199.74667358398438,139511700,-0.018822278764288325,226.01066619873046,193.25687282562257
2021-05-12,196.6300048828125,206.80332946777344,195.58999633789062,200.8300018310547,101470800,-0.044248212926854213,225.36699951171875,193.72682285308838
2021-05-13,190.56333923339844,202.15333557128906,186.5500030517578,200.51333618164062,132554700,-0.030853203980896415,224.82359954833984,194.18747619628905
2021-05-14,196.5800018310547,197.6233367919922,190.15333557128906,194.47000122070312,100112700,0.03157303299711356,224.61226623535157,194.67067287445067
2021-05-17,192.27667236328125,196.57666015625,187.06666564941406,191.85000610351562,97171200,-0.02189098294684022,224.4714663696289,195.13622623443604
2021-05-18,192.6233367919922,198.75,187.7933349609375,189.3333282470703,110491800,0.0018029458511532592,224.57059967041016,195.62242290496826
2021-05-19,187.82000732421875,188.73666381835938,182.32666015625,184.18333435058594,118735200,-0.02493638386588848,223.8364663696289,196.06652294158937
2021-05-20,195.5933380126953,196.28334045410156,190.35667419433594,191.6666717529297,92463300,0.04138712802336375,223.2945999145508,196.54882297515869
2021-05-21,193.6266632080078,198.89332580566406,193.3333282470703,198.70333862304688,78091800,-0.010054917128925145,222.5031332397461,197.02194961547852
2021-05-24,202.14666748046875,204.82666015625,191.21665954589844,193.86666870117188,103674300,0.0440022264046771,221.92119995117187,197.53615627288818
2021-05-25,201.56333923339844,204.663330078125,198.57000732421875,202.43666076660156,84017700,-0.002885668382965889,221.23286682128906,198.05973628997802
2021-05-26,206.3766632080078,208.72332763671875,200.5,202.52000427246094,85917900,0.023879957500782645,220.84786682128907,198.61876293182374
2021-05-27,210.28334045410156,210.3766632080078,205.40333557128906,206.74667358398438,79111800,0.018929840154243482,220.37480041503906,199.21204963684082
2021-05-28,208.4066619873047,211.8633270263672,207.4600067138672,209.5,68211000,-0.008924522802159385,220.1885336303711,199.73582962036133
2021-06-01,207.96665954589844,211.26666259765625,206.85000610351562,209.26666259765625,54254700,-0.002111268599623961,219.9820669555664,200.23532958984376
2021-06-02,201.7066650390625,207.7866668701172,199.7133331298828,206.7100067138672,69908400,-0.030100952337768105,219.54953369140625,200.6936262512207
2021-06-03,190.94667053222656,201.51666259765625,190.4066619873047,200.60000610351562,90335700,-0.05334476431283097,218.95406707763672,201.0364796066284
2021-06-04,199.68333435058594,200.20333862304688,192.39999389648438,193.23666381835938,72110700,0.045754470575515294,218.74593383789062,201.40586627960204
2021-06-07,201.7100067138672,203.3333282470703,194.2933349609375,197.27667236328125,67631100,0.010149431698305955,218.5108673095703,201.78823963165283
2021-06-08,201.19667053222656,207.69667053222656,198.5,207.6699981689453,78160200,-0.002544921741878703,218.41006744384765,202.1269462966919
2021-06-09,199.5933380126953,203.92999267578125,199.2100067138672,200.72332763671875,49753800,-0.007968981371759054,218.32666748046876,202.4415863418579
2021-06-10,203.3733367919922,205.52999877929688,200.1666717529297,201.2933349609375,71758800,0.018938501740255687,218.15666748046874,202.78705303192137
2021-06-11,203.29666137695312,204.18666076660156,200.5066680908203,203.41000366210938,48615900,-0.0003770180312155924,217.76973419189454,203.12908969879152
2021-06-14,205.89666748046875,208.49667358398438,203.05999755859375,204.07666015625,61272000,0.012789221849023313,217.4760009765625,203.44084972381592
2021-06-15,199.7866668701172,205.59666442871094,199.41000366210938,205.56333923339844,53292300,-0.029675082579620482,216.86473419189454,203.6935330581665
2021-06-16,201.6233367919922,202.8333282470703,197.8333282470703,199.17999267578125,66432300,0.009193155632698069,216.28640106201172,203.9638497543335
2021-06-17,205.53334045410156,207.1566619873047,200.44667053222656,200.6300048828125,68104200,0.019392614586788648,215.92393463134766,204.16098308563232
2021-06-18,207.77000427246094,209.4499969482422,203.93333435058594,204.4566650390625,73682700,0.010882243306208794,215.52066802978516,204.40808307647706
2021-06-21,206.94332885742188,210.4633331298828,202.9600067138672,208.16000366210938,74438100,-0.003978800587379316,215.14606781005858,204.6971830368042
2021-06-22,207.90333557128906,209.52333068847656,205.1666717529297,206.0833282470703,57476700,0.004638983624974058,214.62426788330077,205.058366355896
2021-06-23,218.85667419433594,219.06666564941406,210.01333618164062,210.6666717529297,93297600,0.05268476618207507,213.9192678833008,205.45544971466063
2021-06-24,226.60667419433594,232.5399932861328,222.5366668701172,224.99667358398438,137947200,0.035411302984154513,213.5698681640625,206.0381330871582
2021-06-25,223.9566650390625,231.27000427246094,222.89999389648438,229.86000061035156,97490100,-0.011694312026312215,213.1233346557617,206.54744976043702
2021-06-28,229.57333374023438,231.56666564941406,223.44000244140625,223.8800048828125,64884600,0.025079265670401973,212.7829345703125,207.0764164352417
2021-06-29,226.9199981689453,229.1699981689453,225.29666137695312,228.21665954589844,52143900,-0.011557681931348984,212.55713439941405,207.5898164367676
2021-06-30,226.56666564941406,230.93666076660156,226.04666137695312,226.58999633789062,56774700,-0.0015570796861552605,212.29520111083986,208.0232830810547
2021-07-01,225.97332763671875,229.3300018310547,224.26666259765625,227.97332763671875,55903500,-0.0026188230779431443,211.85386779785156,208.40354972839356
2021-07-02,226.3000030517578,233.3333282470703,224.4199981689453,226.32666015625,81163500,0.0014456370513082906,211.58193450927735,208.79878311157228
2021-07-06,219.86000061035156,228.0,217.13333129882812,227.23666381835938,69853500,-0.028457809785947474,211.1164678955078,209.1923664855957
2021-07-07,214.88333129882812,221.89999389648438,212.77333068847656,221.42333984375,56376000,-0.02263562857139878,210.4928012084961,209.5298664855957
2021-07-08,217.60333251953125,218.14332580566406,206.82000732421875,209.4566650390625,68319900,0.012658037290573132,210.14660125732422,209.8688998413086
2021-07-09,218.98333740234375,219.6366729736328,214.89666748046875,217.72666931152344,54421500,0.006341837079579804,209.89693481445312,210.25676651000975
2021-07-12,228.56666564941406,229.0800018310547,220.72000122070312,220.73333740234375,77781000,0.0437628194032984,209.9549346923828,210.76566650390626
2021-07-13,222.84666442871094,231.0933380126953,222.10000610351562,228.77333068847656,62898300,-0.0250255268170938,209.68226806640624,211.2335831451416
2021-07-14,217.7933349609375,226.20333862304688,217.6133270263672,223.5833282470703,64923600,-0.022676262535623493,209.47213470458985,211.6436498260498
2021-07-15,216.86666870117188,222.04666137695312,212.6266632080078,219.4633331298828,60628800,-0.004254796226577984,209.31880126953126,212.02598320007326
2021-07-16,214.74000549316406,218.89999389648438,214.06666564941406,218.22666931152344,49113000,-0.009806316575730722,209.14066802978516,212.40123321533204
2021-07-19,215.4066619873047,215.73333740234375,207.09666442871094,209.9633331298828,63891300,0.003104482057777691,209.02520141601562,212.7632498931885
2021-07-20,220.1666717529297,220.79666137695312,213.5,217.3300018310547,46461300,0.02209778342837665,208.94606811523437,213.11714988708496
2021-07-21,218.42999267578125,221.6199951171875,216.76333618164062,219.8699951171875,41859900,-0.007888019850240235,209.12106811523438,213.51748321533202
2021-07-22,216.4199981689453,220.72332763671875,214.86666870117188,218.81333923339844,45317100,-0.009202007847976312,209.3348013305664,213.89011657714843
2021-07-23,214.4600067138672,216.26666259765625,212.43333435058594,215.45333862304688,43814700,-0.009056424875986235,209.6914013671875,214.27244995117186
2021-07-26,219.2066650390625,222.73333740234375,215.70333862304688,216.99000549316406,76009800,0.022133069927244398,210.2642678833008,214.6596499633789
2021-07-27,214.92666625976562,222.1666717529297,209.0800018310547,221.13333129882812,98439900,-0.01952494819687245,210.631201171875,215.02441665649414
2021-07-28,215.66000366210938,218.32333374023438,213.13333129882812,215.6666717529297,48019800,0.0034120354402995545,211.09886779785157,215.37938331604005
2021-07-29,225.78334045410156,227.89666748046875,216.26666259765625,216.59666442871094,91183800,0.04694118807422987,211.76206787109376,215.7711333465576
2021-07-30,229.06666564941406,232.50999450683594,223.0,223.9199981689453,88969200,0.014541928508582602,212.58700103759764,216.17205001831056
2021-08-02,236.55667114257812,242.31333923339844,232.8000030517578,233.3333282470703,100847400,0.032697928666004517,213.40626770019531,216.58600006103515
2021-08-03,236.5800018310547,240.88333129882812,233.6699981689453,239.6666717529297,64860900,9.862621233169833e-05,214.26533447265626,217.0207667541504
2021-08-04,236.97332763671875,241.63333129882812,236.30999755859375,237.0,51007800,0.001662548831768751,214.96186767578126,217.47285003662108
2021-08-05,238.2100067138672,240.31666564941406,237.1366729736328,238.6666717529297,38758800,0.005218642492307302,215.69480102539063,217.94585006713868
2021-08-06,233.03334045410156,238.77667236328125,232.5433349609375,237.3000030517578,46869000,-0.021731523084098314,216.2279345703125,218.40778343200682
2021-08-09,237.9199981689453,239.67666625976562,235.0433349609375,236.72332763671875,44145900,0.020969779282747014,216.78066772460937,218.8929833984375
2021-08-10,236.663330078125,238.8633270263672,233.9600067138672,237.99667358398438,40296900,-0.005281893495678203,217.34580108642578,219.3666500854492
2021-08-11,235.94000244140625,238.39332580566406,234.73666381835938,237.57000732421875,29401800,-0.0030563570472872392,217.90526794433595,219.84530006408693
2021-08-12,240.75,240.93333435058594,233.13333129882812,235.44667053222656,52377300,0.020386528392057013,218.68613464355468,220.34858337402343
2021-08-13,239.05667114257812,243.3000030517578,238.1133270263672,241.23666381835938,50194500,-0.007033557040173943,219.64833465576172,220.83606674194337
2021-08-16,228.72332763671875,236.5,225.46665954589844,235.02333068847656,68032200,-0.0432254973537064,220.22913452148438,221.3029833984375
2021-08-17,221.90333557128906,224.86000061035156,216.27999877929688,224.22000122070312,71163900,-0.02981764971635026,220.6330010986328,221.72778343200685
2021-08-18,229.663330078125,231.92333984375,223.11666870117188,223.25,61048200,0.03497015710402862,221.20233428955078,222.2293667602539
2021-08-19,224.49000549316406,228.85000610351562,222.52999877929688,226.07000732421875,42940500,-0.02252568828990298,221.70026763916016,222.68430015563965
2021-08-20,226.75332641601562,230.7100067138672,224.56666564941406,227.61666870117188,44525700,0.010082056516856674,222.16786743164062,223.11156677246095
2021-08-23,235.43333435058594,237.3766632080078,226.9166717529297,228.47999572753906,60794700,0.03827951753459802,222.81060089111327,223.58710014343262
2021-08-24,236.163330078125,238.4066619873047,234.2133331298828,236.89332580566406,39249300,0.0031006472789958384,223.4159341430664,224.03776679992677
2021-08-25,237.06666564941406,238.99000549316406,234.6666717529297,235.67666625976562,37936800,0.0038250458739306215,224.16153411865236,224.50651679992677
2021-08-26,233.72000122070312,238.46665954589844,232.5399932861328,236.10333251953125,39642900,-0.01411697599720807,224.80346740722655,224.97301681518556
2021-08-27,237.30667114257812,238.3333282470703,234.03334045410156,235.0,41501400,0.015346011908018431,225.4389340209961,225.47561683654786
2021-08-30,243.6366729736328,243.6666717529297,237.57666015625,238.24000549316406,55812600,0.02667435264494311,226.15626739501954,225.99858352661133
2021-08-31,245.24000549316406,246.79666137695312,242.14666748046875,244.3333282470703,62566200,0.00658083407543808,226.92220092773437,226.53851692199706
2021-09-01,244.69667053222656,247.3300018310547,243.7566680908203,244.69332885742188,39612900,-0.0022155233598404322,227.6580676269531,227.08116691589356
2021-09-02,244.1300048828125,246.99000549316406,243.51333618164062,244.8333282470703,38331900,-0.002315788147756681,228.16353424072267,227.62166694641112
2021-09-03,244.52333068847656,244.6666717529297,241.39999389648438,244.0833282470703,45738300,0.0016111325842673718,228.52186737060546,228.1082669067383
2021-09-07,250.97332763671875,253.39999389648438,246.4199981689453,246.6666717529297,60119400,0.02637783858939624,229.0622006225586,228.55206687927247
2021-09-08,251.2899932861328,254.81666564941406,246.92333984375,253.86000061035156,56379000,0.0012617502122473923,229.49653381347656,228.97640014648437
2021-09-09,251.6199951171875,254.03334045410156,250.5433349609375,251.1366729736328,42233100,0.001313231087076927,229.9905337524414,229.41848342895508
2021-09-10,245.42333984375,254.20333862304688,244.83999633789062,253.1999969482422,45552600,-0.024627038366134335,230.36766723632812,229.77585014343262
2021-09-13,247.6666717529297,248.25999450683594,236.28334045410156,246.73666381835938,68857500,0.00914066245943812,230.80153411865234,230.08855018615722
2021-09-14,248.163330078125,251.49000549316406,245.46665954589844,247.52333068847656,55574700,0.0020053498586631857,231.23880065917967,230.3727001953125
2021-09-15,251.94332885742188,252.2866668701172,246.1199951171875,248.3333282470703,46073100,0.015231899000174076,231.8804672241211,230.65615020751954
2021-09-16,252.3300018310547,252.97000122070312,249.20333862304688,250.94332885742188,41770200,0.0015347617076681974,232.62940063476563,230.9718002319336
2021-09-17,253.163330078125,253.67999267578125,250.0,252.38333129882812,84612600,0.0033025333532406,233.3406005859375,231.26301689147948
2021-09-20,243.38999938964844,247.3333282470703,239.5399932861328,244.85333251953125,74273100,-0.03860484330594227,233.8287338256836,231.53193351745605
2021-09-21,246.4600067138672,248.24667358398438,243.47999572753906,244.92999267578125,48992100,0.012613531089680885,234.18660064697266,231.7752668762207
2021-09-22,250.64666748046875,251.22332763671875,246.3733367919922,247.8433380126953,45378900,0.0169871810945057,234.7426007080078,232.03010025024415
2021-09-23,251.2133331298828,252.73333740234375,249.30667114257812,251.6666717529297,35842500,0.00226081461648886,235.41100067138672,232.21656692504882
2021-09-24,258.1300048828125,258.26666259765625,248.18666076660156,248.6300048828125,64119000,0.027533059916662994,236.23626739501952,232.42408363342284
2021-09-27,263.78668212890625,266.3333435058594,256.4366760253906,257.7066650390625,84212100,0.02191406322043732,237.21720092773438,232.73555038452147
2021-09-28,259.1866760253906,265.21331787109375,255.39332580566406,262.3999938964844,76144200,-0.01743835612317879,238.0928012084961,232.98636711120605
2021-09-29,260.4366760253906,264.5,256.8933410644531,259.9333190917969,62828700,0.004822778775393388,238.8982012939453,233.27190048217773
2021-09-30,258.49334716796875,263.0433349609375,258.3333435058594,260.3333435058594,53868000,-0.0074618094773734045,239.69946838378905,233.49798385620116
2021-10-01,258.40667724609375,260.260009765625,254.52999877929688,259.4666748046875,51094200,-0.0003352887910832436,240.53920196533204,233.7346006011963
2021-10-04,260.510009765625,268.989990234375,258.7066650390625,265.5,91449900,0.008139621398127295,241.4602020263672,233.99920066833496
2021-10-05,260.1966552734375,265.7699890136719,258.0666809082031,261.6000061035156,55297800,-0.001202850103416031,242.28000183105468,234.20701728820802
2021-10-06,260.9166564941406,262.2200012207031,257.739990234375,258.73333740234375,43898400,0.0027671424905384434,243.19980163574218,234.35326721191407
2021-10-07,264.53668212890625,268.3333435058594,261.1266784667969,261.82000732421875,57587400,0.013874260399496352,244.17733520507812,234.59285064697266
2021-10-08,261.8299865722656,265.4599914550781,260.3033447265625,265.4033203125,50215800,-0.010231834522373306,244.8982681274414,234.83476722717285
2021-10-11,263.9800109863281,267.0799865722656,261.8333435058594,262.54998779296875,42600900,0.008211528565575943,245.59653503417968,235.07803398132324
2021-10-12,268.5733337402344,270.7733459472656,265.5233459472656,266.9766540527344,66060000,0.01740026730336086,246.23686828613282,235.31795066833496
2021-10-13,270.3599853515625,271.8033447265625,268.59332275390625,270.15667724609375,42360300,0.006652379022320076,246.91246795654297,235.5636006164551
2021-10-14,272.7733459472656,273.4166564941406,271.1166687011719,271.8299865722656,36741600,0.008926471099504285,247.62846832275392,235.8174839782715
2021-10-15,281.010009765625,281.07000732421875,274.1166687011719,274.5799865722656,56773800,0.030195999501915205,248.48446838378905,236.06456733703612
2021-10-18,290.03668212890625,291.7533264160156,283.8233337402344,283.92999267578125,72621600,0.03212224493643445,249.62453521728514,236.33863410949706
2021-10-19,288.0899963378906,292.6499938964844,287.5033264160156,292.510009765625,52143300,-0.006711860640270406,250.62793518066405,236.56280075073244
2021-10-20,288.6000061035156,289.8299865722656,285.7933349609375,288.45001220703125,42096300,0.0017703140411262641,251.6666687011719,236.7806174468994
2021-10-21,298.0,300.0,285.1666564941406,285.3333435058594,94444500,0.03257101073349511,252.90786865234375,237.0106507873535
2021-10-22,303.2266540527344,303.3333435058594,296.9866638183594,298.5,68642400,0.01753910755951127,254.15740173339844,237.166717376709
2021-10-25,341.6199951171875,348.3399963378906,314.73333740234375,316.84332275390625,188556300,0.12661598362581983,256.20866821289064,237.40811737060548
2021-10-26,339.4766540527344,364.9800109863281,333.8133239746094,341.5633239746094,187245000,-0.006274050392506725,258.4237347412109,237.7535173034668
2021-10-27,345.9533386230469,356.9599914550781,343.59332275390625,346.5533447265625,115579500,0.019078438805710585,260.9047348022461,238.0675506591797
2021-10-28,359.0133361816406,360.3333435058594,351.3999938964844,356.10333251953125,81639600,0.03775074872979922,263.4917349243164,238.4386006164551
2021-10-29,371.3333435058594,371.7366638183594,357.7366638183594,360.6199951171875,89755200,0.03431629436179362,266.4286016845703,238.88693405151366
2021-11-01,402.86334228515625,403.25,372.88665771484375,381.6666564941406,168146100,0.0849102277797451,269.95080200195315,239.52431747436523
2021-11-02,390.6666564941406,402.86334228515625,382.0,386.4533386230469,128213400,-0.03027499529203259,273.0554684448242,240.07006744384765
2021-11-03,404.6199951171875,405.1300048828125,384.2066650390625,392.4433288574219,103885500,0.03571673801973452,276.42460174560546,240.67575073242188
2021-11-04,409.9700012207031,414.4966735839844,405.6666564941406,411.4700012207031,76192200,0.013222297879683653,279.88266845703123,241.31728408813476
2021-11-05,407.36334228515625,413.2900085449219,402.6666564941406,409.3333435058594,64886400,-0.006358169933862068,283.3555352783203,241.94303421020507
2021-11-08,387.64666748046875,399.0,377.6666564941406,383.2633361816406,100337100,-0.04840070953386311,286.3623352050781,242.41326751708985
2021-11-09,341.1666564941406,391.5,337.17333984375,391.20001220703125,177317400,-0.11990303254359846,288.3129348754883,242.64728408813477
2021-11-10,355.98333740234375,359.3666687011719,329.10333251953125,336.8033447265625,128408100,0.043429451929624774,290.5278015136719,242.98693405151369
2021-11-11,354.5033264160156,368.3233337402344,351.55999755859375,367.5899963378906,67189800,-0.004157528824601631,292.7239346313477,243.3670674133301
2021-11-12,344.47332763671875,351.5,339.73333740234375,349.1666564941406,76719300,-0.02829310201599211,294.7308010864258,243.76688400268554
2021-11-15,337.7966613769531,343.99334716796875,326.20001220703125,339.2099914550781,104326800,-0.01938224449936754,296.5962677001953,244.05618392944336
2021-11-16,351.57666015625,352.3999938964844,334.05999755859375,334.4366760253906,79627200,0.04079376842602822,298.60833435058595,244.3594172668457
2021-11-17,363.0033264160156,373.21331787109375,351.8333435058594,354.5033264160156,94336200,0.032501208284666294,300.8426010131836,244.74995056152343
2021-11-18,365.4599914550781,370.6666564941406,358.3399963378906,368.8500061035156,62696700,0.006767610267700563,303.1194009399414,245.1606005859375
2021-11-19,379.0199890136719,379.5733337402344,364.23333740234375,366.2900085449219,64926900,0.03710391800920432,305.79133392333983,245.63531723022462
2021-11-22,385.6233215332031,400.6499938964844,377.4766540527344,387.4433288574219,99217500,0.017422122080461122,308.5504669189453,246.12440048217775
2021-11-23,369.6766662597656,393.5,354.23333740234375,389.1700134277344,108515100,-0.041352932727292124,310.9807336425781,246.55701721191406
2021-11-24,372.0,377.5899963378906,354.0,360.1300048828125,67680600,0.006284772484400847,313.3818670654297,247.07565048217774
2021-11-26,360.6400146484375,369.59332275390625,360.3333435058594,366.489990234375,35042700,-0.030537595031082,315.54806732177735,247.5260838317871
2021-11-29,378.9966735839844,380.8900146484375,366.7300109863281,366.9966735839844,58393500,0.050900227900227524,318.06473419189456,248.06086715698243
2021-11-30,381.586669921875,389.3333435058594,372.6666564941406,381.4566650390625,81276000,0.006833823403773698,320.82866760253904,248.64176712036132
2021-12-01,365.0,390.9466552734375,363.586669921875,386.8999938964844,68450400,-0.04346763456194869,323.19946746826173,249.13651718139647
2021-12-02,361.5333251953125,371.0,352.2166748046875,366.35333251953125,73114800,-0.00949773919092467,325.4172006225586,249.63188385009767
2021-12-03,338.3233337402344,363.52667236328125,333.4033203125,361.5966796875,92322000,-0.06419876077133224,327.15940063476563,250.02133392333985
2021-12-06,336.336669921875,340.5466613769531,316.8333435058594,333.836669921875,81663000,-0.005872086315763081,328.72353393554687,250.51218391418456
2021-12-07,350.5833435058594,352.5566711425781,342.2699890136719,348.0666809082031,56084700,0.04235837141187604,330.45946716308595,251.10036727905273
2021-12-08,356.32000732421875,357.4599914550781,344.3333435058594,350.9033203125,41906400,0.016363195584229162,332.4021337890625,251.64526733398438
2021-12-09,334.6000061035156,354.163330078125,334.1199951171875,353.5466613769531,59438400,-0.06095644581905246,333.885400390625,252.18123405456544
2021-12-10,339.010009765625,340.32666015625,327.510009765625,336.25,59664300,0.013179927022311633,335.4957336425781,252.7504507446289
2021-12-13,322.13665771484375,335.0,317.1400146484375,333.6966552734375,78595500,-0.04977243020772948,336.7703332519531,253.1637506866455
2021-12-14,319.5033264160156,322.13665771484375,310.0,315.0,70806300,-0.008174578197676419,337.95019958496096,253.61720062255858
2021-12-15,325.3299865722656,326.25,309.4166564941406,317.7366638183594,75169200,0.018236618133556703,339.2528662109375,254.15518386840822
2021-12-16,308.97332763671875,331.6600036621094,307.2833251953125,331.5,82771500,-0.050277132790258694,340.21399963378906,254.66431716918945
2021-12-17,310.8566589355469,320.2200012207031,303.0133361816406,304.92333984375,100437300,0.006095449446181567,341.14039916992186,255.22201713562012
2021-12-20,299.9800109863281,307.2300109863281,297.7966613769531,303.5666809082031,56480100,-0.03498927121736173,341.9033996582031,255.7835838317871
2021-12-21,312.84332275390625,313.1666564941406,295.3733215332031,305.6233215332031,71517900,0.04288056302579579,342.8806658935547,256.22516708374025
2021-12-22,336.2900085449219,338.5533447265625,319.01666259765625,321.88665771484375,93634200,0.07494705523716627,344.23499938964846,256.7931838226318
2021-12-23,355.6666564941406,357.6600036621094,332.5199890136719,335.6000061035156,92713200,0.05761886305530961,345.9411328125,257.4055171203613
2021-12-27,364.64666748046875,372.3333435058594,356.90667724609375,357.8900146484375,71145900,0.025248391499066658,347.7785992431641,258.07253379821776
2021-12-28,362.8233337402344,373.0,359.47332763671875,369.8299865722656,60324000,-0.005000275342793459,349.41486572265626,258.7067504882813
2021-12-29,362.0633239746094,368.0,354.71331787109375,366.21331787109375,56154000,-0.0020947102761840197,350.8553985595703,259.38893379211424
2021-12-30,356.7799987792969,365.1833190917969,351.04998779296875,353.77667236328125,47040900,-0.014592268383646134,352.22919860839846,260.0031504821777
2021-12-31,352.260009765625,360.6666564941406,351.5299987792969,357.8133239746094,40733700,-0.012668840823859995,353.5023986816406,260.67585052490233
2022-01-03,399.9266662597656,400.3566589355469,378.67999267578125,382.5833435058594,103931400,0.1353166841897706,355.54093200683593,261.5840338897705
2022-01-04,383.1966552734375,402.6666564941406,374.3500061035156,396.51666259765625,100248300,-0.041832696836128,357.14033203125,262.38335052490237
2022-01-05,362.7066650390625,390.11334228515625,360.336669921875,382.2166748046875,80119800,-0.05347121367683638,357.5620654296875,263.09328384399413
2022-01-06,354.8999938964844,362.6666564941406,340.1666564941406,359.0,90336600,-0.02152337383085412,357.8705322265625,263.8173338317871
2022-01-07,342.32000732421875,360.30999755859375,336.6666564941406,360.1233215332031,84164700,-0.035446567451716815,357.79786560058596,264.4616172027588
2022-01-10,352.7066650390625,353.0333251953125,326.6666564941406,333.3333435058594,91815000,0.03034195341380186,357.6717321777344,265.1939672088623
2022-01-11,354.79998779296875,358.6166687011719,346.2733459472656,351.22332763671875,66063300,0.005935024657598653,357.34106506347655,265.9491504669189
2022-01-12,368.739990234375,371.61334228515625,357.5299987792969,359.6166687011719,83739000,0.039289748931841784,356.6585980224609,266.73348373413086
2022-01-13,343.85333251953125,371.8666687011719,342.17999267578125,369.69000244140625,97209900,-0.06749107331435766,355.72233154296873,267.3395337677002
2022-01-14,349.8699951171875,350.6666564941406,337.7933349609375,339.9599914550781,72924300,0.017497758575059086,354.62733154296876,267.9859671020508
2022-01-18,343.5033264160156,356.92999267578125,338.6866760253906,342.2033386230469,66743400,-0.01819724123253097,353.297998046875,268.5517337036133
2022-01-19,331.8833312988281,351.5566711425781,331.6666564941406,347.2366638183594,75442500,-0.0338278969185718,351.78839782714846,269.05845039367676
2022-01-20,332.0899963378906,347.2200012207031,331.3333435058594,336.57666015625,70488600,0.0006227038828787723,350.67726440429686,269.6006170654297
2022-01-21,314.6333312988281,334.8500061035156,313.5,332.11334228515625,103416000,-0.05256606712507206,350.14659790039065,270.0341170501709
2022-01-24,310.0,311.1700134277344,283.8233337402344,301.586669921875,151565700,-0.014726129872195681,349.22693115234375,270.45575035095214
2022-01-25,306.1333312988281,317.086669921875,301.07000732421875,304.73333740234375,86595900,-0.012473124842489969,348.25953125,270.8164503479004
2022-01-26,312.4700012207031,329.2300109863281,302.0,317.4766540527344,104867400,0.02069905258271132,347.61946472167966,271.10826698303225
2022-01-27,276.3666687011719,311.7966613769531,276.3333435058594,311.1199951171875,147109500,-0.11554175561970448,346.39086486816404,271.26971702575685
2022-01-28,282.1166687011719,285.8333435058594,264.0033264160156,277.1866760253906,134789100,0.020805692766870276,345.0016650390625,271.4488836669922
2022-01-31,312.239990234375,312.663330078125,287.3500061035156,290.9033203125,104436000,0.10677611383930952,343.9863983154297,271.7771169281006
2022-02-01,310.4166564941406,314.5666809082031,301.6666564941406,311.7366638183594,73138200,-0.0058395266373975074,342.8855316162109,272.13815017700193
2022-02-02,301.88665771484375,310.5,296.4700012207031,309.3933410644531,66792900,-0.02747919159891432,341.3428649902344,272.4492668151855
2022-02-03,297.0466613769531,312.3333435058594,293.50665283203125,294.0,78855600,-0.016032495024879134,339.5713317871094,272.69430015563967
2022-02-04,307.7733459472656,312.1666564941406,293.72332763671875,299.0733337402344,73625400,0.03611110968421327,338.33326538085936,273.0336835479736
2022-02-07,302.4466552734375,315.92333984375,300.9033203125,307.92999267578125,60994500,-0.01730718642133755,336.94219848632815,273.33025016784666
2022-02-08,307.3333435058594,308.7633361816406,298.26666259765625,301.84332275390625,50729100,0.0161571905234128,335.8760650634766,273.6365835571289
2022-02-09,310.6666564941406,315.42333984375,306.6666564941406,311.6666564941406,52259400,0.010845920427172029,334.5094647216797,274.01535018920896
2022-02-10,301.51666259765625,314.60333251953125,298.8999938964844,302.7900085449219,66126900,-0.029452771017468238,332.90806457519534,274.3656002044678
2022-02-11,286.6666564941406,305.32000732421875,283.5666809082031,303.2099914550781,79645800,-0.04925102969626416,331.3413977050781,274.6706001281738
2022-02-14,291.9200134277344,299.6266784667969,284.3833312988281,287.19000244140625,67756500,0.01832566437213501,329.9491314697266,274.9478002166748
2022-02-15,307.4766540527344,307.6666564941406,297.7933349609375,300.0,57286200,0.053290764282768466,329.3321978759766,275.3436834716797
2022-02-16,307.7966613769531,308.80999755859375,300.4033203125,304.6833190917969,51294300,0.0010407532409399955,328.76139770507814,275.7600000762939
2022-02-17,292.1166687011719,306.1666564941406,291.3666687011719,304.4200134277344,55178400,-0.05094269900666093,327.59206420898437,276.10235008239744
2022-02-18,285.6600036621094,295.6233215332031,279.2033386230469,295.3333435058594,68501700,-0.022103035296720752,326.1788641357422,276.4247501373291
2022-02-22,273.84332275390625,285.57666015625,267.0333251953125,278.0433349609375,83288100,-0.04136624223452856,324.96373046875,276.6733500671387
2022-02-23,254.67999267578125,278.4333190917969,253.52000427246094,276.80999755859375,95256900,-0.06997917599526948,323.2771301269531,276.89835006713867
2022-02-24,266.92333984375,267.49334716796875,233.3333282470703,233.4633331298828,135322200,0.04807345500262783,322.17286376953126,277.2043000793457
2022-02-25,269.9566650390625,273.1666564941406,260.79998779296875,269.74334716796875,76067700,0.011364031324829549,321.1819305419922,277.570933380127
2022-02-28,290.1433410644531,292.28668212890625,271.57000732421875,271.6700134277344,99006900,0.07477746853358713,320.47819763183594,278.06883338928225
2022-03-01,288.1233215332031,296.6266784667969,284.59332275390625,289.8933410644531,74766900,-0.006962143345558558,320.06119750976563,278.526549987793
2022-03-02,293.2966613769531,295.49334716796875,281.42333984375,290.7099914550781,74643300,0.01795529711451649,319.7099975585937,279.03164993286134
2022-03-03,279.7633361816406,295.4800109863281,277.5333251953125,292.92333984375,61623600,-0.04614210448825773,319.3056640625,279.4673499298096
2022-03-04,279.42999267578125,285.2166748046875,275.0533447265625,283.0333251953125,66999600,-0.0011915196265851469,318.6373974609375,279.92539985656737
2022-03-07,268.1933288574219,288.71331787109375,268.19000244140625,285.4333190917969,72494100,-0.04021280504200253,317.2754638671875,280.288399810791
2022-03-08,274.79998779296875,283.3299865722656,260.72332763671875,265.1766662597656,80399100,0.02463394210323222,315.65813049316404,280.6942664337158
2022-03-09,286.3233337402344,286.85333251953125,277.336669921875,279.82666015625,59184000,0.04193357517885765,314.0916638183594,281.1151497650146
2022-03-10,279.4333190917969,284.8166809082031,270.1199951171875,283.8166809082031,58648500,-0.024063755330148706,312.42386352539063,281.50449966430665
2022-03-11,265.1166687011719,281.26666259765625,264.5899963378906,280.0666809082031,67037100,-0.0512345859010529,310.48493041992185,281.7981996917725
2022-03-14,255.4566650390625,266.8999938964844,252.01333618164062,260.2033386230469,71152200,-0.036436802368687404,308.4584637451172,282.0240663146973
2022-03-15,267.2966613769531,268.5233459472656,252.19000244140625,258.42333984375,66841200,0.046348355546253384,306.75919677734373,282.3185163116455
2022-03-16,280.07666015625,280.6666564941406,267.4200134277344,269.6666564941406,84028800,0.047812040425278646,304.36219665527346,282.67906631469725
2022-03-17,290.5333251953125,291.6666564941406,275.239990234375,276.9966735839844,66582900,0.037335010469022656,302.5089300537109,283.12319961547854
2022-03-18,301.7966613769531,302.6166687011719,289.1300048828125,291.4966735839844,100414200,0.03876779427650434,301.29072998046877,283.67744956970216
2022-03-21,307.0533447265625,314.2833251953125,302.36334228515625,304.99334716796875,81981600,0.017417963888751054,300.3337969970703,284.21429962158203
2022-03-22,331.32666015625,332.6199951171875,307.25,310.0,105868500,0.07905243778179138,300.11393005371093,284.86238288879395
2022-03-23,333.03668212890625,346.8999938964844,325.4666748046875,326.64666748046875,120676200,0.005161136057840299,299.7205303955078,285.52158294677736
2022-03-24,337.97332763671875,341.4966735839844,329.6000061035156,336.57666015625,68920800,0.014823128420135223,299.3839971923828,286.2134828948975
2022-03-25,336.8800048828125,340.6000061035156,332.44000244140625,336.0,62031600,-0.003234937980317265,298.7467974853516,286.8810162353516
2022-03-28,363.9466552734375,365.9599914550781,351.20001220703125,355.0333251953125,102506100,0.0803450783611821,299.1486639404297,287.684266204834
2022-03-29,366.5233459472656,371.5899963378906,357.7033386230469,369.3299865722656,73614900,0.007079858095940583,299.48173095703123,288.48739959716795
2022-03-30,364.663330078125,371.3166809082031,361.3333435058594,363.72332763671875,59865000,-0.00507475414515135,299.9049310302734,289.311782913208
2022-03-31,359.20001220703125,367.71331787109375,358.8800048828125,364.8566589355469,48992700,-0.014981813142339484,300.4512646484375,290.0996662902832
2022-04-01,361.5299987792969,364.9166564941406,355.5466613769531,360.3833312988281,54263100,0.006486599368272561,301.0400646972656,290.8796495819092
2022-04-04,381.8166809082031,383.3033447265625,357.510009765625,363.1266784667969,82035900,0.05611341298759176,302.3837316894531,291.74988296508786
2022-04-05,363.7533264160156,384.2900085449219,362.4333190917969,378.76666259765625,80075100,-0.047308971544201106,303.45879821777345,292.53393295288083
2022-04-06,348.586669921875,359.6666564941406,342.5666809082031,357.8233337402344,89348400,-0.041694894294368345,304.30786499023435,293.2373496246338
2022-04-07,352.4200134277344,358.86334228515625,340.5133361816406,350.7966613769531,79447200,0.010996816105212748,305.106865234375,293.9051663208008
2022-04-08,341.8299865722656,349.4800109863281,340.8133239746094,347.7366638183594,55013700,-0.03004944796541842,306.4161315917969,294.48128288269044
2022-04-11,325.30999755859375,336.15667724609375,324.8800048828125,326.79998779296875,59357100,-0.048328086073804455,307.2799981689453,294.9880495452881
2022-04-12,328.98333740234375,340.39666748046875,325.5333251953125,332.5466613769531,65976000,0.011291813566499442,307.6148651123047,295.4850995635986
2022-04-13,340.7900085449219,342.0799865722656,324.3666687011719,327.02667236328125,55121100,0.03588835603591267,308.22233215332034,296.0544496154785
2022-04-14,328.3333435058594,337.57000732421875,327.39666748046875,333.0966796875,58422300,-0.03655231880843268,308.75126586914064,296.56328300476076
2022-04-18,334.7633361816406,338.3066711425781,324.4700012207031,329.6766662597656,51715200,0.019583733431163042,309.5055993652344,297.10723304748535
2022-04-19,342.7166748046875,344.9800109863281,331.77667236328125,335.0199890136719,49847700,0.023758093445249484,310.2044659423828,297.68931640625
2022-04-20,325.73333740234375,344.6666564941406,325.0833435058594,343.3333435058594,70711200,-0.04955503671370076,310.6701995849609,298.21868309020994
2022-04-21,336.260009765625,364.0733337402344,332.1400146484375,358.24334716796875,105416400,0.03231684066245499,311.24873291015626,298.82556648254393
2022-04-22,335.01666259765625,344.95001220703125,331.3333435058594,338.3033447265625,69696600,-0.003697576672395231,311.73573303222656,299.41263313293456
2022-04-25,332.67333984375,336.2066650390625,325.1000061035156,326.3233337402344,68341200,-0.006994645387893739,312.35886657714843,299.9810831451416
2022-04-26,292.1400146484375,333.3333435058594,291.6666564941406,331.80999755859375,136133700,-0.12184121881948873,312.46833374023436,300.2989498901367
2022-04-27,293.836669921875,306.0,292.4533386230469,299.52667236328125,76956300,0.005807678470473254,312.5066668701172,300.65389991760253
2022-04-28,292.5033264160156,300.0,273.8999938964844,299.99334716796875,124948500,-0.004537702888526063,312.2072003173828,301.0274498748779
2022-04-29,290.2533264160156,311.4666748046875,290.0,300.75,88133100,-0.007692220213591394,311.85633361816406,301.3943831634522
2022-05-02,300.9800109863281,302.1199951171875,282.6766662597656,286.92333984375,75781500,0.03695628471433299,312.0336004638672,301.825583190918
2022-05-03,303.0833435058594,308.02667236328125,296.1966552734375,301.05999755859375,63709500,0.006988279761963367,312.3820672607422,302.26396659851076
2022-05-04,317.5400085449219,318.5,295.09332275390625,301.3133239746094,81643800,0.04769864576468552,313.2560009765625,302.7508332824707
2022-05-05,291.09332275390625,315.20001220703125,285.8999938964844,313.00665283203125,92519100,-0.08328615317548016,313.984267578125,303.1141499328613
2022-05-06,288.54998779296875,296.0,281.03668212890625,295.6666564941406,72903000,-0.008737180698190294,314.4168005371094,303.47479988098144
2022-05-09,262.3699951171875,281.8766784667969,260.3833312988281,278.8166809082031,90810300,-0.09072948807249681,314.2650671386719,303.71434982299803
2022-05-10,266.67999267578125,275.1199951171875,258.0833435058594,273.10333251953125,84401700,0.016427173986372612,313.7958001708984,303.95171646118166
2022-05-11,244.6666717529297,269.92333984375,242.39999389648438,265.0,97224600,-0.08254582843646041,312.92666717529295,304.10041648864745
2022-05-12,242.6666717529297,253.22000122070312,226.6666717529297,233.6666717529297,140313000,-0.008174386751047313,311.9140673828125,304.2354498291016
2022-05-13,256.5299987792969,262.45001220703125,250.52333068847656,257.82666015625,92150700,0.05712909369145702,311.44940063476565,304.3891831207275
2022-05-16,241.4566650390625,256.586669921875,239.69667053222656,255.72000122070312,86098500,-0.05875856161837267,310.68993408203124,304.4511331176758
2022-05-17,253.8699951171875,254.82666015625,242.9499969482422,249.1199951171875,80236200,0.05141017778952928,310.4034674072266,304.53769973754885
2022-05-18,236.60333251953125,253.5,233.60333251953125,248.17333984375,87811800,-0.06801379812405906,309.6395343017578,304.5378163909912
2022-05-19,236.47332763671875,244.6666717529297,231.3699951171875,235.6666717529297,90296700,-0.0005494634476534976,308.6425341796875,304.5353163909912
2022-05-20,221.3000030517578,240.52667236328125,211.0,237.99667358398438,144973200,-0.06416505716141863,307.47986785888673,304.4507663726807
2022-05-23,224.96665954589844,226.65333557128906,212.68666076660156,218.33999633789062,88903500,0.01656871415985961,306.67686767578124,304.4104329681397
2022-05-24,209.3866729736328,217.97332763671875,206.85667419433594,217.8433380126953,89092500,-0.06925464690507588,305.75546783447265,304.2677663421631
2022-05-25,219.60000610351562,223.10667419433594,207.6699981689453,207.9499969482422,92139300,0.04877737911795821,304.8015347290039,304.18244972229
2022-05-26,235.91000366210938,239.55667114257812,217.8866729736328,220.47332763671875,106003200,0.07427138936829314,303.9182015991211,304.18229972839356
2022-05-27,253.2100067138672,253.26666259765625,240.17666625976562,241.0833282470703,89295000,0.07333306253742577,303.1717352294922,304.2445997619629
2022-05-31,252.75332641601562,259.6000061035156,244.7433319091797,257.9466552734375,101914500,-0.001803563389055185,302.19086853027346,304.3130830383301
2022-06-01,246.7899932861328,257.32666015625,243.63999938964844,251.72000122070312,77247900,-0.02359349020027357,300.9856015014648,304.4034163665772
2022-06-02,258.3333435058594,264.2099914550781,242.06666564941406,244.1566619873047,93473100,0.04677398003874078,299.525735168457,304.58556640625
2022-06-03,234.51666259765625,247.79666137695312,233.4166717529297,243.22666931152344,112393800,-0.09219359988526965,297.55533477783206,304.60983306884765
2022-06-06,238.27999877929688,244.86666870117188,234.35000610351562,244.35333251953125,84204600,0.0160472016783606,295.5614682006836,304.67878303527834
2022-06-07,238.8866729736328,239.99667358398438,230.0933380126953,234.0,72808500,0.0025460558898939833,293.6016015625,304.7394497680664
2022-06-08,241.86666870117188,249.9633331298828,239.17666625976562,240.086669921875,76210500,0.012474516432601446,291.1600018310547,304.77161643981935
2022-06-09,239.7066650390625,255.54666137695312,239.32666015625,249.33999633789062,96491400,-0.008930555308462429,288.6236682128906,304.789333114624
2022-06-10,232.22999572753906,239.5,227.913330078125,235.1566619873047,97536600,-0.031190911234383223,285.9750015258789,304.76514976501466
2022-06-13,215.73666381835938,226.63333129882812,214.68333435058594,223.1666717529297,102767400,-0.07102153990705962,283.1057345581055,304.6752330780029
2022-06-14,220.88999938964844,226.3300018310547,211.73666381835938,218.2866668701172,97988700,0.023887157055640484,280.2929345703125,304.5931497192383
2022-06-15,233.0,235.663330078125,218.14999389648438,220.9166717529297,119131800,0.05482367080362738,277.31660095214846,304.5399663543701
2022-06-16,213.10000610351562,225.1666717529297,208.69332885742188,222.73666381835938,107390700,-0.08540769912654234,274.30353454589846,304.3792663574219
2022-06-17,216.75999450683594,220.97000122070312,213.19667053222656,213.43333435058594,92641800,0.017174980283869212,271.66700103759763,304.2395829772949
2022-06-21,237.0366668701172,243.57666015625,224.3333282470703,224.60333251953125,122793000,0.0935443480214786,269.3593341064453,304.20411628723144
2022-06-22,236.086669921875,246.8333282470703,233.82666015625,234.50332641601562,101107500,-0.004007805884153504,267.2444677734375,304.16193298339846
2022-06-23,235.07000732421875,239.31666564941406,228.6366729736328,237.9066619873047,104202600,-0.004306310889948484,265.43966796875,304.0824163818359
2022-06-24,245.7066650390625,246.06666564941406,236.086669921875,237.47000122070312,95770800,0.04524889345059324,263.77413452148437,304.0544997406006
2022-06-27,244.9199981689453,252.07000732421875,242.56666564941406,249.36666870117188,89178300,-0.0032016505127857586,261.85673431396486,304.02099975585935
2022-06-28,232.663330078125,249.97000122070312,232.3433380126953,244.48333740234375,90391200,-0.0500435578248114,259.94333404541015,303.95719970703124
2022-06-29,228.49000549316406,231.17333984375,222.27333068847656,230.5,82897200,-0.01793718238090891,257.81786743164065,303.86131637573243
2022-06-30,224.47332763671875,229.4566650390625,218.8633270263672,224.50999450683594,94600500,-0.017579227799377373,255.45300048828125,303.74286636352537
2022-07-01,227.26333618164062,230.22999572753906,222.1199951171875,227.0,74460300,0.012429131666979787,253.4836004638672,303.6194664001465
2022-07-05,233.06666564941406,233.14666748046875,216.1666717529297,223.0,84581100,0.025535704813974602,251.41973358154297,303.5231497192383
2022-07-06,231.73333740234375,234.56333923339844,227.18666076660156,230.77999877929688,71853600,-0.005720802000385383,249.35406707763673,303.4159997558594
2022-07-07,244.5433349609375,245.3633270263672,232.2100067138672,233.9199981689453,81930600,0.055279044880592876,247.59146697998048,303.42176643371585
2022-07-08,250.76333618164062,254.97999572753906,241.16000366210938,242.3333282470703,101854200,0.02543516968760029,246.76393341064454,303.4432830810547
2022-07-11,234.3433380126953,253.06333923339844,233.6266632080078,252.10333251953125,99241200,-0.06548005948146851,245.57406677246092,303.36176643371584
2022-07-12,233.07000732421875,239.77333068847656,228.3699951171875,236.84666442871094,87930900,-0.005433611636988744,244.385400390625,303.2710498046875
2022-07-13,237.0399932861328,242.05999755859375,225.03334045410156,225.5,97954500,0.017033448479672808,243.32113372802735,303.1655997467041
2022-07-14,238.31333923339844,238.65333557128906,229.3333282470703,234.89666748046875,78557400,0.005371861218914864,242.06780029296874,303.0382330322266
2022-07-15,240.06666564941406,243.6233367919922,236.88999938964844,240.0,69683100,0.0073572315408600986,240.80746673583985,302.9426329803467
2022-07-18,240.54666137695312,250.51666259765625,239.60333251953125,244.93666076660156,82537500,0.001999426810217919,239.26759979248047,302.8431829071045
2022-07-19,245.52999877929688,247.13999938964844,236.97666931152344,245.0,80890200,0.020716718219316865,238.35633331298828,302.7783661651611
2022-07-20,247.5,250.663330078125,243.48333740234375,246.78334045410156,88864200,0.008023464466653252,237.5353335571289,302.72383277893067
2022-07-21,271.7066650390625,273.26666259765625,254.86666870117188,255.10667419433594,142032300,0.09780470722853529,237.72206695556642,302.77981605529783
2022-07-22,272.24334716796875,280.78668212890625,270.71331787109375,276.2200012207031,103472700,0.0019752262198982073,237.83333404541017,302.8400495147705
2022-07-25,268.4333190917969,274.14666748046875,267.3999938964844,272.2166748046875,64073400,-0.013994935471540293,238.3086669921875,302.8776328277588
2022-07-26,258.8599853515625,267.30999755859375,256.2633361816406,266.5133361816406,66820800,-0.0356637312112531,238.63253326416014,302.8492493438721
2022-07-27,274.82000732421875,275.9266662597656,261.7900085449219,263.80999755859375,88110000,0.061655036992220635,238.99833343505858,302.91419944763186
2022-07-28,280.8999938964844,283.29998779296875,272.79998779296875,280.0666809082031,84723000,0.02212352234272652,239.78720001220702,302.99879936218264
2022-07-29,297.1499938964844,298.32000732421875,279.1000061035156,280.70001220703125,95313000,0.05784976985791013,240.65279998779297,303.1416826629639
2022-08-01,297.27667236328125,311.8766784667969,295.0,301.27667236328125,117042900,0.00042631152414229767,241.86626678466797,303.27626609802246
2022-08-02,300.586669921875,307.8333435058594,292.6666564941406,294.0033264160156,95577600,0.011134400598203698,243.1485336303711,303.4153327178955
2022-08-03,307.39666748046875,309.54998779296875,301.1499938964844,305.0,80091000,0.02265568716125621,244.8704669189453,303.5472660064697
2022-08-04,308.6333312988281,313.6066589355469,305.0,311.0,72256200,0.004023022853486102,246.5438003540039,303.64024925231934
2022-08-05,288.1700134277344,304.6066589355469,285.5433349609375,302.6700134277344,113172900,-0.0663030068235908,248.11946716308594,303.64064933776854
2022-08-08,290.42333984375,305.20001220703125,289.086669921875,295.0,98994000,0.007819434052879659,249.53593383789064,303.64976600646975
2022-08-09,283.3333435058594,292.39666748046875,279.35333251953125,290.2933349609375,86244600,-0.024412625864385085,250.48440063476562,303.576432723999
2022-08-10,294.3566589355469,297.510009765625,283.3699951171875,297.0666809082031,94918800,0.03890581776676605,251.30733367919922,303.5320827484131
2022-08-11,286.6300048828125,298.2366638183594,285.8333435058594,296.5133361816406,70155000,-0.026249292544206493,251.98486724853515,303.2571327972412
2022-08-12,300.0299987792969,300.1600036621094,285.0333251953125,289.4166564941406,79657200,0.046750143628413676,253.04966735839844,303.059899520874
2022-08-15,309.32000732421875,313.1333312988281,301.2300109863281,301.78668212890625,89359200,0.03096359891583922,254.06940063476563,302.8767328643799
2022-08-16,306.5633239746094,314.6666564941406,302.8833312988281,311.6666564941406,88136400,-0.008912075793144236,255.5103338623047,302.61448280334474
2022-08-17,303.9966735839844,309.65667724609375,300.0333251953125,303.39666748046875,68766000,-0.008372333511224461,256.8246673583984,302.2777994537353
2022-08-18,302.8699951171875,306.5,301.85333251953125,306.0,47500500,-0.0037062197211366055,258.10433380126955,301.77783271789554
2022-08-19,296.6666564941406,300.3599853515625,292.5,299.0,61395300,-0.020481852686155544,259.2003335571289,301.3078327178955
2022-08-22,289.913330078125,292.3999938964844,286.2966613769531,291.913330078125,55843200,-0.022764022407583906,260.2044668579102,300.7342993927002
2022-08-23,296.4533386230469,298.82666015625,287.92333984375,291.4533386230469,63984900,0.0225584954757323,261.48893371582034,300.16671607971193
2022-08-24,297.0966796875,303.64666748046875,296.5,297.5633239746094,57259800,0.002170125887066332,263.11613403320314,299.61538276672366
2022-08-25,296.07000732421875,302.9599914550781,291.6000061035156,302.3599853515625,53230000,-0.003455684406709514,264.6197341918945,299.1574994659424
2022-08-26,288.0899963378906,302.0,287.4700012207031,297.42999267578125,57163900,-0.026953121859416895,265.72153411865236,298.89211616516116
2022-08-29,284.82000732421875,287.739990234375,280.70001220703125,282.8299865722656,41864700,-0.01135058160727187,267.1559341430664,298.5362995147705
2022-08-30,277.70001220703125,288.4800109863281,272.6499938964844,287.8699951171875,50541800,-0.0249982267189629,268.37473449707034,298.1522829437256
2022-08-31,275.6099853515625,281.25,271.80999755859375,280.6199951171875,52107300,-0.007526203685978228,269.14620086669925,297.8079662322998
2022-09-01,277.1600036621094,277.5799865722656,266.1499938964844,272.5799865722656,54287000,0.005623955563764049,269.9676675415039,297.50478294372556
2022-09-02,270.2099914550781,282.3500061035156,269.0799865722656,281.07000732421875,50890100,-0.02507581222110289,270.67046722412107,297.09794960021975
2022-09-06,274.4200134277344,275.989990234375,265.739990234375,272.67999267578125,55860000,0.015580556255471167,271.2447341918945,296.65503303527834
2022-09-07,283.70001220703125,283.8399963378906,272.2699890136719,273.1000061035156,50028900,0.03381677109982606,272.02033447265626,296.2462331390381
2022-09-08,289.260009765625,289.5,279.760009765625,281.29998779296875,53713100,0.01959815762903916,273.15226806640624,295.79743324279787
2022-09-09,299.67999267578125,299.8500061035156,291.25,291.6700134277344,54338100,0.03602289482946186,274.5760678100586,295.36771659851075
2022-09-12,304.4200134277344,305.489990234375,300.3999938964844,300.7200012207031,48674600,0.01581694096302666,276.1750015258789,295.0414333343506
2022-09-13,292.1300048828125,297.3999938964844,290.3999938964844,292.8999938964844,68229600,-0.04037188096320543,277.47233489990236,294.64208335876464
2022-09-14,302.6099853515625,306.0,291.6400146484375,292.239990234375,72628700,0.03587437200418364,278.86320129394534,294.3519332122803
2022-09-15,303.75,309.1199951171875,300.7200012207031,301.8299865722656,64795500,0.003767273730617582,280.30353454589846,293.97569984436035
2022-09-16,303.3500061035156,303.7099914550781,295.6000061035156,299.6099853515625,87087800,-0.0013168523341049454,281.47966796875,293.58451652526855
2022-09-19,309.07000732421875,309.8399963378906,297.79998779296875,300.0899963378906,60231200,0.018856110452001085,282.64580139160154,293.30486656188964
2022-09-20,308.7300109863281,313.3299865722656,305.5799865722656,306.9100036621094,61642800,-0.0011000625419275156,284.1335348510742,293.0408499908447
2022-09-21,300.79998779296875,313.79998779296875,300.6300048828125,308.2900085449219,62555700,-0.025685948599634356,285.4881344604492,292.8532332611084
2022-09-22,288.5899963378906,301.2900085449219,285.82000732421875,299.8599853515625,70545400,-0.040591728559117746,286.5191345214844,292.61449989318845
2022-09-23,275.3299865722656,284.5,272.82000732421875,283.0899963378906,63748400,-0.04594757245188685,287.25946746826173,292.2382331085205
2022-09-26,276.010009765625,284.0899963378906,270.30999755859375,271.8299865722656,58076900,0.0024698479153155706,287.97833435058595,291.8366831207275
2022-09-27,282.94000244140625,288.6700134277344,277.510009765625,283.8399963378906,61925200,0.02510775852537339,288.826201171875,291.578383102417
2022-09-28,287.80999755859375,289.0,277.57000732421875,283.0799865722656,54664800,0.017212112374233923,289.67180114746094,291.32238304138184
2022-09-29,268.2099914550781,283.6499938964844,265.7799987792969,282.760009765625,77620600,-0.06810050474193607,290.0860009765625,291.052749710083
2022-09-30,265.25,275.57000732421875,262.4700012207031,266.1499938964844,67726600,-0.011036096899372572,289.95686767578127,290.7814830780029
2022-10-03,242.39999389648438,255.16000366210938,241.00999450683594,254.5,98363500,-0.08614516909902215,289.36000061035156,290.366833114624
2022-10-04,249.44000244140625,257.5,242.00999450683594,250.52000427246094,109578500,0.029042940273044104,288.9801342773437,290.06916648864745
2022-10-05,240.80999755859375,246.6699981689453,233.27000427246094,245.00999450683594,86982700,-0.034597517632881325,288.6191345214844,289.7189331817627
2022-10-06,238.1300048828125,244.5800018310547,235.35000610351562,239.44000244140625,69298400,-0.011129075632041241,287.88533447265627,289.40968315124513
2022-10-07,223.07000732421875,234.57000732421875,222.02000427246094,233.94000244140625,83916800,-0.06324275500689214,286.7287347412109,288.96081657409667
2022-10-10,222.9600067138672,226.99000549316406,218.36000061035156,223.92999267578125,67925000,-0.0004931214719139376,285.2449349975586,288.39416656494143
2022-10-11,216.5,225.75,215.0,220.9499969482422,77013200,-0.02897383620084637,283.629401550293,287.6983332824707
2022-10-12,217.24000549316406,219.3000030517578,211.50999450683594,215.3300018310547,66860700,0.003418039229395209,281.96246826171875,286.96129997253416
2022-10-13,221.72000122070312,222.99000549316406,206.22000122070312,208.3000030517578,91483000,0.020622332969329804,280.2489349365234,286.25578330993653
2022-10-14,204.99000549316406,226.25999450683594,204.16000366210938,224.00999450683594,94124500,-0.07545550981161053,278.17606842041016,285.4704167175293
2022-10-17,219.35000610351562,221.86000061035156,209.4499969482422,210.0399932861328,79428800,0.07005219876844393,276.79966827392576,284.7832667541504
2022-10-18,220.19000244140625,229.82000732421875,217.25,229.5,75891900,0.003829479437051919,275.3950015258789,284.1229167175293
2022-10-19,222.0399932861328,222.92999267578125,217.77999877929688,219.8000030517578,66571500,0.008401793106927569,274.16913452148435,283.23348335266115
2022-10-20,207.27999877929688,215.5500030517578,202.0,208.27999877929688,117798100,-0.0664744863679374,272.4276013183594,282.35390007019043
2022-10-21,214.44000244140625,214.66000366210938,203.8000030517578,206.4199981689453,75713800,0.03454266549727758,270.9838012695312,281.61256675720216
2022-10-24,211.25,213.5,198.58999633789062,205.82000732421875,100446800,-0.014875967194030837,269.2082012939453,280.89431678771973
2022-10-25,222.4199981689453,224.35000610351562,210.0,210.10000610351562,96507900,0.05287573097725584,267.47020111083987,280.29481674194335
2022-10-26,224.63999938964844,230.60000610351562,218.1999969482422,219.39999389648438,85012500,0.009981122376490958,265.8317346191406,279.6544834136963
2022-10-27,225.08999633789062,233.80999755859375,222.85000610351562,229.77000427246094,61638800,0.00200319154854367,264.25360107421875,279.0059334564209
2022-10-28,228.52000427246094,228.86000061035156,216.35000610351562,225.39999389648438,69152400,0.015238384603380561,262.7666012573242,278.30483352661133
2022-10-31,227.5399932861328,229.85000610351562,221.94000244140625,226.19000244140625,61554300,-0.004288512900427199,261.3840679931641,277.72326683044435
2022-11-01,227.82000732421875,237.39999389648438,227.27999877929688,234.0500030517578,62688800,0.0012306146011606955,260.14220153808594,277.1130168914795
2022-11-02,214.97999572753906,227.8699951171875,214.82000732421875,226.0399932861328,63070300,-0.05636033352596026,258.51273468017575,276.4704002380371
2022-11-03,215.30999755859375,221.1999969482422,210.13999938964844,211.36000061035156,56538800,0.0015350350619269815,256.87700103759767,275.8875335693359
2022-11-04,207.47000122070312,223.8000030517578,203.0800018310547,222.60000610351562,98622200,-0.03641259777431871,255.10500091552734,275.26443359375
2022-11-07,197.0800018310547,208.89999389648438,196.66000366210938,208.64999389648438,93916500,-0.05007952633400592,253.28480102539064,274.67666694641116
2022-11-08,191.3000030517578,195.1999969482422,186.75,194.02000427246094,128803400,-0.02932818513088775,251.4144009399414,274.0831669616699
2022-11-09,177.58999633789062,195.88999938964844,177.1199951171875,190.77999877929688,127062700,-0.07166757185130745,249.4122006225586,273.44045028686526
2022-11-10,190.72000122070312,191.0,180.02999877929688,189.89999389648438,132703000,0.07393437216942544,247.7144009399414,272.8317002868652
2022-11-11,195.97000122070312,196.52000427246094,182.58999633789062,186.0,114403600,0.027527264924482875,246.09060089111327,272.4297169494629
2022-11-14,190.9499969482422,195.72999572753906,186.33999633789062,192.77000427246094,92226600,-0.02561618738169713,244.50540100097658,271.9738835906982
2022-11-15,194.4199981689453,200.82000732421875,192.05999755859375,195.8800048828125,91293800,0.018172303095892017,242.90540069580078,271.3847836303711
2022-11-16,186.9199981689453,192.57000732421875,185.66000366210938,191.50999450683594,66567600,-0.03857627852399581,240.96980041503906,270.76730033874514
2022-11-17,183.1699981689453,186.16000366210938,180.89999389648438,183.9600067138672,64336000,-0.020062058831236462,238.84800018310546,270.1737170410156
2022-11-18,180.19000244140625,185.19000244140625,176.5500030517578,185.0500030517578,76048900,-0.016269016527425406,236.45820037841796,269.5894337463379
2022-11-21,167.8699951171875,176.77000427246094,167.5399932861328,175.85000610351562,92882700,-0.06837231343190053,233.72720001220702,268.8899169921875
2022-11-22,169.91000366210938,170.9199981689453,166.19000244140625,168.6300048828125,78452300,0.012152311933396831,231.28279998779297,268.22723373413083
2022-11-23,183.1999969482422,183.6199951171875,172.5,173.57000732421875,109536700,0.07821783885404354,228.89460021972656,267.6065670013428
2022-11-25,182.86000061035156,185.1999969482422,180.6300048828125,185.05999755859375,50672700,-0.0018558752377418886,226.4768002319336,266.9675337219238
2022-11-28,182.9199981689453,188.5,179.0,179.9600067138672,92905200,0.0003281065208000644,224.0682000732422,266.3745503997803
2022-11-29,180.8300018310547,186.3800048828125,178.75,184.99000549316406,83357100,-0.011425739989130657,221.5033999633789,265.84536712646485
2022-11-30,194.6999969482422,194.75999450683594,180.6300048828125,182.42999267578125,109186400,0.07670184691003823,219.2227996826172,265.3592670440674
2022-12-01,194.6999969482422,198.9199981689453,191.8000030517578,197.0800018310547,80046200,0.0,217.10079986572265,264.7953837585449
2022-12-02,194.86000061035156,196.25,191.11000061035156,191.77999877929688,73645900,0.0008217959148295595,215.22619995117188,264.2307004547119
2022-12-05,182.4499969482422,191.27000427246094,180.5500030517578,189.44000244140625,93122700,-0.06368676805520912,213.3686001586914,263.68236709594726
2022-12-06,179.82000732421875,183.64999389648438,175.3300018310547,181.22000122070312,92150800,-0.01441485156488942,211.44480010986328,263.1531671142578
2022-12-07,174.0399932861328,179.3800048828125,172.22000122070312,175.02999877929688,84213300,-0.032143331123685615,209.2667999267578,262.65415046691896
2022-12-08,173.44000244140625,175.1999969482422,169.05999755859375,172.1999969482422,97624500,-0.003447430865732959,206.97940002441408,262.24795051574705
2022-12-09,179.0500030517578,182.5,173.36000061035156,173.83999633789062,104872300,0.0323454827685834,205.19620025634765,261.80858383178713
2022-12-12,167.82000732421875,177.3699951171875,167.52000427246094,176.10000610351562,109794500,-0.0627198857086465,203.24760040283203,261.2979005432129
2022-12-13,160.9499969482422,175.0500030517578,156.91000366210938,174.8699951171875,175862700,-0.04093677795344208,201.61860046386718,260.65193382263186
2022-12-14,156.8000030517578,161.6199951171875,155.30999755859375,159.25,140682300,-0.025784367661833008,199.76580047607422,259.9953172302246
2022-12-15,157.6699981689453,160.92999267578125,153.27999877929688,153.44000244140625,122334500,0.005548438139381551,198.10300048828125,259.31718391418457
2022-12-16,150.22999572753906,160.99000549316406,150.0399932861328,159.63999938964844,139032200,-0.047187179094365206,196.34500030517577,258.66951721191407
2022-12-19,149.8699951171875,155.25,145.82000732421875,154.0,139390600,-0.00239632976495896,194.88100006103517,258.0217172241211
2022-12-20,137.8000030517578,148.47000122070312,137.66000366210938,146.0500030517578,159563300,-0.08053641461716088,193.17779998779298,257.3697505950928
2022-12-21,137.57000732421875,141.25999450683594,135.88999938964844,139.33999633789062,145417400,-0.0016690545895901021,191.59920013427734,256.683600692749
2022-12-22,125.3499984741211,136.6300048828125,122.26000213623047,136.0,210090300,-0.08882756559936855,189.76139999389648,255.87873401641846
2022-12-23,123.1500015258789,128.6199951171875,121.0199966430664,126.37000274658203,166989700,-0.017550833466474902,187.79,255.09731742858887
2022-12-27,109.0999984741211,119.66999816894531,108.76000213623047,117.5,208643400,-0.1140885333144338,185.87219985961914,254.3172340774536
2022-12-28,112.70999908447266,116.2699966430664,108.23999786376953,110.3499984741211,221070500,0.03308891531476843,183.7393997192383,253.60350074768067
2022-12-29,121.81999969482422,123.56999969482422,117.5,120.38999938964844,221923300,0.0808269069678893,181.77199966430663,252.87611743927002
2022-12-30,123.18000030517578,124.4800033569336,119.75,119.94999694824219,157777300,0.011164017515666869,179.7947998046875,252.09163414001466
2023-01-03,108.0999984741211,118.80000305175781,104.63999938964844,118.47000122070312,231402800,-0.12242248574195735,177.81119979858397,251.17946750640868
2023-01-04,113.63999938964844,114.58999633789062,107.5199966430664,109.11000061035156,180389000,0.05124885285593783,175.79519973754884,250.23868419647218
2023-01-05,110.33999633789062,111.75,107.16000366210938,110.51000213623047,157986300,-0.029039097760312105,173.77699966430663,249.2551174545288
2023-01-06,113.05999755859375,114.38999938964844,101.80999755859375,103.0,220911100,0.024651090365942707,171.5897996520996,248.16378414154053
2023-01-09,119.7699966430664,123.5199966430664,117.11000061035156,118.95999908447266,190284000,0.059349011404278285,169.49239959716797,247.09745071411132
2023-01-10,118.8499984741211,122.76000213623047,114.91999816894531,121.06999969482422,167642500,-0.007681374256751861,167.36759963989257,246.00183406829834
2023-01-11,123.22000122070312,125.94999694824219,120.51000213623047,122.08999633789062,183810800,0.036769060182475055,165.2615995788574,244.9335340499878
2023-01-12,123.55999755859375,124.12999725341797,117.0,122.55999755859375,169400900,0.0027592625752506095,163.18199966430663,243.73160076141357
2023-01-13,122.4000015258789,122.62999725341797,115.5999984741211,116.55000305175781,180714100,-0.009388119582672827,161.07359954833984,242.51098403930663
2023-01-17,131.49000549316406,131.6999969482422,125.0199966430664,125.69999694824219,186477000,0.07426473736900463,159.40379974365234,241.34511741638184
2023-01-18,128.77999877929688,136.67999267578125,127.01000213623047,136.55999755859375,195680300,-0.020609982513142944,157.6731997680664,240.19301734924318
2023-01-19,127.16999816894531,129.99000549316406,124.30999755859375,127.26000213623047,170291900,-0.012501946153228194,156.06719970703125,239.0212173461914
2023-01-20,133.4199981689453,133.50999450683594,127.3499984741211,128.67999267578125,138858100,0.0491468120625187,154.79399963378907,237.77923393249512
2023-01-23,143.75,145.3800048828125,134.27000427246094,135.8699951171875,203119200,0.07742468874848996,153.8429995727539,236.67921730041505
2023-01-24,143.88999938964844,146.5,141.10000610351562,143.0,158699100,0.0009739087975544347,153.16899963378907,235.6557339477539
2023-01-25,144.42999267578125,146.41000366210938,138.07000732421875,141.91000366210938,192734300,0.003752820129427681,152.24319946289063,234.61578384399414
2023-01-26,160.27000427246094,161.4199981689453,154.75999450683594,159.97000122070312,234815100,0.10967259156647335,151.52919952392577,233.70798393249513
2023-01-27,177.89999389648438,180.67999267578125,161.1699981689453,162.42999267578125,306590600,0.11000180416824756,151.26819946289064,232.97093391418457
2023-01-30,166.66000366210938,179.77000427246094,166.5,178.0500030517578,230878800,-0.06318150994943417,150.71299957275392,232.1593172454834
2023-01-31,173.22000122070312,174.3000030517578,162.77999877929688,164.57000732421875,196813500,0.03936155894904236,150.43899963378905,231.32146720886232
2023-02-01,181.41000366210938,183.80999755859375,169.92999267578125,173.88999938964844,213806300,0.047280928205116535,150.40379974365234,230.58685050964357
2023-02-02,188.27000427246094,196.75,182.61000061035156,187.3300018310547,217448300,0.03781489703913388,150.56539978027342,229.85438385009766
2023-02-03,189.97999572753906,199.0,183.69000244140625,183.9499969482422,232662000,0.009082654784473565,151.00759979248048,229.0907004547119
2023-02-06,194.75999450683594,198.1699981689453,189.9199981689453,193.00999450683594,186188100,0.025160537355481072,151.504599609375,228.4358337402344
2023-02-07,196.80999755859375,197.5,189.5500030517578,196.42999267578125,186010300,0.010525791279409002,151.77679962158203,227.73858367919922
2023-02-08,201.2899932861328,203.0,194.30999755859375,196.10000610351562,180673600,0.022763049555982517,152.14539947509766,227.0699503326416
2023-02-09,207.32000732421875,214.0,204.77000427246094,207.77999877929688,215431400,0.029956849516678652,152.63339965820313,226.44318367004394
2023-02-10,196.88999938964844,206.1999969482422,192.88999938964844,202.22999572753906,204754100,-0.05030873801899527,152.954599609375,225.96693359375
2023-02-13,194.63999938964844,196.3000030517578,187.61000061035156,194.4199981689453,172475500,-0.011427700782035255,152.95339965820312,225.47095024108887
2023-02-14,209.25,209.82000732421875,189.44000244140625,191.94000244140625,216455700,0.0750616556523096,153.2443997192383,225.05468360900878
2023-02-15,214.24000549316406,214.66000366210938,206.11000061035156,211.75999450683594,181006400,0.02384709913101113,153.63199981689453,224.67461700439452
2023-02-16,202.0399932861328,217.64999389648438,201.83999633789062,210.77999877929688,229586500,-0.05694553722096751,154.02379974365235,224.17991691589356
2023-02-17,208.30999755859375,208.44000244140625,197.5,199.99000549316406,213738500,0.031033480898909227,154.59359954833985,223.70605018615723
2023-02-21,197.3699951171875,209.7100067138672,197.22000122070312,204.99000549316406,180018600,-0.05251789433835996,155.06019958496094,223.10520011901855
2023-02-22,200.86000061035156,201.99000549316406,191.77999877929688,197.92999267578125,191828500,0.017682553475729224,155.60859954833984,222.65403350830078
2023-02-23,202.07000732421875,205.13999938964844,196.3300018310547,203.91000366210938,146360000,0.006024129792842503,156.06899963378908,222.22163360595704
2023-02-24,196.8800048828125,197.6699981689453,192.8000030517578,196.3300018310547,142228100,-0.025684180003413215,156.65019958496094,221.89418365478517
2023-02-27,207.6300048828125,209.4199981689453,201.25999450683594,202.02999877929688,161028300,0.0546017865369246,157.58379974365235,221.59893371582032
2023-02-28,205.7100067138672,211.22999572753906,203.75,210.58999633789062,153144900,-0.009247209573726933,158.56199981689454,221.404150390625
2023-03-01,202.77000427246094,207.1999969482422,198.52000427246094,206.2100067138672,156852800,-0.014291975817664837,159.46399993896483,221.20466705322266
2023-03-02,190.89999389648438,193.75,186.00999450683594,186.74000549316406,181500700,-0.05853928157947319,160.27739990234375,220.8765170288086
2023-03-03,197.7899932861328,200.47999572753906,192.8800048828125,194.8000030517578,154193300,0.03609219282314147,161.23579986572267,220.65818367004394
2023-03-06,193.80999755859375,198.60000610351562,192.3000030517578,198.5399932861328,128100100,-0.020122331071529054,162.3559997558594,220.35788368225099
2023-03-07,187.7100067138672,194.1999969482422,186.10000610351562,191.3800048828125,148125800,-0.03147407730028162,163.35879974365236,220.11341705322266
2023-03-08,182.0,186.5,180.0,185.0399932861328,151897800,-0.03041929843714275,164.49179977416992,219.84105041503906
2023-03-09,172.9199981689453,185.17999267578125,172.50999450683594,180.25,170023800,-0.04989011995084991,165.48719970703124,219.599150390625
2023-03-10,173.44000244140625,178.2899932861328,168.44000244140625,175.1300048828125,191488900,0.0030071956856769777,166.77399978637695,219.34151710510253
2023-03-13,174.47999572753906,177.35000610351562,163.91000366210938,167.4600067138672,167790300,0.005996271168666301,168.00939971923827,219.16698371887207
2023-03-14,183.25999450683594,183.8000030517578,177.13999938964844,177.30999755859375,143717900,0.050320947926932424,169.23819961547852,218.98528366088868
2023-03-15,180.4499969482422,182.33999633789062,176.02999877929688,180.8000030517578,145995600,-0.015333393227232373,170.38359954833984,218.70798362731932
2023-03-16,184.1300048828125,185.80999755859375,178.83999633789062,180.3699951171875,121136800,0.020393505108375454,171.90419967651368,218.36258361816405
2023-03-17,180.1300048828125,186.22000122070312,177.3300018310547,184.52000427246094,133197100,-0.02172378153438792,173.23399978637696,217.99946701049805
2023-03-20,183.25,186.44000244140625,176.35000610351562,178.0800018310547,129684400,0.017320796272765726,174.69219985961914,217.68176704406739
2023-03-21,197.5800018310547,198.0,188.0399932861328,188.27999877929688,153391400,0.07819919143822474,176.38259994506836,217.37800033569337
2023-03-22,191.14999389648438,200.66000366210938,190.9499969482422,199.3000030517578,150376400,-0.03254381959196684,177.81019989013672,217.1611669921875
2023-03-23,192.22000122070312,199.30999755859375,188.64999389648438,195.25999450683594,144193900,0.0055977366381618765,179.27759994506835,216.93086700439454
2023-03-24,190.41000366210938,192.36000061035156,187.14999389648438,191.64999389648438,116312400,-0.009416281069083654,180.6213999938965,216.6884836578369
2023-03-27,191.80999755859375,197.38999938964844,189.94000244140625,194.4199981689453,120851600,0.007352522816861606,181.9863999938965,216.43820030212402
2023-03-28,189.19000244140625,192.35000610351562,185.42999267578125,192.0,98654600,-0.013659325116185062,183.32220001220702,216.18561698913575
2023-03-29,193.8800048828125,195.2899932861328,189.44000244140625,193.1300048828125,123660000,0.024789906342217005,184.57,215.9938670349121
2023-03-30,195.27999877929688,197.3300018310547,194.4199981689453,195.5800018310547,110252200,0.007220929756684091,185.9,215.8915837097168
2023-03-31,207.4600067138672,207.7899932861328,197.1999969482422,197.52999877929688,170222100,0.06237201971890638,187.50580017089842,215.8244337463379
2023-04-03,194.77000427246094,202.69000244140625,192.1999969482422,199.91000366210938,169545900,-0.061168427796826186,188.73280029296876,215.6332837677002
2023-04-04,192.5800018310547,198.74000549316406,190.32000732421875,197.32000732421875,126463800,-0.011244043709844997,189.70940032958984,215.5306837463379
2023-04-05,185.52000427246094,190.67999267578125,183.75999450683594,190.52000427246094,133882500,-0.036660076287605925,190.54200042724608,215.37448379516601
2023-04-06,185.05999755859375,186.38999938964844,179.74000549316406,183.0800018310547,123857900,-0.002479553165553039,191.35460052490234,215.1146004486084
2023-04-10,184.50999450683594,185.10000610351562,176.11000061035156,179.94000244140625,142154600,-0.0029720256079851515,191.83940032958984,214.8567170715332
2023-04-11,186.7899932861328,189.19000244140625,185.64999389648438,186.69000244140625,115770900,0.012357047570192181,192.01720031738282,214.61531700134276
2023-04-12,180.5399932861328,191.5800018310547,180.30999755859375,190.74000549316406,150256300,-0.03346003653646468,192.29480010986327,214.28948364257812
2023-04-13,185.89999389648438,186.5,180.94000244140625,182.9600067138672,112933000,0.029688716127604264,192.5483999633789,213.99438362121583
2023-04-14,185.0,186.27999877929688,182.00999450683594,183.9499969482422,96438700,-0.004841279860318459,192.62019989013672,213.7560669708252
2023-04-17,187.0399932861328,189.69000244140625,182.69000244140625,186.32000732421875,116662200,0.011026990735853115,192.59559967041017,213.54881690979005
2023-04-18,184.30999755859375,187.69000244140625,183.5800018310547,187.14999389648438,92067000,-0.014595786064655836,192.48219970703124,213.3480002593994
2023-04-19,180.58999633789062,183.5,177.64999389648438,179.10000610351562,125732700,-0.020183393575926356,192.19879974365233,213.11463356018066
2023-04-20,162.99000549316406,169.6999969482422,160.55999755859375,166.1699981689453,210970800,-0.09745828230593856,191.52239990234375,212.7642502593994
2023-04-21,165.0800018310547,166.0,161.32000732421875,164.8000030517578,123539000,0.012822849668400638,190.79820007324219,212.43098358154296
2023-04-24,162.5500030517578,165.64999389648438,158.61000061035156,164.64999389648438,140006600,-0.015325895028073244,189.90279998779297,212.02101692199707
2023-04-25,160.6699981689453,163.47000122070312,158.75,159.82000732421875,121999300,-0.011565701922588656,189.1783999633789,211.5705502319336
2023-04-26,153.75,160.6699981689453,153.13999938964844,160.2899932861328,153364100,-0.04306963495243776,188.36059997558593,211.16758354187013
2023-04-27,160.19000244140625,160.47999572753906,152.3699951171875,152.63999938964844,127015200,0.041886194740853755,187.37940002441405,210.80318351745606
2023-04-28,164.30999755859375,165.0,157.32000732421875,160.89999389648438,122515800,0.025719427270091355,186.38079986572265,210.43953353881835
2023-05-01,161.8300018310547,163.27999877929688,158.8300018310547,163.1699981689453,109015000,-0.015093395194377579,185.5766000366211,210.05711685180665
2023-05-02,160.30999755859375,165.49000549316406,158.92999267578125,161.8800048828125,128259700,-0.00939259874721976,184.6166000366211,209.65833351135254
2023-05-03,160.61000061035156,165.0,159.91000366210938,160.00999450683594,119728000,0.0018713932775662467,183.88140014648437,209.25865020751954
2023-05-04,161.1999969482422,162.9499969482422,159.64999389648438,162.7100067138672,95108500,0.003673471985857102,183.08820007324218,208.83700019836425
2023-05-05,170.05999755859375,170.7899932861328,163.50999450683594,163.97000122070312,107440900,0.05496278398315546,182.44799987792967,208.44980018615723
2023-05-08,171.7899932861328,173.8000030517578,169.19000244140625,173.72000122070312,112249400,0.010172855182730478,181.9461996459961,207.95021682739258
2023-05-09,169.14999389648438,169.82000732421875,166.55999755859375,168.9499969482422,88965000,-0.015367597024416146,181.17659942626952,207.43475006103515
2023-05-10,168.5399932861328,174.42999267578125,166.67999267578125,172.5500030517578,119840700,-0.0036062703657255835,180.43319915771485,206.93528343200683
2023-05-11,172.0800018310547,173.57000732421875,166.7899932861328,168.6999969482422,103889900,0.021003967520705658,179.81939910888673,206.5013835144043
2023-05-12,167.97999572753906,177.3800048828125,167.22999572753906,176.07000732421875,157577100,-0.023826162598143963,179.3609991455078,205.9671834564209
2023-05-15,166.35000610351562,169.75999450683594,164.5500030517578,167.66000366210938,105592500,-0.009703474612936969,178.73219940185547,205.39443351745606
2023-05-16,166.52000427246094,169.52000427246094,164.35000610351562,165.64999389648438,98288800,0.001021930644472091,178.18639953613283,204.74128356933593
2023-05-17,173.86000061035156,174.5,167.19000244140625,168.41000366210938,125473600,0.04407876621166107,177.9093994140625,204.1242002105713
2023-05-18,176.88999938964844,177.05999755859375,172.4499969482422,174.22000122070312,109520300,0.01742780840135616,177.80719940185546,203.50571685791016
2023-05-19,180.13999938964844,181.9499969482422,176.30999755859375,177.1699981689453,136024200,0.018373000232992265,177.95159942626952,202.86943351745606
2023-05-22,188.8699951171875,189.32000732421875,180.11000061035156,180.6999969482422,132001400,0.04846228354123516,178.26019927978516,202.27061683654784
2023-05-23,185.77000427246094,192.9600067138672,185.25999450683594,186.1999969482422,156952100,-0.01641335799687571,178.4859994506836,201.7586167907715
2023-05-24,182.89999389648438,184.22000122070312,178.22000122070312,182.22999572753906,137605100,-0.015449266889003499,178.47879943847656,201.22100006103517
2023-05-25,184.47000122070312,186.77999877929688,180.5800018310547,186.5399932861328,96870700,0.008583965973816943,178.55919952392577,200.72668334960937
2023-05-26,193.1699981689453,198.60000610351562,184.52999877929688,184.6199951171875,162061500,0.047162123329924865,178.73999938964843,200.22075004577636
2023-05-30,201.16000366210938,204.47999572753906,197.52999877929688,200.10000610351562,128818700,0.041362559242642094,179.16059936523436,199.79340003967286
2023-05-31,203.92999267578125,203.9499969482422,195.1199951171875,199.77999877929688,150711700,0.013770078361723614,179.57419921875,199.31290000915527
2023-06-01,207.52000427246094,209.8000030517578,199.3699951171875,202.58999633789062,148029900,0.017604137329555458,179.77299926757811,198.8038999938965
2023-06-02,213.97000122070312,217.25,209.75,210.14999389648438,164129000,0.031081326211682914,180.2293994140625,198.34093338012696
2023-06-05,217.61000061035156,221.2899932861328,214.52000427246094,217.8000030517578,151143100,0.017011727666879306,180.73719940185546,197.90900001525878
2023-06-06,221.30999755859375,221.91000366210938,212.52999877929688,216.13999938964844,146911600,0.017002881015874438,181.35519927978515,197.5012000274658
2023-06-07,224.57000732421875,230.8300018310547,223.1999969482422,228.0,185710800,0.014730512862447087,182.01039947509764,197.14071678161622
2023-06-08,234.86000061035156,235.22999572753906,223.00999450683594,224.22000122070312,164489700,0.045820870777622646,182.92379943847655,196.86545013427735
2023-06-09,244.39999389648438,252.4199981689453,242.02000427246094,249.07000732421875,199882300,0.0406199151040636,183.93419921875,196.60518341064454
2023-06-12,249.8300018310547,250.97000122070312,244.58999633789062,247.94000244140625,150337900,0.02221770896144215,185.02519927978517,196.3688500213623
2023-06-13,258.7099914550781,259.67999267578125,251.33999633789062,253.50999450683594,162384300,0.035544128242966044,186.05019897460937,196.1820499420166
2023-06-14,256.7900085449219,261.57000732421875,250.5,260.1700134277344,170575500,-0.007421371317580694,187.29059906005858,196.02555000305176
2023-06-15,255.89999389648438,258.95001220703125,247.2899932861328,248.39999389648438,160171200,-0.0034659239799892383,188.5569989013672,195.8809499359131
2023-06-16,260.5400085449219,263.6000061035156,257.2099914550781,258.9200134277344,167563700,0.01813214052015355,190.0573989868164,195.79514991760254
2023-06-20,274.45001220703125,274.75,261.1199951171875,261.5,165611200,0.05338912722001776,191.84519927978516,195.7893500518799
2023-06-21,259.4599914550781,276.989990234375,257.7799987792969,275.1300048828125,211797100,-0.054618400747766804,193.34419921875,195.70084999084472
2023-06-22,264.6099853515625,265.0,248.25,250.77000427246094,166875900,0.019848894111198723,194.9005990600586,195.67284996032714
2023-06-23,256.6000061035156,262.45001220703125,252.8000030517578,259.2900085449219,176584100,-0.030270888067223778,196.42179931640624,195.58374992370605
2023-06-26,241.0500030517578,258.3699951171875,240.6999969482422,250.07000732421875,179990600,-0.060600166336257755,197.52479949951172,195.3704998779297
2023-06-27,250.2100067138672,250.38999938964844,240.85000610351562,243.24000549316406,164968200,0.03800042956291749,198.82899963378907,195.1752498626709
2023-06-28,256.239990234375,259.8800048828125,248.88999938964844,249.6999969482422,159770800,0.0240996896954786,200.21299957275392,194.95804985046388
2023-06-29,257.5,260.739990234375,253.61000061035156,258.0299987792969,131283400,0.004917303362650394,201.67679962158203,194.7234497833252
2023-06-30,261.7699890136719,264.45001220703125,259.8900146484375,260.6000061035156,112267600,0.016582481606492783,203.30039947509766,194.5716497039795
2023-07-03,279.82000732421875,284.25,275.1099853515625,276.489990234375,119685900,0.06895373445427366,205.63699951171876,194.45769981384277
2023-07-05,282.4800109863281,283.8500061035156,277.6000061035156,278.82000732421875,131530900,0.009506123909958086,207.9849996948242,194.3513498687744
2023-07-06,276.5400085449219,279.9700012207031,272.8800048828125,278.0899963378906,120332100,-0.021028045208104085,210.2647998046875,194.21729988098144
2023-07-07,274.42999267578125,280.7799987792969,273.7699890136719,278.42999267578125,113602000,-0.007630056425625198,212.53999969482422,194.04409980773926
2023-07-10,269.6099853515625,277.5199890136719,265.1000061035156,276.4700012207031,119425400,-0.01756370459810941,214.85719940185547,193.84849967956544
2023-07-11,269.7900085449219,270.8999938964844,266.3699951171875,268.6499938964844,91972400,0.000667717084456676,217.04919952392578,193.6934497833252
2023-07-12,271.989990234375,276.5199890136719,271.4599914550781,276.3299865722656,95672100,0.008154422401772665,219.2027993774414,193.61044975280763
2023-07-13,277.8999938964844,279.45001220703125,270.6000061035156,274.5899963378906,112681500,0.02172875427149612,221.52419921875,193.6232997894287
2023-07-14,281.3800048828125,285.29998779296875,276.30999755859375,277.010009765625,119771100,0.012522529912772917,223.9455993652344,193.65014976501465
2023-07-17,290.3800048828125,292.2300109863281,283.57000732421875,286.6300048828125,131569600,0.03198521516746822,226.5409994506836,193.68734977722167
2023-07-18,293.3399963378906,295.260009765625,286.010009765625,290.1499938964844,112434700,0.010193509901870401,229.18379943847657,193.71499977111816
2023-07-19,291.260009765625,299.2900085449219,289.5199890136719,296.0400085449219,142355400,-0.007090702250741598,231.60779968261718,193.8302498626709
2023-07-20,262.8999938964844,280.92999267578125,261.20001220703125,279.55999755859375,175158300,-0.09737009860008494,233.42999969482423,193.81849983215332
2023-07-21,260.0199890136719,268.0,255.8000030517578,268.0,161050100,-0.010954754468143868,235.24739959716797,193.90659980773927
2023-07-24,269.05999755859375,269.8500061035156,254.1199951171875,255.85000610351562,136508500,0.03476659075024635,237.2577996826172,194.0046997833252
2023-07-25,265.2799987792969,272.8999938964844,265.0,272.3800048828125,112757300,-0.014048906614123058,239.12179962158203,194.12704978942872
2023-07-26,264.3500061035156,268.0400085449219,261.75,263.25,95856200,-0.0035057022016762307,241.04919982910155,194.25814979553223
2023-07-27,255.7100067138672,269.1300048828125,255.3000030517578,268.30999755859375,103697300,-0.032683938680391544,242.8363998413086,194.42134979248047
2023-07-28,266.44000244140625,267.25,258.2300109863281,259.8599853515625,111446000,0.04196157931177735,244.8347998046875,194.63874977111817
2023-07-31,267.42999267578125,269.0799865722656,263.7799987792969,267.4800109863281,84582200,0.00371562162326855,246.7061996459961,194.89339973449708
2023-08-01,261.07000732421875,266.4700012207031,260.25,266.260009765625,83166000,-0.023781870118334214,248.3897998046875,195.11254974365235
2023-08-02,254.11000061035156,259.5199890136719,250.49000549316406,255.57000732421875,101752900,-0.02665954157355066,249.86919982910158,195.2744997406006
2023-08-03,259.32000732421875,260.489990234375,252.0,252.0399932861328,97569100,0.020502958173047814,251.27820007324217,195.54614974975587
2023-08-04,253.86000061035156,264.7699890136719,253.11000061035156,260.9700012207031,99242600,-0.02105509239416581,252.64,195.71869972229004
2023-08-07,251.4499969482422,253.64999389648438,242.75999450683594,251.4499969482422,111097900,-0.009493435973824349,254.01100006103516,195.87499969482423
2023-08-08,249.6999969482422,250.9199981689453,245.00999450683594,247.4499969482422,96642200,-0.006959634206558429,255.31559997558594,196.01329971313476
2023-08-09,242.19000244140625,251.10000610351562,241.89999389648438,250.8699951171875,101596300,-0.03007606967809695,256.29600006103516,196.1878497314453
2023-08-10,245.33999633789062,251.8000030517578,243.0,245.39999389648438,109498600,0.013006292021680244,257.1795999145508,196.34234970092774
2023-08-11,242.64999389648438,243.7899932861328,238.02000427246094,241.77000427246094,98866600,-0.01096438608281991,257.95399993896484,196.49934967041017
2023-08-14,239.75999450683594,240.66000366210938,233.75,235.6999969482422,98595300,-0.011910156448968756,258.59879974365236,196.5860496520996
2023-08-15,232.9600067138672,240.5,232.61000061035156,238.72999572753906,88197600,-0.028361644764614224,258.9785998535156,196.6276496887207
2023-08-16,225.60000610351562,233.97000122070312,225.3800048828125,228.02000427246094,112484500,-0.03159340830287438,259.1383999633789,196.63019973754882
2023-08-17,219.22000122070312,226.74000549316406,218.8300018310547,226.05999755859375,120718400,-0.028280162722535862,259.0966000366211,196.58369972229005
2023-08-18,215.49000549316406,217.5800018310547,212.36000061035156,214.1199951171875,135813700,-0.017014851321818125,258.915,196.5234497833252
2023-08-21,231.27999877929688,232.1300048828125,220.5800018310547,221.5500030517578,135702700,0.073274828918382,258.8433999633789,196.54074974060057
2023-08-22,233.19000244140625,240.82000732421875,229.5500030517578,240.25,130597900,0.008258403978685713,258.6192001342773,196.63179977416993
2023-08-23,236.86000061035156,238.97999572753906,229.2899932861328,229.33999633789062,101077600,0.01573823118710882,258.3598001098633,196.7395497894287
2023-08-24,230.0399932861328,238.9199981689453,228.17999267578125,238.66000366210938,99777400,-0.02879341090367582,257.78640014648437,196.85239974975585
2023-08-25,238.58999633789062,239.0,230.35000610351562,231.30999755859375,106612200,0.037167463490241914,257.4223999023437,197.05994972229004
2023-08-28,238.82000732421875,244.3800048828125,235.35000610351562,242.5800018310547,107673700,0.0009640428763089126,257.08080017089844,197.29754974365235
2023-08-29,257.17999267578125,257.4800109863281,237.77000427246094,238.5800018310547,134047600,0.07687791972402569,257.01359985351564,197.6954997253418
2023-08-30,256.8999938964844,260.510009765625,250.58999633789062,254.1999969482422,121988400,-0.0010887269121663268,256.6625994873047,198.02639968872072
2023-08-31,258.0799865722656,261.17999267578125,255.0500030517578,255.97999572753906,108861700,0.004593198535678855,256.63499938964844,198.33694961547852
2023-09-01,245.00999450683594,259.0799865722656,242.00999450683594,257.260009765625,132272500,-0.05064318329763218,256.2429995727539,198.6072496032715
2023-09-05,256.489990234375,258.0,244.86000061035156,245.0,129469600,0.046855214011356505,256.2407992553711,198.91759956359863
2023-09-06,251.9199981689453,255.38999938964844,245.05999755859375,255.13999938964844,116959800,-0.017817428513501543,256.45819915771483,199.24259956359865
2023-09-07,251.49000549316406,252.80999755859375,243.27000427246094,245.07000732421875,115312900,-0.0017068620153485314,256.4837991333008,199.58419960021973
2023-09-08,248.5,256.5199890136719,246.6699981689453,251.22000122070312,118367700,-0.01188916230408743,256.3289993286133,199.9257495880127
2023-09-11,273.5799865722656,274.8500061035156,260.6099853515625,264.2699890136719,174667900,0.10092549928477124,256.6505990600586,200.45429954528808
2023-09-12,267.4800109863281,278.3900146484375,266.6000061035156,270.760009765625,135999900,-0.022296863386701782,256.7647994995117,200.94214958190918
2023-09-13,271.29998779296875,274.9800109863281,268.1000061035156,270.07000732421875,111673700,0.014281354305895722,256.5943991088867,201.38264953613282
2023-09-14,276.0400085449219,276.7099914550781,270.4200134277344,271.32000732421875,107709800,0.017471511114000693,256.4655990600586,201.84854957580566
2023-09-15,274.3900146484375,278.9800109863281,271.0,277.54998779296875,133422800,-0.005977372284481253,256.4225991821289,202.30589965820312
2023-09-18,265.2799987792969,271.44000244140625,263.760009765625,271.1600036621094,101543300,-0.033200974462619715,256.2395993041992,202.72814964294435
2023-09-19,266.5,267.8500061035156,261.20001220703125,264.3500061035156,103704000,0.004598918977371191,256.17739959716795,203.08714965820312
2023-09-20,262.5899963378906,273.92999267578125,262.4599914550781,267.0400085449219,122514600,-0.014671683535119606,256.03339935302733,203.42659965515136
2023-09-21,255.6999969482422,260.8599853515625,254.2100067138672,257.8500061035156,119531000,-0.026238620989897266,255.7075994873047,203.73079963684083
2023-09-22,244.8800048828125,257.7900085449219,244.47999572753906,257.3999938964844,127524100,-0.042315182614647506,255.04719970703124,204.04294967651367
2023-09-25,246.99000549316406,247.10000610351562,238.30999755859375,243.3800048828125,104636600,0.008616467528091087,254.35939971923827,204.3787996673584
2023-09-26,244.1199951171875,249.5500030517578,241.66000366210938,242.97999572753906,101993600,-0.011619945391094011,253.43419952392577,204.72919967651367
2023-09-27,240.5,245.3300018310547,234.5800018310547,244.25999450683594,136597200,-0.014828753029631048,252.37739959716797,205.06449966430665
2023-09-28,246.3800048828125,247.5500030517578,238.64999389648438,240.02000427246094,117058900,0.02444908475181906,251.47979949951173,205.4011496734619
2023-09-29,250.22000122070312,254.77000427246094,246.35000610351562,250.0,128346200,0.015585665483353939,251.2261996459961,205.81314964294432
2023-10-02,251.60000610351562,254.27999877929688,242.6199951171875,244.80999755859375,123810400,0.005515166158101437,251.05779998779298,206.2663996887207
2023-10-03,246.52999877929688,250.02000427246094,244.4499969482422,248.61000061035156,101985300,-0.020151062008054166,250.60720001220704,206.7150496673584
2023-10-04,261.1600036621094,261.8599853515625,247.60000610351562,248.13999938964844,129721600,0.05934371052307452,250.5248001098633,207.2324996948242
2023-10-05,260.04998779296875,263.6000061035156,256.25,260.0,119159200,-0.00425032873937603,250.43879974365234,207.78159965515135
2023-10-06,260.5299987792969,261.6499938964844,250.64999389648438,253.97999572753906,117947000,0.001845841218459432,250.53519958496094,208.3348996734619
2023-10-09,259.6700134277344,261.3599853515625,252.0500030517578,255.30999755859375,101377900,-0.003300907210654902,250.3997998046875,208.9442497253418
2023-10-10,263.6199951171875,268.94000244140625,257.6499938964844,257.75,122656000,0.015211543440507347,250.32359985351562,209.57449966430664
2023-10-11,262.989990234375,268.6000061035156,260.8999938964844,266.20001220703125,103706300,-0.002389822071472425,250.36199951171875,210.26269962310792
2023-10-12,258.8699951171875,265.4100036621094,256.6300048828125,262.9200134277344,111508100,-0.015665976919941982,250.45719940185546,210.94129959106445
2023-10-13,251.1199951171875,259.6000061035156,250.22000122070312,258.8999938964844,102073800,-0.02993780718577166,250.29319915771484,211.6513995742798
2023-10-16,253.9199981689453,255.39999389648438,248.47999572753906,250.0500030517578,88917200,0.01115006015531006,250.29439910888672,212.35744956970214
2023-10-17,254.85000610351562,257.17999267578125,247.0800018310547,250.10000610351562,93562900,0.0036626021631882555,250.36239929199218,213.0225996017456
2023-10-18,242.67999267578125,254.6300048828125,242.0800018310547,252.6999969482422,125147800,-0.04775363208267347,250.22199920654296,213.62009956359864
2023-10-19,220.11000061035156,230.61000061035156,216.77999877929688,225.9499969482422,170772700,-0.09300310180733784,249.78039916992188,214.1801495742798
2023-10-20,211.99000549316406,218.86000061035156,210.4199981689453,217.00999450683594,137734000,-0.036890623300491754,249.11339935302735,214.67189960479737
2023-10-23,212.0800018310547,216.97999572753906,202.50999450683594,210.0,150683400,0.0004245310418349302,248.50199951171874,215.18059963226318
2023-10-24,216.52000427246094,222.0500030517578,214.11000061035156,216.5,118231100,0.02093550737020089,248.03719970703125,215.69789966583252
2023-10-25,212.4199981689453,220.10000610351562,212.1999969482422,215.8800048828125,107065100,-0.018935922882932887,247.62639953613282,216.16114967346192
2023-10-26,205.75999450683594,214.8000030517578,204.8800048828125,211.32000732421875,115112600,-0.031352997455599385,247.2295993041992,216.5956996536255
2023-10-27,207.3000030517578,212.41000366210938,205.77000427246094,210.60000610351562,94881200,0.00748448962886572,246.99119934082032,217.01609966278076
2023-10-30,197.36000061035156,210.8800048828125,194.6699981689453,209.27999877929688,136448200,-0.04794984223383958,246.62859924316408,217.38509967803955
2023-10-31,200.83999633789062,202.8000030517578,194.07000732421875,196.1199951171875,118068300,0.017632730628176496,246.01979919433595,217.7772996520996
2023-11-01,205.66000366210938,205.99000549316406,197.85000610351562,204.0399932861328,121661700,0.023999240251476817,245.46919921875,218.14814964294433
2023-11-02,218.50999450683594,219.1999969482422,211.4499969482422,212.97000122070312,125987600,0.06248172039245192,245.1021990966797,218.59679962158202
2023-11-03,219.9600067138672,226.3699951171875,218.39999389648438,221.14999389648438,119281000,0.006635907937775798,244.90059936523437,219.06074966430663
2023-11-06,219.27000427246094,226.32000732421875,215.0,223.97999572753906,117335800,-0.0031369449915676917,244.51419952392578,219.4899996948242
2023-11-07,222.17999267578125,223.1199951171875,215.72000122070312,219.97999572753906,116900100,0.013271256198382764,244.18139923095703,219.88214965820313
2023-11-08,222.11000061035156,224.14999389648438,217.63999938964844,223.14999389648438,106584800,-0.00031502415940676265,243.47999938964844,220.27324966430663
2023-11-09,209.97999572753906,220.8000030517578,206.67999267578125,219.75,142110500,-0.054612601186257326,242.54159942626953,220.60099967956543
2023-11-10,214.64999389648438,215.3800048828125,205.69000244140625,210.02999877929688,130994000,0.022240205086035525,241.6729995727539,220.87289962768554
2023-11-13,223.7100067138672,225.39999389648438,211.61000061035156,215.60000610351562,140447600,0.04220830689495392,241.24699981689454,221.10194969177246
2023-11-14,237.41000366210938,238.13999938964844,230.72000122070312,235.02999877929688,149771600,0.06123998273248876,240.8654000854492,221.45569969177245
2023-11-15,242.83999633789062,246.6999969482422,236.4499969482422,239.2899932861328,150354000,0.022871793909364557,240.68380004882812,221.8037996673584
2023-11-16,233.58999633789062,240.8800048828125,230.9600067138672,239.49000549316406,136816800,-0.038090924639652135,240.32579986572264,222.0646996307373
2023-11-17,234.3000030517578,237.38999938964844,226.5399932861328,232.0,142532800,0.0030395424675642158,240.04179992675782,222.2948496246338
2023-11-20,235.60000610351562,237.10000610351562,231.02000427246094,234.0399932861328,116320100,0.005548455120893081,239.2822003173828,222.52294967651366
2023-11-21,241.1999969482422,243.6199951171875,233.33999633789062,235.0399932861328,122288000,0.023769060694616817,238.75660003662108,222.7551496887207
2023-11-22,234.2100067138672,244.00999450683594,231.39999389648438,242.0399932861328,117950600,-0.028980059381488954,238.01480041503908,222.94214973449706
2023-11-24,235.4499969482422,238.75,232.3300018310547,233.75,65125200,0.00529435207219775,237.20300018310547,223.11294975280762
2023-11-27,236.0800018310547,238.3300018310547,232.10000610351562,236.88999938964844,112031800,0.0026757481035388775,236.4367999267578,223.2567497253418
2023-11-28,246.72000122070312,247.0,234.00999450683594,236.67999267578125,148549900,0.04506946504203557,236.06559997558594,223.50589973449706
2023-11-29,244.13999938964844,252.75,242.75999450683594,249.2100067138672,135401300,-0.010457205813430348,235.61839996337892,223.75339973449707
2023-11-30,240.0800018310547,245.22000122070312,236.91000366210938,245.13999938964844,132353200,-0.016629792613843564,235.1682000732422,223.90754974365234
2023-12-01,238.8300018310547,240.19000244140625,231.89999389648438,233.13999938964844,121173500,-0.005206597761023168,234.83080017089844,224.0304997253418
2023-12-04,235.5800018310547,239.3699951171875,233.2899932861328,235.75,104099800,-0.01360800559009756,234.64480010986327,224.19819976806642
2023-12-05,238.72000122070312,246.66000366210938,233.6999969482422,233.8699951171875,137971100,0.013328802806870987,234.47940002441408,224.35024978637696
2023-12-06,239.3699951171875,246.57000732421875,239.1699981689453,242.9199981689453,126436200,0.002722829646282676,234.38440002441405,224.56024978637694
2023-12-07,242.63999938964844,244.0800018310547,236.97999572753906,241.5500030517578,107142300,0.01366087788429815,234.42720001220704,224.76914978027344
2023-12-08,243.83999633789062,245.27000427246094,239.27000427246094,240.27000427246094,102980100,0.0049455858525417895,234.3763998413086,224.9779997253418
2023-12-11,239.74000549316406,243.44000244140625,237.4499969482422,242.74000549316406,97913900,-0.01681426716823431,234.16679992675782,225.19229972839355
2023-12-12,237.00999450683594,238.99000549316406,233.8699951171875,238.5500030517578,95328300,-0.011387381846063915,233.87499969482423,225.33919967651366
2023-12-13,239.2899932861328,240.3000030517578,228.1999969482422,234.19000244140625,146286300,0.009619842336358264,233.73019958496093,225.507099609375
2023-12-14,251.0500030517578,253.8800048828125,240.7899932861328,241.22000122070312,160829200,0.04914543063053567,233.5279995727539,225.74849960327148
2023-12-15,253.5,254.1300048828125,248.3000030517578,251.2100067138672,135720800,0.009758999874367902,233.39699981689452,226.06149963378905
2023-12-18,252.0800018310547,258.739990234375,251.36000061035156,253.77999877929688,116416500,-0.005601570686174839,233.22799987792968,226.33294967651366
2023-12-19,257.2200012207031,258.3399963378906,253.00999450683594,253.47999572753906,106737400,0.0203903496997484,233.17899963378906,226.64999969482423
2023-12-20,247.13999938964844,259.8399963378906,247.0,256.4100036621094,125097000,-0.03918825045959673,232.84939971923828,226.94714965820313
2023-12-21,254.5,254.8000030517578,248.5500030517578,251.89999389648438,109594200,0.029780693649462897,232.67959991455078,227.3096496582031
2023-12-22,252.5399932861328,258.2200012207031,251.3699951171875,256.760009765625,93249800,-0.007701401626197146,232.5529998779297,227.70774963378906
2023-12-26,256.6099853515625,257.9700012207031,252.91000366210938,254.49000549316406,86892400,0.01611622781987765,232.6627996826172,228.12359954833985
2023-12-27,261.44000244140625,263.3399963378906,257.5199890136719,258.3500061035156,106494400,0.018822405072142834,232.8131997680664,228.55839958190919
2023-12-28,253.17999267578125,265.1300048828125,252.7100067138672,263.6600036621094,113619900,-0.03159428430420175,232.7797994995117,228.9079995727539
2023-12-29,248.47999572753906,255.19000244140625,247.42999267578125,255.10000610351562,100615300,-0.018563856087399966,232.89579956054686,229.2481495666504
2024-01-02,248.4199981689453,251.25,244.41000366210938,250.0800018310547,104654200,-0.0002414583049958896,233.46199951171874,229.56959953308106
2024-01-03,238.4499969482422,245.67999267578125,236.32000732421875,244.97999572753906,121082600,-0.04013364984377277,233.99119934082032,229.8611994934082
2024-01-04,237.92999267578125,242.6999969482422,237.72999572753906,239.25,102629300,-0.0021807686270334248,234.50819915771484,230.1345994567871
2024-01-05,237.49000549316406,240.1199951171875,234.89999389648438,236.86000061035156,92379400,-0.001849229589212631,234.92759918212892,230.33414947509766
2024-01-08,240.4499969482422,241.25,235.3000030517578,236.13999938964844,85166600,0.012463646412957496,235.48819915771483,230.58064949035645
2024-01-09,234.9600067138672,238.9600067138672,232.0399932861328,238.11000061035156,96705700,-0.02283214932024613,236.07219940185547,230.79434951782227
2024-01-10,233.94000244140625,235.5,231.2899932861328,235.10000610351562,91628500,-0.004341182513256769,236.60499938964844,231.01199951171876
2024-01-11,227.22000122070312,230.92999267578125,225.3699951171875,230.57000732421875,105873600,-0.028725319101363445,237.20219940185547,231.1890495300293
2024-01-12,218.88999938964844,225.33999633789062,217.14999389648438,220.0800018310547,122889000,-0.036660513098772496,237.56319946289062,231.3375495147705
2024-01-16,219.91000366210938,223.49000549316406,212.17999267578125,215.10000610351562,115355000,0.004659894354722027,237.84819946289062,231.46769950866698
2024-01-17,215.5500030517578,215.6699981689453,212.00999450683594,214.86000061035156,103164400,-0.019826295019533036,237.78899963378908,231.5690495300293
2024-01-18,211.8800048828125,217.4499969482422,208.74000549316406,216.8800048828125,108595400,-0.017026203279914,237.62739959716797,231.591149520874
2024-01-19,212.19000244140625,213.19000244140625,207.55999755859375,209.99000549316406,102095800,0.0014630807600990448,237.48579956054687,231.67824951171875
2024-01-22,208.8000030517578,217.8000030517578,206.27000427246094,212.25999450683594,117952500,-0.015976244642273096,237.2181997680664,231.75934951782227
2024-01-23,209.13999938964844,215.64999389648438,207.75,211.3000030517578,106605900,0.0016283349277841364,236.95879974365235,231.8774494934082
2024-01-24,207.8300018310547,212.72999572753906,206.77000427246094,211.8800048828125,123369900,-0.006263735117226887,236.91579986572265,231.9912995147705
2024-01-25,182.6300048828125,193.0,180.05999755859375,189.6999969482422,198076800,-0.12125293136804816,236.2754000854492,231.98189956665038
2024-01-26,183.25,186.77999877929688,182.10000610351562,185.5,107343200,0.0033948152034783963,235.4661999511719,231.96419960021973
2024-01-29,190.92999267578125,191.47999572753906,183.6699981689453,185.6300048828125,125013100,0.04190991910385411,234.5365997314453,232.01614959716798
2024-01-30,191.58999633789062,196.36000061035156,190.61000061035156,195.3300018310547,109982300,0.0034567835721344142,233.5115997314453,232.044599609375
2024-01-31,187.2899932861328,193.97000122070312,185.85000610351562,187.0,103221400,-0.02244377647032403,232.58559967041015,232.05604957580567
2024-02-01,188.86000061035156,189.8800048828125,184.27999877929688,188.5,91843300,0.008382761388752824,231.67679962158203,232.06514961242675
2024-02-02,187.91000366210938,188.69000244140625,182.0,185.0399932861328,110505100,-0.0050301649114266045,230.7229995727539,232.08314964294433
2024-02-05,181.05999755859375,184.67999267578125,175.00999450683594,184.25999450683594,134294400,-0.03645365318513305,229.52019958496095,232.08549964904785
2024-02-06,185.10000610351562,186.49000549316406,177.11000061035156,177.2100067138672,122676000,0.0223130928940527,228.5379995727539,232.19604965209962
2024-02-07,187.5800018310547,189.7899932861328,182.67999267578125,188.17999267578125,111535200,0.01339813963135228,227.58059967041015,232.3085496520996
2024-02-08,189.55999755859375,191.6199951171875,185.5800018310547,189.0,83034000,0.010555473441792307,226.65019958496094,232.44359962463378
2024-02-09,193.57000732421875,194.1199951171875,189.47999572753906,190.17999267578125,84476300,0.021154303741671487,225.58719970703126,232.60809967041016
2024-02-12,188.1300048828125,194.72999572753906,187.27999877929688,192.11000061035156,95498600,-0.028103539988478476,224.46699981689454,232.77999969482423
2024-02-13,184.02000427246094,187.25999450683594,182.11000061035156,183.99000549316406,86759500,-0.021846598116614713,223.34579986572265,232.8991497039795
2024-02-14,188.7100067138672,188.88999938964844,183.35000610351562,185.3000030517578,81203000,0.025486372853585015,222.3433999633789,233.02114974975586
2024-02-15,200.4499969482422,200.8800048828125,188.86000061035156,189.16000366210938,120831800,0.06221180550417671,221.64079986572267,233.2142497253418
2024-02-16,199.9499969482422,203.1699981689453,197.39999389648438,202.05999755859375,111173600,-0.0024943876658132247,220.86539978027344,233.41244972229003
2024-02-20,193.75999450683594,198.60000610351562,189.1300048828125,196.1300048828125,104545800,-0.030957752117438453,219.9531997680664,233.57819969177245
2024-02-21,194.77000427246094,199.44000244140625,191.9499969482422,193.36000061035156,103844000,0.00521268473502845,218.99579986572266,233.74604972839356
2024-02-22,197.41000366210938,198.32000732421875,191.36000061035156,194.0,92739500,0.013554445406056326,218.06720001220702,233.88279975891112
2024-02-23,191.97000122070312,197.57000732421875,191.5,195.30999755859375,78841900,-0.027556873210526134,217.1117999267578,233.98369979858398
2024-02-26,199.39999389648438,201.77999877929688,192.0,192.2899932861328,111747100,0.03870392576202142,216.35959991455078,234.134949798584
2024-02-27,199.72999572753906,205.60000610351562,198.25999450683594,204.0399932861328,108645400,0.0016549741281637331,215.5683999633789,234.29089981079102
2024-02-28,202.0399932861328,205.3000030517578,198.44000244140625,200.4199981689453,99806200,0.01156560160219966,214.5881997680664,234.4406997680664
2024-02-29,201.8800048828125,205.27999877929688,198.4499969482422,204.17999267578125,85907000,-0.0007918650199801869,213.55579986572266,234.61019981384277
2024-03-01,202.63999938964844,204.52000427246094,198.5,200.52000427246094,82099200,0.003764585340074067,212.56699981689454,234.79164978027345
2024-03-04,188.13999938964844,199.75,186.72000122070312,198.72999572753906,134334900,-0.07155546804023882,211.18539978027343,234.89974975585938
2024-03-05,180.74000549316406,184.58999633789062,177.57000732421875,183.0500030517578,119660800,-0.03933237971984138,209.85739990234376,234.93414978027343
2024-03-06,176.5399932861328,181.5800018310547,173.6999969482422,179.99000549316406,107920900,-0.02323786698783792,208.2981997680664,234.93239974975586
2024-03-07,178.64999389648438,180.0399932861328,173.6999969482422,174.35000610351562,102129000,0.011951969472048907,206.82039978027345,234.92494972229005
2024-03-08,175.33999633789062,182.72999572753906,174.6999969482422,181.5,85315300,-0.018527834714126334,205.195,234.85729972839354
2024-03-11,177.77000427246094,182.8699951171875,174.8000030517578,175.4499969482422,85391500,0.013858834181150304,203.5216000366211,234.81729972839355
2024-03-12,177.5399932861328,179.42999267578125,172.41000366210938,177.77000427246094,87391700,-0.0012938683737420131,202.00880004882814,234.7904997253418
2024-03-13,169.47999572753906,176.0500030517578,169.14999389648438,173.0500030517578,106524500,-0.04539820808488959,200.42880004882812,234.71554969787599
2024-03-14,162.5,171.1699981689453,160.50999450683594,167.77000427246094,126325700,-0.04118477639544138,198.7104000854492,234.56219970703125
2024-03-15,163.57000732421875,165.17999267578125,160.75999450683594,163.16000366210938,96971900,0.006584660456730784,197.21280029296875,234.3742497253418
2024-03-18,173.8000030517578,174.72000122070312,165.89999389648438,170.02000427246094,108214400,0.06254200201423088,195.93020050048827,234.2235997772217
2024-03-19,171.32000732421875,172.82000732421875,167.4199981689453,172.36000061035156,77271400,-0.014269250195585559,194.60680053710936,234.04259979248047
2024-03-20,175.66000366210938,176.25,170.82000732421875,173.0,83846700,0.025332688257929448,193.31100067138672,233.8510498046875
2024-03-21,172.82000732421875,178.17999267578125,171.8000030517578,176.38999938964844,73178000,-0.016167575308454918,192.06820068359374,233.62709983825684
2024-03-22,170.8300018310547,171.1999969482422,166.3000030517578,166.69000244140625,75454700,-0.01151490226146512,190.80600067138673,233.37469985961914
2024-03-25,172.6300048828125,175.24000549316406,168.72999572753906,168.75999450683594,74228600,0.010536808713131895,189.7142007446289,233.11499984741212
2024-03-26,177.6699981689453,184.25,177.3800048828125,178.5800018310547,113186200,0.029195349264770964,188.88980072021485,232.82904983520507
2024-03-27,179.8300018310547,181.91000366210938,176.0,181.41000366210938,81804000,0.012157391142962881,188.08820068359375,232.50619987487792
2024-03-28,175.7899932861328,179.57000732421875,175.3000030517578,177.4499969482422,77654800,-0.022465709302040393,187.29300048828125,232.13599983215332
2024-04-01,175.22000122070312,176.75,170.2100067138672,176.1699981689453,81562100,-0.003242460249155976,186.55980041503906,231.71854988098144
2024-04-02,166.6300048828125,167.69000244140625,163.42999267578125,164.75,116650600,-0.049024062767074494,185.64860046386718,231.2677498626709
2024-04-03,168.3800048828125,168.82000732421875,163.27999877929688,164.02000427246094,82950100,0.01050231020055925,184.8402005004883,230.83014991760254
2024-04-04,171.11000061035156,177.19000244140625,168.00999450683594,170.07000732421875,123162000,0.016213301154368365,184.07960052490233,230.38299987792968
2024-04-05,164.89999389648438,170.86000061035156,160.50999450683594,169.0800018310547,141250700,-0.036292482565110196,183.22100036621094,229.83524978637695
2024-04-08,172.97999572753906,174.5,167.7899932861328,169.33999633789062,104423300,0.04899940648952894,183.02800018310546,229.40284980773924
2024-04-09,176.8800048828125,179.22000122070312,171.9199981689453,172.91000366210938,103232700,0.02254601255405486,182.90060028076172,228.9641999053955
2024-04-10,171.75999450683594,174.92999267578125,170.00999450683594,173.0399932861328,84532400,-0.028946236061948905,182.51720031738282,228.5399998474121
2024-04-11,174.60000610351562,175.8800048828125,168.50999450683594,172.5500030517578,94516000,0.01653476762638495,182.1774005126953,228.2077498626709
2024-04-12,171.0500030517578,173.80999755859375,170.36000061035156,172.33999633789062,64506600,-0.020332204625772565,181.8526007080078,227.81194984436036
2024-04-15,161.47999572753906,170.69000244140625,161.3800048828125,170.24000549316406,100245300,-0.05594859487563397,181.30500061035156,227.33814987182618
2024-04-16,157.11000061035156,158.19000244140625,153.75,156.74000549316406,97000000,-0.027062145360474688,180.6890005493164,226.83619987487793
2024-04-17,155.4499969482422,158.3300018310547,153.77999877929688,157.63999938964844,82439700,-0.010565868854054306,180.1768005371094,226.30459991455078
2024-04-18,149.92999267578125,152.1999969482422,148.6999969482422,151.25,96098800,-0.03550983840996058,179.47340026855468,225.6551498413086
2024-04-19,147.0500030517578,150.94000244140625,146.22000122070312,148.97000122070312,86005100,-0.0192088959161848,178.66280029296874,224.97799980163575
2024-04-22,142.0500030517578,144.44000244140625,138.8000030517578,140.55999755859375,107097600,-0.03400203941675628,177.71260040283204,224.30554977416992
2024-04-23,144.67999267578125,147.25999450683594,141.11000061035156,143.3300018310547,124545100,0.018514534090260826,176.73480010986327,223.6567997741699
2024-04-24,162.1300048828125,167.97000122070312,157.50999450683594,162.83999633789062,181178000,0.12061109407252757,176.2148001098633,223.11939987182618
2024-04-25,170.17999267578125,170.8800048828125,158.36000061035156,158.9600067138672,126427500,0.04965143743002587,175.93799987792968,222.62134979248046
2024-04-26,168.2899932861328,172.1199951171875,166.3699951171875,168.85000610351562,109815700,-0.011105884774887609,175.529599609375,222.10284980773926
2024-04-29,194.0500030517578,198.8699951171875,184.5399932861328,188.4199981689453,243869700,0.1530691710339953,175.40159973144532,221.68359985351563
2024-04-30,183.27999877929688,190.9499969482422,182.83999633789062,186.97999572753906,127031800,-0.05550118063944742,175.0681997680664,221.19309982299805
2024-05-01,179.99000549316406,185.86000061035156,179.00999450683594,182.0,92829700,-0.017950640048260635,174.79279998779296,220.6411498260498
2024-05-02,180.00999450683594,184.60000610351562,176.02000427246094,182.86000061035156,89148000,0.0001110562423569661,174.49759979248046,220.07449981689453
2024-05-03,181.19000244140625,184.77999877929688,178.4199981689453,182.10000610351562,75491500,0.006555235656792835,174.1731997680664,219.52414978027343
2024-05-06,184.75999450683594,187.55999755859375,182.1999969482422,183.8000030517578,84390300,0.019703030064167848,174.02899963378906,219.1334497833252
2024-05-07,177.80999755859375,183.25999450683594,177.39999389648438,182.39999389648438,75045900,-0.03761635178001177,173.59719970703125,218.7223998260498
2024-05-08,174.72000122070312,176.05999755859375,170.14999389648438,171.58999633789062,79969500,-0.017378079862311324,173.09699981689454,218.25069984436035
2024-05-09,171.97000122070312,175.6199951171875,171.3699951171875,175.00999450683594,65950300,-0.01573946875450305,172.49559997558595,217.78414985656738
2024-05-10,168.47000122070312,173.05999755859375,167.75,173.0500030517578,72627200,-0.02035238689978358,171.82739990234376,217.30474983215333
2024-05-13,171.88999938964844,175.39999389648438,169.0,170.0,67018900,0.020300339194899042,171.21239990234375,216.88564979553223
2024-05-14,177.5500030517578,179.49000549316406,174.07000732421875,174.5,86407400,0.03292805679333921,171.00059997558594,216.441199798584
2024-05-15,173.99000549316406,180.0,173.11000061035156,179.89999389648438,79663000,-0.02005067585133169,170.86559997558595,215.9739998626709
2024-05-16,174.83999633789062,175.7899932861328,171.42999267578125,174.10000610351562,59812200,0.004885285464054867,170.8316000366211,215.54284980773926
2024-05-17,177.4600067138672,179.6300048828125,172.75,173.5500030517578,77445800,0.014985188920464187,170.80780029296875,215.15959983825684
2024-05-20,174.9499969482422,177.75,173.52000427246094,177.55999755859375,61727400,-0.014144086952910362,170.8000003051758,214.73774978637695
2024-05-21,186.60000610351562,186.8800048828125,174.7100067138672,175.50999450683594,115266500,0.06659050790792542,170.97660034179688,214.40144981384276
2024-05-22,180.11000061035156,183.8000030517578,178.1199951171875,182.85000610351562,88313500,-0.03478030697150003,171.02800048828124,214.04474983215331
2024-05-23,173.74000549316406,181.89999389648438,173.25999450683594,181.8000030517578,71975500,-0.03536724832380789,171.11320068359376,213.66494987487792
2024-05-24,179.24000549316406,180.0800018310547,173.72999572753906,174.83999633789062,65479700,0.03165649721483632,171.44800079345703,213.3501998901367
2024-05-28,176.75,178.25,173.16000366210938,176.39999389648438,59736600,-0.01389201861667555,171.71160064697267,213.00724990844728
2024-05-29,176.19000244140625,178.14999389648438,173.92999267578125,174.19000244140625,54782600,-0.0031683030189180172,171.75940063476563,212.67494995117187
2024-05-30,178.7899932861328,182.6699981689453,175.3800048828125,178.5800018310547,77784800,0.014756744473008343,171.90880035400392,212.37009994506835
2024-05-31,178.0800018310547,180.32000732421875,173.82000732421875,178.5,67314600,-0.003971091681523098,171.9572003173828,212.09569992065428
2024-06-03,176.2899932861328,182.63999938964844,174.49000549316406,178.1300048828125,68568900,-0.0100517100545634,172.0266000366211,211.84914985656738
2024-06-04,174.77000427246094,177.75999450683594,174.0,174.77999877929688,60056300,-0.008622094682395387,172.10540008544922,211.62689987182617
2024-06-05,175.0,176.14999389648438,172.1300048828125,175.35000610351562,57953800,0.0013159908560766986,172.15279998779297,211.42444984436034
2024-06-06,177.94000244140625,179.72999572753906,172.72999572753906,174.60000610351562,69887000,0.01680001395089281,172.1582000732422,211.1577498626709
2024-06-07,177.47999572753906,179.35000610351562,175.5800018310547,176.1300048828125,56244900,-0.0025851787543875737,172.11119995117187,210.87919982910157
2024-06-10,173.7899932861328,178.57000732421875,173.1699981689453,176.05999755859375,50869700,-0.020791089307163446,172.07119995117188,210.56384979248048
2024-06-11,170.66000366210938,174.75,167.41000366210938,173.9199981689453,64761900,-0.018010183238054034,171.98,210.26694984436034
2024-06-12,177.2899932861328,180.5500030517578,169.8000030517578,171.1199951171875,90389400,0.03884911216309472,172.1931997680664,209.96044982910155
2024-06-13,182.47000122070312,191.0800018310547,181.22999572753906,188.38999938964844,118984100,0.029217711832219218,172.47499969482422,209.67869979858398
2024-06-14,178.00999450683594,186.0,176.9199981689453,185.8000030517578,82038200,-0.024442410719736185,172.6129995727539,209.28284980773927
2024-06-17,187.44000244140625,188.80999755859375,177.0,177.9199981689453,109786100,0.052974598199923895,173.06379974365234,208.93554985046387
2024-06-18,184.86000061035156,187.1999969482422,182.3699951171875,186.55999755859375,68982300,-0.013764414198944475,173.30139984130858,208.5694499206543
2024-06-20,181.57000732421875,185.2100067138672,179.66000366210938,184.67999267578125,55893100,-0.017797215597047833,173.39519989013672,208.2522499847412
2024-06-21,183.00999450683594,183.9499969482422,180.69000244140625,182.3000030517578,63029500,0.00793075466503601,173.62019989013672,207.8848500061035
2024-06-24,182.5800018310547,188.8000030517578,182.5500030517578,184.97000122070312,61992100,-0.0023495584322592578,173.7797998046875,207.53815002441405
2024-06-25,187.35000610351562,187.97000122070312,182.00999450683594,184.39999389648438,63678300,0.026125557150967316,174.10579986572264,207.21745002746582
2024-06-26,196.3699951171875,197.75999450683594,186.36000061035156,186.5399932861328,95737100,0.04814512260377568,174.80359985351564,206.95680000305177
2024-06-27,197.4199981689453,198.72000122070312,194.0500030517578,195.1699981689453,72746500,0.0053470646120412635,175.6097998046875,206.57600006103516
2024-06-28,197.8800048828125,203.1999969482422,195.25999450683594,199.5500030517578,95438100,0.002330091774560339,176.4583999633789,206.2280000305176
2024-07-01,209.86000061035156,213.22999572753906,200.85000610351562,201.02000427246094,135691400,0.060541719385108106,177.65700012207031,205.9208000946045
2024-07-02,231.25999450683594,231.3000030517578,218.05999755859375,218.88999938964844,205047900,0.10197271435359379,179.3411999511719,205.69690002441405
2024-07-03,246.38999938964844,248.35000610351562,234.25,234.55999755859375,166561500,0.06542422054051067,181.4279998779297,205.5568999481201
2024-07-05,251.52000427246094,252.3699951171875,242.4600067138672,249.80999755859375,154501200,0.02082067005771515,183.56480010986328,205.48809997558592
2024-07-08,252.94000244140625,259.44000244140625,244.57000732421875,247.7100067138672,157219600,0.005645666924397386,185.38100006103517,205.42029998779296
2024-07-09,262.3299865722656,265.6099853515625,250.3000030517578,251.0,160210900,0.03712336538398886,187.22399993896485,205.41899993896484
2024-07-10,263.260009765625,267.5899963378906,257.8599853515625,262.79998779296875,128519400,0.003545241645880992,189.1234002685547,205.45680000305177
2024-07-11,241.02999877929688,271.0,239.64999389648438,263.29998779296875,221707300,-0.08444127539962887,190.06300018310546,205.43754997253419
2024-07-12,248.22999572753906,251.83999633789062,233.08999633789062,235.8000030517578,155955800,0.029871787680814776,191.3620001220703,205.44374992370606
2024-07-15,252.63999938964844,265.6000061035156,251.72999572753906,255.97000122070312,146912900,0.01776579679334911,192.815,205.48634994506835
2024-07-16,256.55999755859375,258.6199951171875,245.8000030517578,255.30999755859375,126332500,0.015516142251486675,194.34600006103517,205.56664993286134
2024-07-17,248.5,258.4700012207031,246.17999267578125,252.72999572753906,115584800,-0.031415644041518975,195.69220001220702,205.57724990844727
2024-07-18,249.22999572753906,257.1400146484375,247.1999969482422,251.08999633789062,110869000,0.002937608561525362,196.9816000366211,205.57229988098143
2024-07-19,239.1999969482422,249.44000244140625,236.8300018310547,247.7899932861328,87403900,-0.040243947162209914,198.20940002441407,205.51029983520507
2024-07-22,251.50999450683594,253.2100067138672,243.75,244.2100067138672,101225400,0.05146320115237035,199.74519989013672,205.53519981384278
2024-07-23,246.3800048828125,255.75999450683594,245.6300048828125,253.60000610351562,111928200,-0.020396762498772203,201.2333999633789,205.46129981994628
2024-07-24,215.99000549316406,225.99000549316406,214.7100067138672,225.4199981689453,167942900,-0.12334604589403697,202.18380004882812,205.24099990844726
2024-07-25,220.25,226.0,216.22999572753906,216.8000030517578,100636500,0.01972310939623889,203.15100006103515,205.0395999145508
2024-07-26,219.8000030517578,222.27999877929688,215.3300018310547,221.19000244140625,94604100,-0.0020431189477511102,203.99600006103515,204.8402498626709
2024-07-29,232.10000610351562,234.27000427246094,224.6999969482422,224.89999389648438,129201800,0.055959976710561854,205.1582000732422,204.68264991760253
2024-07-30,222.6199951171875,232.41000366210938,220.0,232.25,100560300,-0.04084450985365373,206.11380004882812,204.4807999420166
2024-07-31,232.07000732421875,234.67999267578125,226.7899932861328,227.89999389648438,67497000,0.04244907202543402,207.20600006103516,204.34680000305175
2024-08-01,216.86000061035156,231.8699951171875,214.3300018310547,227.69000244140625,83861900,-0.06554059651757449,208.04420013427733,204.17550003051758
2024-08-02,207.6699981689453,216.1300048828125,205.77999877929688,214.8800048828125,82880100,-0.042377581921705376,208.46559997558595,203.94425003051757
2024-08-05,198.8800048828125,203.8800048828125,182.0,185.22000122070312,100308800,-0.04232673647438423,208.84100006103515,203.66440002441405
2024-08-06,200.63999938964844,202.89999389648438,192.6699981689453,200.75,73783900,0.008849529684359148,209.37899993896485,203.4542000579834
2024-08-07,191.75999450683594,203.49000549316406,191.47999572753906,200.77000427246094,71159800,-0.044258397676563366,209.62939971923828,203.31245002746581
2024-08-08,198.83999633789062,200.6999969482422,192.0399932861328,195.6999969482422,65033900,0.036921162045623124,210.0711996459961,203.24669998168946
2024-08-09,200.0,200.8800048828125,195.11000061035156,197.0500030517578,58648300,0.005833854775063374,210.54739959716798,203.1862999725342
2024-08-12,197.49000549316406,199.25999450683594,194.6699981689453,199.02000427246094,64044900,-0.012549972534179665,210.92139984130858,203.0911499786377
2024-08-13,207.8300018310547,208.49000549316406,197.05999755859375,198.47000122070312,76247400,0.05235706137163754,211.51639984130858,203.06819999694824
2024-08-14,201.3800048828125,208.44000244140625,198.75,207.38999938964844,70250000,-0.0310349655555765,212.01820007324218,203.04630004882813
2024-08-15,214.13999938964844,215.8800048828125,204.82000732421875,205.02000427246094,89848500,0.06336276788880446,212.80559997558595,203.08050003051758
2024-08-16,216.1199951171875,219.8000030517578,210.8000030517578,211.14999389648438,88765100,0.009246267550119258,213.62799987792968,203.17430000305177
2024-08-19,222.72000122070312,222.97999572753906,214.08999633789062,217.07000732421875,76435200,0.030538618603692225,214.52359985351563,203.2837000274658
2024-08-20,221.10000610351562,228.22000122070312,219.55999755859375,224.8800048828125,74001200,-0.007273684933137958,215.39600006103515,203.36090003967286
2024-08-21,223.27000427246094,224.66000366210938,218.86000061035156,222.6699981689453,70146000,0.009814554993405888,216.3856002807617,203.38470008850098
2024-08-22,210.66000366210938,224.8000030517578,210.32000732421875,223.82000732421875,79514500,-0.056478704568676985,217.18560028076172,203.33820007324218
2024-08-23,220.32000732421875,221.47999572753906,214.2100067138672,214.4600067138672,81525200,0.04585589810206048,218.04620056152345,203.343450088501
2024-08-26,213.2100067138672,219.08999633789062,211.00999450683594,218.75,59301200,-0.0322712435275504,218.66100067138672,203.2986001586914
2024-08-27,209.2100067138672,215.66000366210938,206.94000244140625,213.25,62821400,-0.018760845523390857,219.28500091552735,203.234100189209
2024-08-28,205.75,211.83999633789062,202.58999633789062,209.72000122070312,64116400,-0.01653843794670573,219.6512008666992,203.21295021057128
2024-08-29,206.27999877929688,214.88999938964844,205.97000122070312,209.8000030517578,62308800,0.002575935743848623,220.07960083007814,203.17110023498535
2024-08-30,214.11000061035156,214.57000732421875,207.02999877929688,208.6300048828125,63370600,0.03795812428442069,220.73040069580077,203.12310020446776
2024-09-03,210.60000610351562,219.89999389648438,209.63999938964844,215.25999450683594,76714200,-0.016393416920415627,221.28220092773438,202.9890502166748
2024-09-04,219.41000366210938,222.22000122070312,210.57000732421875,210.58999633789062,80651800,0.04183284569452206,222.01880096435548,202.8719002532959
2024-09-05,230.1699981689453,235.0,222.25,223.49000549316406,119355000,0.04904058305110959,222.87520080566406,202.85480026245116
2024-09-06,210.72999572753906,233.60000610351562,210.50999450683594,232.60000610351562,112177000,-0.0844593239607937,223.1624008178711,202.73695022583007
2024-09-09,216.27000427246094,219.8699951171875,213.6699981689453,216.1999969482422,67443500,0.026289605928169646,223.5394009399414,202.6403002166748
2024-09-10,226.1699981689453,226.39999389648438,218.63999938964844,220.07000732421875,78891100,0.04577608406578748,224.10520080566405,202.56515022277833
2024-09-11,228.1300048828125,228.47000122070312,216.8000030517578,224.5500030517578,83548600,0.008666077418469476,224.4706008911133,202.53475021362306
2024-09-12,229.80999755859375,231.4499969482422,223.8300018310547,224.66000366210938,72020000,0.007364189890953776,224.44160095214843,202.5065502166748
2024-09-13,230.2899932861328,232.6699981689453,226.32000732421875,228.0,59515100,0.0020886633855721204,224.11960083007813,202.4776001739502
2024-09-16,226.77999877929688,229.9600067138672,223.52999877929688,229.3000030517578,54323000,-0.015241628421408637,223.62480072021484,202.37790016174316
2024-09-17,227.8699951171875,234.57000732421875,226.5500030517578,229.4499969482422,66761600,0.004806404196833203,223.12340057373046,202.29655014038087
2024-09-18,227.1999969482422,235.67999267578125,226.8800048828125,230.08999633789062,78010200,-0.0029402649901351108,222.42080078125,202.2321501159668
2024-09-19,243.9199981689453,244.24000549316406,232.1300048828125,234.0,102694600,0.07359155565707187,222.0340005493164,202.25760009765625
2024-09-20,238.25,243.99000549316406,235.9199981689453,241.52000427246094,99879100,-0.02324531900421767,221.97840057373048,202.27095008850097
2024-09-23,250.0,250.0,241.9199981689453,242.61000061035156,86927200,0.04931794333683115,222.01380065917968,202.32735008239746
2024-09-24,254.27000427246094,257.19000244140625,249.0500030517578,254.0800018310547,88491000,0.017080017089843746,222.04640075683594,202.40185012817383
2024-09-25,257.0199890136719,257.04998779296875,252.27999877929688,252.5399932861328,65034300,0.010815214909361437,222.0556005859375,202.47375007629395
2024-09-26,254.22000122070312,261.75,251.52999877929688,260.6000061035156,67142200,-0.01089404681602335,222.17000061035156,202.52565010070802
2024-09-27,260.4599914550781,260.70001220703125,254.1199951171875,257.3800048828125,70988100,0.024545630573566513,222.39460052490233,202.62925003051757
2024-09-30,261.6300048828125,264.8599853515625,255.77000427246094,259.0400085449219,80705700,0.004492104223754234,222.84320068359375,202.75235008239747
2024-10-01,258.0199890136719,263.9800109863281,248.52999877929688,262.6700134277344,87397600,-0.013798172234708361,222.97340057373046,202.84600006103517
2024-10-02,249.02000427246094,251.16000366210938,241.5,247.5500030517578,93983900,-0.03488095932262847,223.02620056152344,202.83585006713867
2024-10-03,240.66000366210938,249.7899932861328,237.80999755859375,244.47999572753906,80729200,-0.03357160254966751,223.51960052490233,202.7716500854492
2024-10-04,250.0800018310547,250.9600067138672,244.5800018310547,246.69000244140625,86573200,0.03914235030998814,224.11620056152344,202.76165008544922
2024-10-07,240.8300018310547,249.8300018310547,240.6999969482422,249.0,68113300,-0.03698816351676526,224.53680053710937,202.67970008850097
2024-10-08,244.5,246.2100067138672,240.55999755859375,243.55999755859375,56303200,0.015238957526229946,224.78480041503906,202.66650009155273
2024-10-09,241.0500030517578,247.42999267578125,239.50999450683594,243.82000732421875,66289500,-0.014110416966225725,225.15340057373047,202.59925010681152
2024-10-10,238.77000427246094,242.7899932861328,232.33999633789062,241.80999755859375,83087100,-0.009458613360014412,225.2874005126953,202.53040016174316
2024-10-11,217.8000030517578,223.33999633789062,214.3800048828125,220.1300048828125,142628900,-0.08782510719719305,225.30620056152344,202.33635025024415
2024-10-14,219.16000366210938,221.91000366210938,213.74000549316406,220.1300048828125,86291900,0.00624426350457119,225.53600067138672,202.12495025634766
2024-10-15,219.57000732421875,224.25999450683594,217.1199951171875,220.00999450683594,62988800,0.0018707960177875016,225.94980072021485,201.95690032958984
2024-10-16,221.3300018310547,222.82000732421875,218.92999267578125,221.39999389648438,49632800,0.008015641700267029,226.36360076904296,201.82115036010742
2024-10-17,220.88999938964844,222.0800018310547,217.89999389648438,221.58999633789062,50791800,-0.001987992760882462,226.94620086669923,201.68350036621095
2024-10-18,220.6999969482422,222.27999877929688,219.22999572753906,220.7100067138672,49611900,-0.0008601676940163117,227.38340087890626,201.59475036621095
2024-10-21,218.85000610351562,220.47999572753906,215.72999572753906,218.89999389648438,47329000,-0.008382378207102636,227.76040100097657,201.4993504333496
2024-10-22,217.97000122070312,218.22000122070312,215.25999450683594,217.30999755859375,43268700,-0.004021041161846095,228.17000091552734,201.4017504119873
2024-10-23,213.64999389648438,218.72000122070312,212.11000061035156,217.1300048828125,80938900,-0.019819274670942355,228.28640075683595,201.2677503967285
2024-10-24,260.4800109863281,262.1199951171875,242.64999389648438,244.67999267578125,204491900,0.21919035070290427,229.46840087890624,201.39535041809083
2024-10-25,269.19000244140625,269.489990234375,255.32000732421875,256.010009765625,161611900,0.03343823359841336,230.5694009399414,201.5716004180908
2024-10-28,262.510009765625,273.5400085449219,262.239990234375,270.0,107653600,-0.024815158866218545,231.49720123291016,201.74805046081542
2024-10-29,259.5199890136719,264.9800109863281,255.50999450683594,264.510009765625,80521800,-0.01139012091242797,232.23320098876954,201.95120040893553
2024-10-30,257.54998779296875,263.3500061035156,255.82000732421875,258.0400085449219,53993600,-0.007590942139718337,232.96220062255858,202.13940032958985
2024-10-31,249.85000610351562,259.75,249.25,257.989990234375,66575300,-0.029897037679701755,233.4938006591797,202.31090034484862
2024-11-01,248.97999572753906,254.0,246.6300048828125,252.0399932861328,57544800,-0.003482130697311625,234.26020050048828,202.49640029907226
2024-11-04,242.83999633789062,248.89999389648438,238.8800048828125,244.55999755859375,68802400,-0.024660613282231236,234.71060028076172,202.6496502685547
2024-11-05,251.44000244140625,255.27999877929688,246.2100067138672,247.33999633789062,69282500,0.03541429020427711,235.4752001953125,202.86285026550294
2024-11-06,288.5299987792969,289.5899963378906,275.6199951171875,284.6700134277344,165228700,0.14751032444224466,237.0616000366211,203.25980026245117
2024-11-07,296.9100036621094,299.75,285.5199890136719,288.8900146484375,117309200,0.02904379065700735,238.88480010986328,203.70520027160646
2024-11-08,321.2200012207031,328.7099914550781,297.6600036621094,299.1400146484375,204782800,0.08187665372925301,241.1836001586914,204.3981502532959
2024-11-11,350.0,358.6400146484375,336.0,346.29998779296875,210521600,0.08959591143118995,243.90140014648438,205.2319002532959
2024-11-12,328.489990234375,345.8399963378906,323.30999755859375,342.739990234375,155726000,-0.06145717075892854,246.25919982910156,205.91970024108886
2024-11-13,330.239990234375,344.6000061035156,322.5,335.8500061035156,125405600,0.005327407385385952,248.47579956054688,206.61295021057128
2024-11-14,311.17999267578125,329.9800109863281,310.3699951171875,327.69000244140625,120726100,-0.05771559508909463,250.0959994506836,207.23240020751953
2024-11-15,320.7200012207031,324.67999267578125,309.2200012207031,310.57000732421875,114440300,0.030657525449785616,252.29579956054687,207.8917002105713
2024-11-18,338.739990234375,348.54998779296875,330.010009765625,340.7300109863281,126547500,0.056186046847983784,254.74519927978517,208.64585014343263
2024-11-19,346.0,347.3800048828125,332.75,335.760009765625,88852500,0.021432396454288627,257.14179931640626,209.47055015563964
2024-11-20,342.0299987792969,346.6000061035156,334.29998779296875,345.0,66340700,-0.011473991967350106,259.41979919433595,210.25520011901855
2024-11-21,339.6400146484375,347.989990234375,335.2799987792969,343.80999755859375,58011700,-0.006987644766217049,261.6163995361328,211.01550018310547
2024-11-22,352.55999755859375,361.5299987792969,337.70001220703125,341.0899963378906,89140700,0.038040225983177356,264.06179962158205,211.83050018310547
2024-11-25,338.5899963378906,361.92999267578125,338.20001220703125,360.1400146484375,95890900,-0.039624464821427674,266.2979995727539,212.55560012817384
2024-11-26,338.2300109863281,346.9599914550781,335.6600036621094,341.0,62295900,-0.001063189566898104,268.50519989013674,213.3061001586914
2024-11-27,332.8900146484375,342.54998779296875,326.5899963378906,341.79998779296875,57896400,-0.015788061864523528,270.61900024414064,214.05045021057128
2024-11-29,345.1600036621094,345.45001220703125,334.6499938964844,336.0799865722656,37167600,0.03685898787510977,272.64380035400393,214.8327001953125
2024-12-02,357.0899963378906,360.0,351.1499938964844,352.3800048828125,77986500,0.034563659025395044,275.0206002807617,215.61590019226074
2024-12-03,351.4200134277344,355.69000244140625,348.20001220703125,351.79998779296875,58267200,-0.01587830229999254,277.0490005493164,216.3732502746582
2024-12-04,357.92999267578125,358.1000061035156,348.6000061035156,353.0,50810900,0.018524782309774723,279.1222003173828,217.19410026550293
2024-12-05,369.489990234375,375.42999267578125,359.5,359.8699951171875,81403600,0.03229681165351517,281.37160034179686,218.0677001953125
2024-12-06,389.2200012207031,389.489990234375,370.79998779296875,377.4200134277344,81455800,0.053397958017247005,284.07160034179685,219.02675018310546
2024-12-09,389.7900085449219,404.79998779296875,378.010009765625,397.6099853515625,96359200,0.0014644862094215227,286.65820068359375,220.01585021972656
2024-12-10,400.989990234375,409.7300109863281,390.8500061035156,392.67999267578125,97563600,0.02873337295448497,289.445400390625,221.023800201416
2024-12-11,424.7699890136719,424.8800048828125,402.3800048828125,409.70001220703125,104287600,0.05930322291934931,292.780400390625,222.14900016784668
2024-12-12,418.1000061035156,429.29998779296875,415.0,424.8399963378906,87752200,-0.015702575706076027,296.1620004272461,223.2293002319336
2024-12-13,436.2300109863281,436.29998779296875,415.7099914550781,420.0,89000200,0.04336284290396253,300.07340057373045,224.40105026245118
2024-12-16,463.0199890136719,463.19000244140625,436.1499938964844,441.0899963378906,114083800,0.06141250567967771,304.3322003173828,225.7029502105713
2024-12-17,479.8599853515625,483.989990234375,457.510009765625,475.8999938964844,131223000,0.036369912179738284,309.112799987793,227.16155014038085
2024-12-18,440.1300048828125,488.5400085449219,427.010009765625,466.5,149340800,-0.0827949436951747,313.02540008544923,228.4585001373291
2024-12-19,436.1700134277344,456.3599853515625,420.0199890136719,451.8800048828125,118566100,-0.008997322180141931,316.92780029296875,229.7566502380371
2024-12-20,421.05999755859375,447.0799865722656,417.6400146484375,425.510009765625,132216200,-0.034642491239586515,320.5736001586914,230.96870025634766
2024-12-23,430.6000061035156,434.510009765625,415.4100036621094,431.0,72698100,0.022657123925894362,324.82960021972656,232.24500030517578
2024-12-24,462.2799987792969,462.7799987792969,435.1400146484375,435.8999938964844,59551800,0.07357174228224572,329.69200012207034,233.66755027770995
2024-12-26,454.1300048828125,465.3299865722656,451.0199890136719,465.1600036621094,76366400,-0.017629994630971146,334.38320007324216,235.05050033569336
2024-12-27,431.6600036621094,450.0,426.5,449.5199890136719,82666800,-0.04947922616674816,338.5898001098633,236.3614003753662
2024-12-30,417.4100036621094,427.0,415.75,419.3999938964844,64941000,-0.03301209257078741,342.5202001953125,237.63595039367675
2024-12-31,403.8399963378906,427.92999267578125,402.5400085449219,423.7900085449219,76825100,-0.03251001941775111,346.1830001831055,238.8373003387451
2025-01-02,379.2799987792969,392.7300109863281,373.0400085449219,390.1000061035156,109710700,-0.06081615932376483,349.39160003662107,239.8647003173828
2025-01-03,410.44000244140625,411.8800048828125,379.45001220703125,381.4800109863281,95423300,0.08215567328200035,353.24100006103515,241.06030029296875
2025-01-06,411.04998779296875,426.42999267578125,401.70001220703125,423.20001220703125,85516500,0.0014861742226248698,357.18899993896486,242.23725021362304
2025-01-07,394.3599853515625,414.3299865722656,390.0,405.8299865722656,75699500,-0.040603340073111505,359.86659942626954,243.34495010375977
2025-01-08,394.94000244140625,402.5,387.3999938964844,392.95001220703125,73038800,0.0014707807875757872,362.38159942626953,244.46550010681153
2025-01-10,394.739990234375,399.2799987792969,377.2900085449219,391.3999938964844,62287300,-0.0005064369418008585,365.02619903564454,245.57605003356935
2025-01-13,403.30999755859375,403.7900085449219,380.07000732421875,383.2099914550781,67580500,0.021710512074366584,367.901999206543,246.70425003051758
2025-01-14,396.3599853515625,422.6400146484375,394.5400085449219,414.3399963378906,84565000,-0.017232432245921525,370.67819915771486,247.78689994812012
2025-01-15,428.2200012207031,429.79998779296875,405.6600036621094,409.8999938964844,81375500,0.08038151439752794,374.24559906005857,249.04904998779296
2025-01-16,413.82000732421875,424.0,409.1300048828125,423.489990234375,68335200,-0.03362756026209679,377.5423992919922,250.24205001831055
2025-01-17,426.5,439.739990234375,419.75,421.5,94991400,0.030641323404759335,381.21559936523437,251.54139999389648
2025-01-21,424.07000732421875,433.20001220703125,406.30999755859375,432.6400146484375,87320900,-0.00569752092797482,384.66819946289064,252.8198500061035
2025-01-22,415.1099853515625,428.0,414.5899963378906,416.80999755859375,60963300,-0.021128638710367298,387.1997991943359,254.03984992980958
2025-01-23,412.3800048828125,420.7300109863281,408.95001220703125,416.05999755859375,50690600,-0.006576523247056931,389.50919921875,255.27724998474122
2025-01-24,406.5799865722656,418.8800048828125,405.7799987792969,414.45001220703125,56427100,-0.014064741844588391,391.2163989257813,256.4452499389648
2025-01-27,397.1499938964844,406.69000244140625,389.0,394.79998779296875,58125500,-0.023193450212053546,392.1593988037109,257.5465998840332
2025-01-28,398.0899963378906,400.5899963378906,386.5,396.9100036621094,48910700,0.0023668700890153715,393.55139892578126,258.6782498931885
2025-01-29,389.1000061035156,398.5899963378906,384.4800109863281,395.2099914550781,68033600,-0.02258280870425211,394.72859924316407,259.75074989318847
2025-01-30,400.2799987792969,412.5,384.4100036621094,410.7799987792969,98092900,0.028732954254456988,396.5105993652344,260.8968998718262
2025-01-31,404.6000061035156,419.989990234375,401.3399963378906,401.5299987792969,83568200,0.010792463618949588,398.1881994628906,262.1124999237061
2025-02-03,383.67999267578125,389.1700134277344,374.3599853515625,386.67999267578125,93732100,-0.05170542044525339,399.0869995117188,263.2453498840332
2025-02-04,392.2099914550781,394.0,381.3999938964844,382.6300048828125,57072200,0.022232065633156273,400.0111993408203,264.4291498565674
2025-02-05,378.1700134277344,388.3900146484375,375.5299987792969,387.510009765625,57223300,-0.035797094243459227,400.73399963378904,265.5703499603271
2025-02-06,374.32000732421875,375.3999938964844,363.17999267578125,373.0299987792969,77918200,-0.010180622383618276,401.4275994873047,266.70669998168944
2025-02-07,361.6199951171875,380.54998779296875,360.3399963378906,370.19000244140625,70298300,-0.0339282217314959,401.6087994384766,267.8045499420166
2025-02-10,350.7300109863281,362.70001220703125,350.510009765625,356.2099914550781,77514900,-0.030114441341470455,401.85159973144533,268.8348000335693
2025-02-11,328.5,349.3699951171875,325.1000061035156,345.79998779296875,118543400,-0.06338211812502892,401.65699951171877,269.66665000915526
2025-02-12,336.510009765625,346.3999938964844,329.1199951171875,329.94000244140625,105382700,0.0243835913717656,401.7293994140625,270.4983000946045
2025-02-13,355.94000244140625,358.69000244140625,342.8500061035156,345.0,89441500,0.05773971683431944,401.94499938964844,271.43655014038086
2025-02-14,355.8399963378906,362.0,347.5,360.6199951171875,68277300,-0.0002809633725618932,401.9199993896484,272.2455001068115
2025-02-18,354.1099853515625,359.1000061035156,350.0199890136719,355.010009765625,51631700,-0.004861766535893763,401.973798828125,273.09965003967284
2025-02-19,360.55999755859375,367.3399963378906,353.6700134277344,354.0,67094400,0.018214714280444966,402.0263989257812,274.0025
2025-02-20,354.3999938964844,362.29998779296875,348.0,361.510009765625,45965400,-0.01708454543992588,401.72459899902344,274.8744499969482
2025-02-21,337.79998779296875,354.9800109863281,334.4200134277344,353.44000244140625,74058600,-0.046839747148427646,400.6961987304687,275.65749992370604
2025-02-24,330.5299987792969,342.3999938964844,324.70001220703125,338.1400146484375,76052300,-0.021521578674915554,399.51099853515626,276.38634994506833
2025-02-25,302.79998779296875,328.8900146484375,297.25,327.0199890136719,134228800,-0.0838955952220366,397.5471984863281,277.01129989624025
2025-02-26,290.79998779296875,309.0,288.0400085449219,303.7099914550781,100118300,-0.039630120487999076,394.86779846191405,277.5916998291016
2025-02-27,281.95001220703125,297.2300109863281,280.8800048828125,291.1600036621094,101748200,-0.030433204805490277,392.14479858398437,278.1415998840332
2025-02-28,292.9800109863281,293.8800048828125,273.6000061035156,279.5,115697000,0.03912040539724382,389.27979858398436,278.7641499328613
2025-03-03,284.6499938964844,303.94000244140625,277.29998779296875,300.3399963378906,115551400,-0.02843203214376444,385.71239868164065,279.3279499053955
2025-03-04,272.0400085449219,284.3500061035156,261.8399963378906,270.92999267578125,126706600,-0.04429996705409467,381.5559991455078,279.80039993286135
2025-03-05,279.1000061035156,279.54998779296875,267.7099914550781,272.9200134277344,94042900,0.025952056083059283,378.33539916992186,280.32594993591306
2025-03-06,263.45001220703125,272.6499938964844,260.0199890136719,272.05999755859375,98451600,-0.056073068986891905,374.8809991455078,280.76900001525877
2025-03-07,262.6700134277344,266.25,250.72999572753906,259.32000732421875,102369600,-0.0029607088371812473,371.7131994628906,281.19505004882814
2025-03-10,222.14999389648438,253.3699951171875,220.0,252.5399932861328,189076900,-0.1542620682219512,367.54419921875,281.43105003356936
2025-03-11,230.5800018310547,237.05999755859375,217.02000427246094,225.30999755859375,174896400,0.037947369642955975,362.91019927978516,281.65095001220703
2025-03-12,248.08999633789062,251.83999633789062,241.10000610351562,247.22000122070312,142215700,0.0759389121683911,358.7893991088867,281.9908499908447
2025-03-13,240.67999267578125,248.2899932861328,232.60000610351562,248.1300048828125,114813500,-0.02986820819658198,354.96979888916013,282.3255499267578
2025-03-14,249.97999572753906,251.5800018310547,240.72999572753906,247.30999755859375,100242300,0.038640532386444715,351.62119873046873,282.6792498779297
2025-03-17,238.00999450683594,245.39999389648438,232.8000030517578,245.05999755859375,111900600,-0.04788383640805238,348.30459869384765,282.9855498504639
2025-03-18,225.30999755859375,230.10000610351562,222.27999877929688,228.16000366210938,111477600,-0.05335909096824687,345.2251986694336,283.23114982604983
2025-03-19,235.86000061035156,241.41000366210938,229.1999969482422,231.61000061035156,111993800,0.046824389357219776,341.7335986328125,283.5164998626709
2025-03-20,236.25999450683594,238.0,230.0500030517578,233.35000610351562,99028300,0.0016958954271570903,338.2377987670898,283.8073998260498
2025-03-21,248.7100067138672,249.52000427246094,234.5500030517578,234.99000549316406,132211300,0.05269623506518384,335.3247991943359,284.16949989318846
